date,store,item,sales
2023-01-01,1,1,1
2023-01-02,1,1,1
2023-01-03,1,1,1
2023-01-04,1,1,1
2023-01-05,1,1,1
2023-01-06,1,1,1
2023-01-07,1,1,1
2023-01-08,1,1,2
2023-01-09,1,1,1
2023-01-10,1,1,0
2023-01-11,1,1,1
2023-01-12,1,1,1
2023-01-13,1,1,1
2023-01-14,1,1,1
2023-01-15,1,1,1
2023-01-16,1,1,1
2023-01-17,1,1,0
2023-01-18,1,1,1
2023-01-19,1,1,0
2023-01-20,1,1,1
2023-01-21,1,1,1
2023-01-22,1,1,1
2023-01-23,1,1,1
2023-01-24,1,1,1
2023-01-25,1,1,1
2023-01-26,1,1,1
2023-01-27,1,1,2
2023-01-28,1,1,1
2023-01-29,1,1,1
2023-01-30,1,1,1
2023-01-31,1,1,1
2023-02-01,1,1,1
2023-02-02,1,1,1
2023-02-03,1,1,1
2023-02-04,1,1,1
2023-02-05,1,1,1
2023-02-06,1,1,0
2023-02-07,1,1,1
2023-02-08,1,1,1
2023-02-09,1,1,1
2023-02-10,1,1,1
2023-02-11,1,1,1
2023-02-12,1,1,1
2023-02-13,1,1,1
2023-02-14,1,1,1
2023-02-15,1,1,1
2023-02-16,1,1,1
2023-02-17,1,1,0
2023-02-18,1,1,0
2023-02-19,1,1,0
2023-02-20,1,1,1
2023-02-21,1,1,1
2023-02-22,1,1,1
2023-02-23,1,1,1
2023-02-24,1,1,2
2023-02-25,1,1,2
2023-02-26,1,1,0
2023-02-27,1,1,1
2023-02-28,1,1,1
2023-03-01,1,1,1
2023-03-02,1,1,1
2023-03-03,1,1,1
2023-03-04,1,1,1
2023-03-05,1,1,1
2023-03-06,1,1,1
2023-03-07,1,1,1
2023-03-08,1,1,1
2023-03-09,1,1,1
2023-03-10,1,1,1
2023-03-11,1,1,1
2023-03-12,1,1,1
2023-03-13,1,1,1
2023-03-14,1,1,1
2023-03-15,1,1,1
2023-03-16,1,1,1
2023-03-17,1,1,1
2023-03-18,1,1,2
2023-03-19,1,1,1
2023-03-20,1,1,0
2023-03-21,1,1,1
2023-03-22,1,1,1
2023-03-23,1,1,1
2023-03-24,1,1,0
2023-03-25,1,1,0
2023-03-26,1,1,2
2023-03-27,1,1,1
2023-03-28,1,1,1
2023-03-29,1,1,0
2023-03-30,1,1,1
2023-03-31,1,1,1
2023-04-01,1,1,2
2023-04-02,1,1,2
2023-04-03,1,1,1
2023-04-04,1,1,1
2023-04-05,1,1,1
2023-04-06,1,1,1
2023-04-07,1,1,1
2023-04-08,1,1,1
2023-04-09,1,1,1
2023-04-10,1,1,1
2023-04-11,1,1,2
2023-04-12,1,1,2
2023-04-13,1,1,1
2023-04-14,1,1,1
2023-04-15,1,1,2
2023-04-16,1,1,1
2023-04-17,1,1,1
2023-04-18,1,1,1
2023-04-19,1,1,1
2023-04-20,1,1,1
2023-04-21,1,1,2
2023-04-22,1,1,1
2023-04-23,1,1,2
2023-04-24,1,1,1
2023-04-25,1,1,1
2023-04-26,1,1,2
2023-04-27,1,1,2
2023-04-28,1,1,1
2023-04-29,1,1,2
2023-04-30,1,1,1
2023-05-01,1,1,1
2023-05-02,1,1,1
2023-05-03,1,1,1
2023-05-04,1,1,1
2023-05-05,1,1,2
2023-05-06,1,1,1
2023-05-07,1,1,1
2023-05-08,1,1,2
2023-05-09,1,1,1
2023-05-10,1,1,1
2023-05-11,1,1,0
2023-05-12,1,1,2
2023-05-13,1,1,2
2023-05-14,1,1,1
2023-05-15,1,1,2
2023-05-16,1,1,2
2023-05-17,1,1,1
2023-05-18,1,1,1
2023-05-19,1,1,1
2023-05-20,1,1,1
2023-05-21,1,1,1
2023-05-22,1,1,1
2023-05-23,1,1,0
2023-05-24,1,1,1
2023-05-25,1,1,1
2023-05-26,1,1,1
2023-05-27,1,1,2
2023-05-28,1,1,1
2023-05-29,1,1,1
2023-05-30,1,1,0
2023-05-31,1,1,1
2023-06-01,1,1,2
2023-06-02,1,1,1
2023-06-03,1,1,1
2023-06-04,1,1,1
2023-06-05,1,1,1
2023-06-06,1,1,1
2023-06-07,1,1,1
2023-06-08,1,1,1
2023-06-09,1,1,1
2023-06-10,1,1,2
2023-06-11,1,1,1
2023-06-12,1,1,1
2023-06-13,1,1,1
2023-06-14,1,1,1
2023-06-15,1,1,1
2023-06-16,1,1,2
2023-06-17,1,1,1
2023-06-18,1,1,1
2023-06-19,1,1,1
2023-06-20,1,1,1
2023-06-21,1,1,2
2023-06-22,1,1,1
2023-06-23,1,1,2
2023-06-24,1,1,2
2023-06-25,1,1,1
2023-06-26,1,1,1
2023-06-27,1,1,1
2023-06-28,1,1,1
2023-06-29,1,1,1
2023-06-30,1,1,1
2023-07-01,1,1,1
2023-07-02,1,1,1
2023-07-03,1,1,1
2023-07-04,1,1,1
2023-07-05,1,1,1
2023-07-06,1,1,1
2023-07-07,1,1,2
2023-07-08,1,1,1
2023-07-09,1,1,3
2023-07-10,1,1,2
2023-07-11,1,1,1
2023-07-12,1,1,2
2023-07-13,1,1,2
2023-07-14,1,1,2
2023-07-15,1,1,2
2023-07-16,1,1,1
2023-07-17,1,1,1
2023-07-18,1,1,1
2023-07-19,1,1,2
2023-07-20,1,1,1
2023-07-21,1,1,2
2023-07-22,1,1,1
2023-07-23,1,1,2
2023-07-24,1,1,1
2023-07-25,1,1,2
2023-07-26,1,1,1
2023-07-27,1,1,1
2023-07-28,1,1,1
2023-07-29,1,1,1
2023-07-30,1,1,1
2023-07-31,1,1,1
2023-08-01,1,1,2
2023-08-02,1,1,1
2023-08-03,1,1,2
2023-08-04,1,1,1
2023-08-05,1,1,2
2023-08-06,1,1,3
2023-08-07,1,1,0
2023-08-08,1,1,1
2023-08-09,1,1,2
2023-08-10,1,1,1
2023-08-11,1,1,1
2023-08-12,1,1,3
2023-08-13,1,1,2
2023-08-14,1,1,1
2023-08-15,1,1,1
2023-08-16,1,1,2
2023-08-17,1,1,2
2023-08-18,1,1,2
2023-08-19,1,1,2
2023-08-20,1,1,2
2023-08-21,1,1,1
2023-08-22,1,1,2
2023-08-23,1,1,1
2023-08-24,1,1,1
2023-08-25,1,1,2
2023-08-26,1,1,2
2023-08-27,1,1,2
2023-08-28,1,1,0
2023-08-29,1,1,1
2023-08-30,1,1,1
2023-08-31,1,1,2
2023-09-01,1,1,1
2023-09-02,1,1,2
2023-09-03,1,1,2
2023-09-04,1,1,1
2023-09-05,1,1,1
2023-09-06,1,1,1
2023-09-07,1,1,2
2023-09-08,1,1,2
2023-09-09,1,1,2
2023-09-10,1,1,2
2023-09-11,1,1,1
2023-09-12,1,1,1
2023-09-13,1,1,1
2023-09-14,1,1,1
2023-09-15,1,1,1
2023-09-16,1,1,1
2023-09-17,1,1,2
2023-09-18,1,1,1
2023-09-19,1,1,1
2023-09-20,1,1,1
2023-09-21,1,1,2
2023-09-22,1,1,2
2023-09-23,1,1,2
2023-09-24,1,1,3
2023-09-25,1,1,2
2023-09-26,1,1,2
2023-09-27,1,1,1
2023-09-28,1,1,1
2023-09-29,1,1,1
2023-09-30,1,1,2
2023-10-01,1,1,1
2023-10-02,1,1,1
2023-10-03,1,1,1
2023-10-04,1,1,1
2023-10-05,1,1,1
2023-10-06,1,1,2
2023-10-07,1,1,2
2023-10-08,1,1,2
2023-10-09,1,1,1
2023-10-10,1,1,1
2023-10-11,1,1,1
2023-10-12,1,1,1
2023-10-13,1,1,2
2023-10-14,1,1,2
2023-10-15,1,1,2
2023-10-16,1,1,1
2023-10-17,1,1,1
2023-10-18,1,1,0
2023-10-19,1,1,2
2023-10-20,1,1,1
2023-10-21,1,1,1
2023-10-22,1,1,2
2023-10-23,1,1,2
2023-10-24,1,1,1
2023-10-25,1,1,1
2023-10-26,1,1,0
2023-10-27,1,1,2
2023-10-28,1,1,1
2023-10-29,1,1,1
2023-10-30,1,1,1
2023-10-31,1,1,1
2023-11-01,1,1,2
2023-11-02,1,1,3
2023-11-03,1,1,2
2023-11-04,1,1,3
2023-11-05,1,1,2
2023-11-06,1,1,1
2023-11-07,1,1,1
2023-11-08,1,1,2
2023-11-09,1,1,1
2023-11-10,1,1,0
2023-11-11,1,1,2
2023-11-12,1,1,2
2023-11-13,1,1,0
2023-11-14,1,1,1
2023-11-15,1,1,2
2023-11-16,1,1,1
2023-11-17,1,1,2
2023-11-18,1,1,2
2023-11-19,1,1,2
2023-11-20,1,1,2
2023-11-21,1,1,2
2023-11-22,1,1,1
2023-11-23,1,1,2
2023-11-24,1,1,2
2023-11-25,1,1,2
2023-11-26,1,1,2
2023-11-27,1,1,1
2023-11-28,1,1,1
2023-11-29,1,1,2
2023-11-30,1,1,1
2023-12-01,1,1,2
2023-12-02,1,1,2
2023-12-03,1,1,1
2023-12-04,1,1,2
2023-12-05,1,1,2
2023-12-06,1,1,2
2023-12-07,1,1,1
2023-12-08,1,1,2
2023-12-09,1,1,2
2023-12-10,1,1,1
2023-12-11,1,1,2
2023-12-12,1,1,2
2023-12-13,1,1,2
2023-12-14,1,1,1
2023-12-15,1,1,3
2023-12-16,1,1,3
2023-12-17,1,1,2
2023-12-18,1,1,1
2023-12-19,1,1,2
2023-12-20,1,1,1
2023-12-21,1,1,2
2023-12-22,1,1,1
2023-12-23,1,1,0
2023-12-24,1,1,3
2023-12-25,1,1,1
2023-12-26,1,1,2
2023-12-27,1,1,2
2023-12-28,1,1,1
2023-12-29,1,1,1
2023-12-30,1,1,2
2023-12-31,1,1,2
2023-01-01,1,2,1
2023-01-02,1,2,1
2023-01-03,1,2,0
2023-01-04,1,2,1
2023-01-05,1,2,1
2023-01-06,1,2,1
2023-01-07,1,2,1
2023-01-08,1,2,2
2023-01-09,1,2,1
2023-01-10,1,2,1
2023-01-11,1,2,1
2023-01-12,1,2,1
2023-01-13,1,2,1
2023-01-14,1,2,1
2023-01-15,1,2,2
2023-01-16,1,2,1
2023-01-17,1,2,1
2023-01-18,1,2,2
2023-01-19,1,2,0
2023-01-20,1,2,1
2023-01-21,1,2,1
2023-01-22,1,2,1
2023-01-23,1,2,0
2023-01-24,1,2,1
2023-01-25,1,2,1
2023-01-26,1,2,1
2023-01-27,1,2,1
2023-01-28,1,2,3
2023-01-29,1,2,2
2023-01-30,1,2,1
2023-01-31,1,2,1
2023-02-01,1,2,1
2023-02-02,1,2,1
2023-02-03,1,2,1
2023-02-04,1,2,1
2023-02-05,1,2,1
2023-02-06,1,2,1
2023-02-07,1,2,1
2023-02-08,1,2,1
2023-02-09,1,2,1
2023-02-10,1,2,1
2023-02-11,1,2,0
2023-02-12,1,2,1
2023-02-13,1,2,1
2023-02-14,1,2,1
2023-02-15,1,2,1
2023-02-16,1,2,0
2023-02-17,1,2,1
2023-02-18,1,2,1
2023-02-19,1,2,1
2023-02-20,1,2,1
2023-02-21,1,2,1
2023-02-22,1,2,1
2023-02-23,1,2,1
2023-02-24,1,2,0
2023-02-25,1,2,2
2023-02-26,1,2,0
2023-02-27,1,2,1
2023-02-28,1,2,1
2023-03-01,1,2,1
2023-03-02,1,2,1
2023-03-03,1,2,2
2023-03-04,1,2,1
2023-03-05,1,2,2
2023-03-06,1,2,1
2023-03-07,1,2,1
2023-03-08,1,2,2
2023-03-09,1,2,1
2023-03-10,1,2,2
2023-03-11,1,2,2
2023-03-12,1,2,2
2023-03-13,1,2,1
2023-03-14,1,2,1
2023-03-15,1,2,2
2023-03-16,1,2,1
2023-03-17,1,2,1
2023-03-18,1,2,2
2023-03-19,1,2,1
2023-03-20,1,2,1
2023-03-21,1,2,1
2023-03-22,1,2,1
2023-03-23,1,2,1
2023-03-24,1,2,1
2023-03-25,1,2,1
2023-03-26,1,2,1
2023-03-27,1,2,1
2023-03-28,1,2,1
2023-03-29,1,2,1
2023-03-30,1,2,1
2023-03-31,1,2,1
2023-04-01,1,2,1
2023-04-02,1,2,2
2023-04-03,1,2,1
2023-04-04,1,2,1
2023-04-05,1,2,2
2023-04-06,1,2,0
2023-04-07,1,2,1
2023-04-08,1,2,2
2023-04-09,1,2,2
2023-04-10,1,2,1
2023-04-11,1,2,2
2023-04-12,1,2,1
2023-04-13,1,2,1
2023-04-14,1,2,1
2023-04-15,1,2,1
2023-04-16,1,2,2
2023-04-17,1,2,1
2023-04-18,1,2,1
2023-04-19,1,2,1
2023-04-20,1,2,1
2023-04-21,1,2,1
2023-04-22,1,2,2
2023-04-23,1,2,2
2023-04-24,1,2,1
2023-04-25,1,2,2
2023-04-26,1,2,2
2023-04-27,1,2,2
2023-04-28,1,2,2
2023-04-29,1,2,1
2023-04-30,1,2,2
2023-05-01,1,2,1
2023-05-02,1,2,1
2023-05-03,1,2,1
2023-05-04,1,2,1
2023-05-05,1,2,0
2023-05-06,1,2,1
2023-05-07,1,2,1
2023-05-08,1,2,1
2023-05-09,1,2,1
2023-05-10,1,2,1
2023-05-11,1,2,1
2023-05-12,1,2,1
2023-05-13,1,2,1
2023-05-14,1,2,1
2023-05-15,1,2,2
2023-05-16,1,2,1
2023-05-17,1,2,2
2023-05-18,1,2,1
2023-05-19,1,2,2
2023-05-20,1,2,1
2023-05-21,1,2,1
2023-05-22,1,2,2
2023-05-23,1,2,1
2023-05-24,1,2,2
2023-05-25,1,2,1
2023-05-26,1,2,2
2023-05-27,1,2,2
2023-05-28,1,2,2
2023-05-29,1,2,1
2023-05-30,1,2,1
2023-05-31,1,2,1
2023-06-01,1,2,1
2023-06-02,1,2,1
2023-06-03,1,2,1
2023-06-04,1,2,2
2023-06-05,1,2,1
2023-06-06,1,2,1
2023-06-07,1,2,1
2023-06-08,1,2,1
2023-06-09,1,2,1
2023-06-10,1,2,1
2023-06-11,1,2,1
2023-06-12,1,2,1
2023-06-13,1,2,1
2023-06-14,1,2,1
2023-06-15,1,2,1
2023-06-16,1,2,2
2023-06-17,1,2,1
2023-06-18,1,2,2
2023-06-19,1,2,1
2023-06-20,1,2,1
2023-06-21,1,2,2
2023-06-22,1,2,2
2023-06-23,1,2,2
2023-06-24,1,2,2
2023-06-25,1,2,2
2023-06-26,1,2,1
2023-06-27,1,2,1
2023-06-28,1,2,1
2023-06-29,1,2,1
2023-06-30,1,2,2
2023-07-01,1,2,2
2023-07-02,1,2,3
2023-07-03,1,2,1
2023-07-04,1,2,1
2023-07-05,1,2,2
2023-07-06,1,2,1
2023-07-07,1,2,1
2023-07-08,1,2,3
2023-07-09,1,2,2
2023-07-10,1,2,0
2023-07-11,1,2,1
2023-07-12,1,2,2
2023-07-13,1,2,2
2023-07-14,1,2,3
2023-07-15,1,2,2
2023-07-16,1,2,1
2023-07-17,1,2,1
2023-07-18,1,2,1
2023-07-19,1,2,2
2023-07-20,1,2,1
2023-07-21,1,2,2
2023-07-22,1,2,2
2023-07-23,1,2,1
2023-07-24,1,2,1
2023-07-25,1,2,2
2023-07-26,1,2,2
2023-07-27,1,2,1
2023-07-28,1,2,3
2023-07-29,1,2,3
2023-07-30,1,2,3
2023-07-31,1,2,1
2023-08-01,1,2,1
2023-08-02,1,2,2
2023-08-03,1,2,2
2023-08-04,1,2,1
2023-08-05,1,2,1
2023-08-06,1,2,2
2023-08-07,1,2,2
2023-08-08,1,2,2
2023-08-09,1,2,1
2023-08-10,1,2,1
2023-08-11,1,2,2
2023-08-12,1,2,3
2023-08-13,1,2,1
2023-08-14,1,2,2
2023-08-15,1,2,1
2023-08-16,1,2,2
2023-08-17,1,2,2
2023-08-18,1,2,2
2023-08-19,1,2,2
2023-08-20,1,2,2
2023-08-21,1,2,0
2023-08-22,1,2,1
2023-08-23,1,2,1
2023-08-24,1,2,1
2023-08-25,1,2,1
2023-08-26,1,2,2
2023-08-27,1,2,1
2023-08-28,1,2,1
2023-08-29,1,2,1
2023-08-30,1,2,2
2023-08-31,1,2,2
2023-09-01,1,2,2
2023-09-02,1,2,1
2023-09-03,1,2,1
2023-09-04,1,2,2
2023-09-05,1,2,1
2023-09-06,1,2,2
2023-09-07,1,2,2
2023-09-08,1,2,2
2023-09-09,1,2,1
2023-09-10,1,2,2
2023-09-11,1,2,2
2023-09-12,1,2,1
2023-09-13,1,2,2
2023-09-14,1,2,2
2023-09-15,1,2,2
2023-09-16,1,2,2
2023-09-17,1,2,1
2023-09-18,1,2,1
2023-09-19,1,2,1
2023-09-20,1,2,1
2023-09-21,1,2,2
2023-09-22,1,2,2
2023-09-23,1,2,1
2023-09-24,1,2,2
2023-09-25,1,2,1
2023-09-26,1,2,1
2023-09-27,1,2,1
2023-09-28,1,2,2
2023-09-29,1,2,2
2023-09-30,1,2,2
2023-10-01,1,2,1
2023-10-02,1,2,1
2023-10-03,1,2,1
2023-10-04,1,2,2
2023-10-05,1,2,1
2023-10-06,1,2,2
2023-10-07,1,2,3
2023-10-08,1,2,1
2023-10-09,1,2,1
2023-10-10,1,2,1
2023-10-11,1,2,1
2023-10-12,1,2,1
2023-10-13,1,2,2
2023-10-14,1,2,1
2023-10-15,1,2,1
2023-10-16,1,2,2
2023-10-17,1,2,1
2023-10-18,1,2,1
2023-10-19,1,2,2
2023-10-20,1,2,2
2023-10-21,1,2,2
2023-10-22,1,2,2
2023-10-23,1,2,1
2023-10-24,1,2,1
2023-10-25,1,2,1
2023-10-26,1,2,2
2023-10-27,1,2,1
2023-10-28,1,2,1
2023-10-29,1,2,1
2023-10-30,1,2,1
2023-10-31,1,2,0
2023-11-01,1,2,1
2023-11-02,1,2,1
2023-11-03,1,2,1
2023-11-04,1,2,2
2023-11-05,1,2,2
2023-11-06,1,2,1
2023-11-07,1,2,1
2023-11-08,1,2,1
2023-11-09,1,2,2
2023-11-10,1,2,2
2023-11-11,1,2,3
2023-11-12,1,2,1
2023-11-13,1,2,2
2023-11-14,1,2,0
2023-11-15,1,2,2
2023-11-16,1,2,1
2023-11-17,1,2,2
2023-11-18,1,2,3
2023-11-19,1,2,2
2023-11-20,1,2,1
2023-11-21,1,2,1
2023-11-22,1,2,2
2023-11-23,1,2,1
2023-11-24,1,2,1
2023-11-25,1,2,3
2023-11-26,1,2,1
2023-11-27,1,2,1
2023-11-28,1,2,2
2023-11-29,1,2,2
2023-11-30,1,2,2
2023-12-01,1,2,1
2023-12-02,1,2,1
2023-12-03,1,2,2
2023-12-04,1,2,2
2023-12-05,1,2,1
2023-12-06,1,2,0
2023-12-07,1,2,2
2023-12-08,1,2,1
2023-12-09,1,2,3
2023-12-10,1,2,3
2023-12-11,1,2,2
2023-12-12,1,2,2
2023-12-13,1,2,2
2023-12-14,1,2,2
2023-12-15,1,2,2
2023-12-16,1,2,3
2023-12-17,1,2,3
2023-12-18,1,2,3
2023-12-19,1,2,3
2023-12-20,1,2,2
2023-12-21,1,2,1
2023-12-22,1,2,2
2023-12-23,1,2,3
2023-12-24,1,2,2
2023-12-25,1,2,3
2023-12-26,1,2,1
2023-12-27,1,2,2
2023-12-28,1,2,3
2023-12-29,1,2,2
2023-12-30,1,2,3
2023-12-31,1,2,2
2023-01-01,1,3,5
2023-01-02,1,3,4
2023-01-03,1,3,3
2023-01-04,1,3,5
2023-01-05,1,3,4
2023-01-06,1,3,5
2023-01-07,1,3,5
2023-01-08,1,3,6
2023-01-09,1,3,6
2023-01-10,1,3,5
2023-01-11,1,3,3
2023-01-12,1,3,4
2023-01-13,1,3,4
2023-01-14,1,3,5
2023-01-15,1,3,3
2023-01-16,1,3,2
2023-01-17,1,3,3
2023-01-18,1,3,4
2023-01-19,1,3,3
2023-01-20,1,3,4
2023-01-21,1,3,5
2023-01-22,1,3,3
2023-01-23,1,3,4
2023-01-24,1,3,1
2023-01-25,1,3,3
2023-01-26,1,3,3
2023-01-27,1,3,3
2023-01-28,1,3,5
2023-01-29,1,3,5
2023-01-30,1,3,3
2023-01-31,1,3,4
2023-02-01,1,3,6
2023-02-02,1,3,4
2023-02-03,1,3,3
2023-02-04,1,3,7
2023-02-05,1,3,4
2023-02-06,1,3,5
2023-02-07,1,3,3
2023-02-08,1,3,3
2023-02-09,1,3,4
2023-02-10,1,3,5
2023-02-11,1,3,4
2023-02-12,1,3,4
2023-02-13,1,3,5
2023-02-14,1,3,5
2023-02-15,1,3,4
2023-02-16,1,3,3
2023-02-17,1,3,3
2023-02-18,1,3,5
2023-02-19,1,3,6
2023-02-20,1,3,4
2023-02-21,1,3,5
2023-02-22,1,3,7
2023-02-23,1,3,2
2023-02-24,1,3,5
2023-02-25,1,3,5
2023-02-26,1,3,4
2023-02-27,1,3,4
2023-02-28,1,3,5
2023-03-01,1,3,4
2023-03-02,1,3,4
2023-03-03,1,3,5
2023-03-04,1,3,5
2023-03-05,1,3,4
2023-03-06,1,3,1
2023-03-07,1,3,4
2023-03-08,1,3,5
2023-03-09,1,3,5
2023-03-10,1,3,3
2023-03-11,1,3,5
2023-03-12,1,3,4
2023-03-13,1,3,6
2023-03-14,1,3,4
2023-03-15,1,3,4
2023-03-16,1,3,4
2023-03-17,1,3,6
2023-03-18,1,3,5
2023-03-19,1,3,3
2023-03-20,1,3,4
2023-03-21,1,3,6
2023-03-22,1,3,3
2023-03-23,1,3,4
2023-03-24,1,3,5
2023-03-25,1,3,4
2023-03-26,1,3,3
2023-03-27,1,3,6
2023-03-28,1,3,4
2023-03-29,1,3,6
2023-03-30,1,3,4
2023-03-31,1,3,5
2023-04-01,1,3,5
2023-04-02,1,3,4
2023-04-03,1,3,3
2023-04-04,1,3,5
2023-04-05,1,3,5
2023-04-06,1,3,5
2023-04-07,1,3,5
2023-04-08,1,3,5
2023-04-09,1,3,4
2023-04-10,1,3,5
2023-04-11,1,3,4
2023-04-12,1,3,3
2023-04-13,1,3,4
2023-04-14,1,3,4
2023-04-15,1,3,5
2023-04-16,1,3,6
2023-04-17,1,3,2
2023-04-18,1,3,3
2023-04-19,1,3,5
2023-04-20,1,3,4
2023-04-21,1,3,4
2023-04-22,1,3,3
2023-04-23,1,3,8
2023-04-24,1,3,5
2023-04-25,1,3,5
2023-04-26,1,3,4
2023-04-27,1,3,4
2023-04-28,1,3,5
2023-04-29,1,3,4
2023-04-30,1,3,4
2023-05-01,1,3,4
2023-05-02,1,3,3
2023-05-03,1,3,4
2023-05-04,1,3,3
2023-05-05,1,3,3
2023-05-06,1,3,9
2023-05-07,1,3,6
2023-05-08,1,3,5
2023-05-09,1,3,5
2023-05-10,1,3,5
2023-05-11,1,3,3
2023-05-12,1,3,5
2023-05-13,1,3,5
2023-05-14,1,3,5
2023-05-15,1,3,4
2023-05-16,1,3,4
2023-05-17,1,3,4
2023-05-18,1,3,6
2023-05-19,1,3,4
2023-05-20,1,3,6
2023-05-21,1,3,2
2023-05-22,1,3,6
2023-05-23,1,3,4
2023-05-24,1,3,3
2023-05-25,1,3,5
2023-05-26,1,3,6
2023-05-27,1,3,6
2023-05-28,1,3,0
2023-05-29,1,3,4
2023-05-30,1,3,5
2023-05-31,1,3,2
2023-06-01,1,3,7
2023-06-02,1,3,5
2023-06-03,1,3,9
2023-06-04,1,3,4
2023-06-05,1,3,4
2023-06-06,1,3,6
2023-06-07,1,3,5
2023-06-08,1,3,3
2023-06-09,1,3,6
2023-06-10,1,3,8
2023-06-11,1,3,7
2023-06-12,1,3,6
2023-06-13,1,3,4
2023-06-14,1,3,3
2023-06-15,1,3,3
2023-06-16,1,3,6
2023-06-17,1,3,6
2023-06-18,1,3,6
2023-06-19,1,3,5
2023-06-20,1,3,5
2023-06-21,1,3,5
2023-06-22,1,3,3
2023-06-23,1,3,5
2023-06-24,1,3,5
2023-06-25,1,3,5
2023-06-26,1,3,6
2023-06-27,1,3,4
2023-06-28,1,3,3
2023-06-29,1,3,6
2023-06-30,1,3,6
2023-07-01,1,3,9
2023-07-02,1,3,7
2023-07-03,1,3,5
2023-07-04,1,3,4
2023-07-05,1,3,3
2023-07-06,1,3,5
2023-07-07,1,3,5
2023-07-08,1,3,8
2023-07-09,1,3,5
2023-07-10,1,3,4
2023-07-11,1,3,5
2023-07-12,1,3,6
2023-07-13,1,3,6
2023-07-14,1,3,8
2023-07-15,1,3,6
2023-07-16,1,3,7
2023-07-17,1,3,5
2023-07-18,1,3,5
2023-07-19,1,3,5
2023-07-20,1,3,5
2023-07-21,1,3,4
2023-07-22,1,3,7
2023-07-23,1,3,4
2023-07-24,1,3,5
2023-07-25,1,3,4
2023-07-26,1,3,5
2023-07-27,1,3,3
2023-07-28,1,3,5
2023-07-29,1,3,6
2023-07-30,1,3,7
2023-07-31,1,3,8
2023-08-01,1,3,6
2023-08-02,1,3,4
2023-08-03,1,3,4
2023-08-04,1,3,7
2023-08-05,1,3,6
2023-08-06,1,3,6
2023-08-07,1,3,4
2023-08-08,1,3,8
2023-08-09,1,3,3
2023-08-10,1,3,4
2023-08-11,1,3,6
2023-08-12,1,3,9
2023-08-13,1,3,5
2023-08-14,1,3,7
2023-08-15,1,3,6
2023-08-16,1,3,7
2023-08-17,1,3,6
2023-08-18,1,3,7
2023-08-19,1,3,5
2023-08-20,1,3,4
2023-08-21,1,3,5
2023-08-22,1,3,4
2023-08-23,1,3,4
2023-08-24,1,3,6
2023-08-25,1,3,6
2023-08-26,1,3,8
2023-08-27,1,3,7
2023-08-28,1,3,9
2023-08-29,1,3,6
2023-08-30,1,3,6
2023-08-31,1,3,7
2023-09-01,1,3,7
2023-09-02,1,3,4
2023-09-03,1,3,8
2023-09-04,1,3,6
2023-09-05,1,3,5
2023-09-06,1,3,7
2023-09-07,1,3,5
2023-09-08,1,3,5
2023-09-09,1,3,3
2023-09-10,1,3,8
2023-09-11,1,3,5
2023-09-12,1,3,5
2023-09-13,1,3,8
2023-09-14,1,3,5
2023-09-15,1,3,7
2023-09-16,1,3,5
2023-09-17,1,3,7
2023-09-18,1,3,7
2023-09-19,1,3,4
2023-09-20,1,3,4
2023-09-21,1,3,7
2023-09-22,1,3,8
2023-09-23,1,3,6
2023-09-24,1,3,7
2023-09-25,1,3,4
2023-09-26,1,3,4
2023-09-27,1,3,6
2023-09-28,1,3,5
2023-09-29,1,3,4
2023-09-30,1,3,9
2023-10-01,1,3,6
2023-10-02,1,3,3
2023-10-03,1,3,3
2023-10-04,1,3,7
2023-10-05,1,3,5
2023-10-06,1,3,6
2023-10-07,1,3,6
2023-10-08,1,3,6
2023-10-09,1,3,5
2023-10-10,1,3,6
2023-10-11,1,3,5
2023-10-12,1,3,6
2023-10-13,1,3,6
2023-10-14,1,3,6
2023-10-15,1,3,7
2023-10-16,1,3,5
2023-10-17,1,3,5
2023-10-18,1,3,5
2023-10-19,1,3,5
2023-10-20,1,3,6
2023-10-21,1,3,7
2023-10-22,1,3,6
2023-10-23,1,3,5
2023-10-24,1,3,6
2023-10-25,1,3,4
2023-10-26,1,3,3
2023-10-27,1,3,4
2023-10-28,1,3,6
2023-10-29,1,3,7
2023-10-30,1,3,3
2023-10-31,1,3,5
2023-11-01,1,3,4
2023-11-02,1,3,8
2023-11-03,1,3,7
2023-11-04,1,3,6
2023-11-05,1,3,5
2023-11-06,1,3,6
2023-11-07,1,3,6
2023-11-08,1,3,5
2023-11-09,1,3,6
2023-11-10,1,3,7
2023-11-11,1,3,8
2023-11-12,1,3,6
2023-11-13,1,3,5
2023-11-14,1,3,5
2023-11-15,1,3,6
2023-11-16,1,3,8
2023-11-17,1,3,5
2023-11-18,1,3,8
2023-11-19,1,3,8
2023-11-20,1,3,5
2023-11-21,1,3,6
2023-11-22,1,3,5
2023-11-23,1,3,8
2023-11-24,1,3,7
2023-11-25,1,3,6
2023-11-26,1,3,10
2023-11-27,1,3,5
2023-11-28,1,3,3
2023-11-29,1,3,4
2023-11-30,1,3,6
2023-12-01,1,3,9
2023-12-02,1,3,4
2023-12-03,1,3,8
2023-12-04,1,3,5
2023-12-05,1,3,5
2023-12-06,1,3,6
2023-12-07,1,3,6
2023-12-08,1,3,6
2023-12-09,1,3,11
2023-12-10,1,3,10
2023-12-11,1,3,5
2023-12-12,1,3,7
2023-12-13,1,3,5
2023-12-14,1,3,4
2023-12-15,1,3,9
2023-12-16,1,3,8
2023-12-17,1,3,5
2023-12-18,1,3,3
2023-12-19,1,3,6
2023-12-20,1,3,5
2023-12-21,1,3,9
2023-12-22,1,3,6
2023-12-23,1,3,5
2023-12-24,1,3,6
2023-12-25,1,3,4
2023-12-26,1,3,5
2023-12-27,1,3,6
2023-12-28,1,3,6
2023-12-29,1,3,9
2023-12-30,1,3,7
2023-12-31,1,3,8
2023-01-01,1,4,1
2023-01-02,1,4,1
2023-01-03,1,4,2
2023-01-04,1,4,1
2023-01-05,1,4,1
2023-01-06,1,4,2
2023-01-07,1,4,2
2023-01-08,1,4,2
2023-01-09,1,4,2
2023-01-10,1,4,1
2023-01-11,1,4,1
2023-01-12,1,4,1
2023-01-13,1,4,1
2023-01-14,1,4,1
2023-01-15,1,4,0
2023-01-16,1,4,2
2023-01-17,1,4,1
2023-01-18,1,4,1
2023-01-19,1,4,1
2023-01-20,1,4,1
2023-01-21,1,4,2
2023-01-22,1,4,2
2023-01-23,1,4,2
2023-01-24,1,4,1
2023-01-25,1,4,1
2023-01-26,1,4,1
2023-01-27,1,4,1
2023-01-28,1,4,1
2023-01-29,1,4,2
2023-01-30,1,4,1
2023-01-31,1,4,2
2023-02-01,1,4,2
2023-02-02,1,4,1
2023-02-03,1,4,1
2023-02-04,1,4,3
2023-02-05,1,4,1
2023-02-06,1,4,1
2023-02-07,1,4,1
2023-02-08,1,4,1
2023-02-09,1,4,1
2023-02-10,1,4,1
2023-02-11,1,4,2
2023-02-12,1,4,1
2023-02-13,1,4,1
2023-02-14,1,4,1
2023-02-15,1,4,2
2023-02-16,1,4,1
2023-02-17,1,4,1
2023-02-18,1,4,2
2023-02-19,1,4,2
2023-02-20,1,4,2
2023-02-21,1,4,2
2023-02-22,1,4,0
2023-02-23,1,4,1
2023-02-24,1,4,2
2023-02-25,1,4,1
2023-02-26,1,4,1
2023-02-27,1,4,1
2023-02-28,1,4,2
2023-03-01,1,4,1
2023-03-02,1,4,1
2023-03-03,1,4,1
2023-03-04,1,4,2
2023-03-05,1,4,2
2023-03-06,1,4,1
2023-03-07,1,4,1
2023-03-08,1,4,2
2023-03-09,1,4,1
2023-03-10,1,4,2
2023-03-11,1,4,2
2023-03-12,1,4,2
2023-03-13,1,4,1
2023-03-14,1,4,2
2023-03-15,1,4,1
2023-03-16,1,4,1
2023-03-17,1,4,2
2023-03-18,1,4,2
2023-03-19,1,4,2
2023-03-20,1,4,2
2023-03-21,1,4,1
2023-03-22,1,4,2
2023-03-23,1,4,2
2023-03-24,1,4,1
2023-03-25,1,4,2
2023-03-26,1,4,2
2023-03-27,1,4,2
2023-03-28,1,4,1
2023-03-29,1,4,1
2023-03-30,1,4,1
2023-03-31,1,4,1
2023-04-01,1,4,2
2023-04-02,1,4,2
2023-04-03,1,4,1
2023-04-04,1,4,2
2023-04-05,1,4,1
2023-04-06,1,4,2
2023-04-07,1,4,1
2023-04-08,1,4,2
2023-04-09,1,4,1
2023-04-10,1,4,2
2023-04-11,1,4,1
2023-04-12,1,4,2
2023-04-13,1,4,1
2023-04-14,1,4,2
2023-04-15,1,4,1
2023-04-16,1,4,1
2023-04-17,1,4,1
2023-04-18,1,4,1
2023-04-19,1,4,1
2023-04-20,1,4,2
2023-04-21,1,4,1
2023-04-22,1,4,3
2023-04-23,1,4,3
2023-04-24,1,4,1
2023-04-25,1,4,1
2023-04-26,1,4,1
2023-04-27,1,4,1
2023-04-28,1,4,2
2023-04-29,1,4,2
2023-04-30,1,4,1
2023-05-01,1,4,2
2023-05-02,1,4,2
2023-05-03,1,4,0
2023-05-04,1,4,2
2023-05-05,1,4,1
2023-05-06,1,4,2
2023-05-07,1,4,2
2023-05-08,1,4,1
2023-05-09,1,4,1
2023-05-10,1,4,1
2023-05-11,1,4,0
2023-05-12,1,4,2
2023-05-13,1,4,3
2023-05-14,1,4,1
2023-05-15,1,4,2
2023-05-16,1,4,1
2023-05-17,1,4,1
2023-05-18,1,4,1
2023-05-19,1,4,2
2023-05-20,1,4,3
2023-05-21,1,4,1
2023-05-22,1,4,1
2023-05-23,1,4,1
2023-05-24,1,4,2
2023-05-25,1,4,2
2023-05-26,1,4,2
2023-05-27,1,4,1
2023-05-28,1,4,1
2023-05-29,1,4,2
2023-05-30,1,4,2
2023-05-31,1,4,2
2023-06-01,1,4,2
2023-06-02,1,4,3
2023-06-03,1,4,2
2023-06-04,1,4,1
2023-06-05,1,4,2
2023-06-06,1,4,1
2023-06-07,1,4,1
2023-06-08,1,4,1
2023-06-09,1,4,0
2023-06-10,1,4,2
2023-06-11,1,4,1
2023-06-12,1,4,2
2023-06-13,1,4,1
2023-06-14,1,4,1
2023-06-15,1,4,1
2023-06-16,1,4,1
2023-06-17,1,4,3
2023-06-18,1,4,2
2023-06-19,1,4,2
2023-06-20,1,4,2
2023-06-21,1,4,1
2023-06-22,1,4,1
2023-06-23,1,4,1
2023-06-24,1,4,3
2023-06-25,1,4,2
2023-06-26,1,4,2
2023-06-27,1,4,2
2023-06-28,1,4,1
2023-06-29,1,4,2
2023-06-30,1,4,1
2023-07-01,1,4,2
2023-07-02,1,4,2
2023-07-03,1,4,1
2023-07-04,1,4,2
2023-07-05,1,4,2
2023-07-06,1,4,1
2023-07-07,1,4,2
2023-07-08,1,4,3
2023-07-09,1,4,2
2023-07-10,1,4,3
2023-07-11,1,4,2
2023-07-12,1,4,2
2023-07-13,1,4,1
2023-07-14,1,4,3
2023-07-15,1,4,1
2023-07-16,1,4,1
2023-07-17,1,4,0
2023-07-18,1,4,1
2023-07-19,1,4,3
2023-07-20,1,4,2
2023-07-21,1,4,1
2023-07-22,1,4,3
2023-07-23,1,4,2
2023-07-24,1,4,0
2023-07-25,1,4,2
2023-07-26,1,4,1
2023-07-27,1,4,1
2023-07-28,1,4,3
2023-07-29,1,4,4
2023-07-30,1,4,3
2023-07-31,1,4,2
2023-08-01,1,4,2
2023-08-02,1,4,2
2023-08-03,1,4,3
2023-08-04,1,4,2
2023-08-05,1,4,2
2023-08-06,1,4,2
2023-08-07,1,4,1
2023-08-08,1,4,2
2023-08-09,1,4,2
2023-08-10,1,4,1
2023-08-11,1,4,2
2023-08-12,1,4,3
2023-08-13,1,4,2
2023-08-14,1,4,2
2023-08-15,1,4,2
2023-08-16,1,4,2
2023-08-17,1,4,2
2023-08-18,1,4,3
2023-08-19,1,4,3
2023-08-20,1,4,4
2023-08-21,1,4,1
2023-08-22,1,4,2
2023-08-23,1,4,2
2023-08-24,1,4,4
2023-08-25,1,4,2
2023-08-26,1,4,1
2023-08-27,1,4,2
2023-08-28,1,4,2
2023-08-29,1,4,2
2023-08-30,1,4,2
2023-08-31,1,4,2
2023-09-01,1,4,1
2023-09-02,1,4,3
2023-09-03,1,4,1
2023-09-04,1,4,1
2023-09-05,1,4,2
2023-09-06,1,4,2
2023-09-07,1,4,2
2023-09-08,1,4,2
2023-09-09,1,4,2
2023-09-10,1,4,2
2023-09-11,1,4,2
2023-09-12,1,4,1
2023-09-13,1,4,1
2023-09-14,1,4,2
2023-09-15,1,4,3
2023-09-16,1,4,2
2023-09-17,1,4,2
2023-09-18,1,4,1
2023-09-19,1,4,1
2023-09-20,1,4,2
2023-09-21,1,4,1
2023-09-22,1,4,2
2023-09-23,1,4,1
2023-09-24,1,4,1
2023-09-25,1,4,2
2023-09-26,1,4,2
2023-09-27,1,4,2
2023-09-28,1,4,1
2023-09-29,1,4,2
2023-09-30,1,4,2
2023-10-01,1,4,1
2023-10-02,1,4,1
2023-10-03,1,4,1
2023-10-04,1,4,1
2023-10-05,1,4,1
2023-10-06,1,4,2
2023-10-07,1,4,2
2023-10-08,1,4,1
2023-10-09,1,4,1
2023-10-10,1,4,1
2023-10-11,1,4,1
2023-10-12,1,4,2
2023-10-13,1,4,1
2023-10-14,1,4,1
2023-10-15,1,4,1
2023-10-16,1,4,2
2023-10-17,1,4,0
2023-10-18,1,4,2
2023-10-19,1,4,1
2023-10-20,1,4,1
2023-10-21,1,4,3
2023-10-22,1,4,1
2023-10-23,1,4,1
2023-10-24,1,4,1
2023-10-25,1,4,2
2023-10-26,1,4,1
2023-10-27,1,4,2
2023-10-28,1,4,2
2023-10-29,1,4,2
2023-10-30,1,4,2
2023-10-31,1,4,2
2023-11-01,1,4,2
2023-11-02,1,4,2
2023-11-03,1,4,2
2023-11-04,1,4,3
2023-11-05,1,4,1
2023-11-06,1,4,1
2023-11-07,1,4,2
2023-11-08,1,4,3
2023-11-09,1,4,2
2023-11-10,1,4,1
2023-11-11,1,4,3
2023-11-12,1,4,3
2023-11-13,1,4,2
2023-11-14,1,4,2
2023-11-15,1,4,2
2023-11-16,1,4,3
2023-11-17,1,4,2
2023-11-18,1,4,3
2023-11-19,1,4,3
2023-11-20,1,4,3
2023-11-21,1,4,2
2023-11-22,1,4,3
2023-11-23,1,4,2
2023-11-24,1,4,2
2023-11-25,1,4,3
2023-11-26,1,4,2
2023-11-27,1,4,1
2023-11-28,1,4,1
2023-11-29,1,4,2
2023-11-30,1,4,2
2023-12-01,1,4,3
2023-12-02,1,4,2
2023-12-03,1,4,3
2023-12-04,1,4,1
2023-12-05,1,4,2
2023-12-06,1,4,2
2023-12-07,1,4,2
2023-12-08,1,4,2
2023-12-09,1,4,2
2023-12-10,1,4,4
2023-12-11,1,4,2
2023-12-12,1,4,2
2023-12-13,1,4,2
2023-12-14,1,4,3
2023-12-15,1,4,2
2023-12-16,1,4,3
2023-12-17,1,4,2
2023-12-18,1,4,3
2023-12-19,1,4,2
2023-12-20,1,4,2
2023-12-21,1,4,2
2023-12-22,1,4,1
2023-12-23,1,4,4
2023-12-24,1,4,3
2023-12-25,1,4,3
2023-12-26,1,4,2
2023-12-27,1,4,2
2023-12-28,1,4,2
2023-12-29,1,4,3
2023-12-30,1,4,2
2023-12-31,1,4,3
2023-01-01,1,5,9
2023-01-02,1,5,9
2023-01-03,1,5,4
2023-01-04,1,5,9
2023-01-05,1,5,8
2023-01-06,1,5,12
2023-01-07,1,5,7
2023-01-08,1,5,10
2023-01-09,1,5,6
2023-01-10,1,5,8
2023-01-11,1,5,6
2023-01-12,1,5,10
2023-01-13,1,5,9
2023-01-14,1,5,5
2023-01-15,1,5,8
2023-01-16,1,5,8
2023-01-17,1,5,5
2023-01-18,1,5,7
2023-01-19,1,5,7
2023-01-20,1,5,11
2023-01-21,1,5,9
2023-01-22,1,5,9
2023-01-23,1,5,7
2023-01-24,1,5,8
2023-01-25,1,5,5
2023-01-26,1,5,9
2023-01-27,1,5,7
2023-01-28,1,5,11
2023-01-29,1,5,8
2023-01-30,1,5,11
2023-01-31,1,5,5
2023-02-01,1,5,10
2023-02-02,1,5,6
2023-02-03,1,5,9
2023-02-04,1,5,6
2023-02-05,1,5,10
2023-02-06,1,5,9
2023-02-07,1,5,8
2023-02-08,1,5,8
2023-02-09,1,5,9
2023-02-10,1,5,9
2023-02-11,1,5,13
2023-02-12,1,5,5
2023-02-13,1,5,6
2023-02-14,1,5,6
2023-02-15,1,5,4
2023-02-16,1,5,8
2023-02-17,1,5,6
2023-02-18,1,5,12
2023-02-19,1,5,14
2023-02-20,1,5,10
2023-02-21,1,5,8
2023-02-22,1,5,7
2023-02-23,1,5,10
2023-02-24,1,5,10
2023-02-25,1,5,11
2023-02-26,1,5,8
2023-02-27,1,5,13
2023-02-28,1,5,7
2023-03-01,1,5,7
2023-03-02,1,5,12
2023-03-03,1,5,6
2023-03-04,1,5,17
2023-03-05,1,5,13
2023-03-06,1,5,6
2023-03-07,1,5,12
2023-03-08,1,5,7
2023-03-09,1,5,7
2023-03-10,1,5,12
2023-03-11,1,5,10
2023-03-12,1,5,10
2023-03-13,1,5,9
2023-03-14,1,5,9
2023-03-15,1,5,7
2023-03-16,1,5,9
2023-03-17,1,5,8
2023-03-18,1,5,15
2023-03-19,1,5,2
2023-03-20,1,5,10
2023-03-21,1,5,8
2023-03-22,1,5,5
2023-03-23,1,5,6
2023-03-24,1,5,14
2023-03-25,1,5,12
2023-03-26,1,5,13
2023-03-27,1,5,11
2023-03-28,1,5,8
2023-03-29,1,5,8
2023-03-30,1,5,9
2023-03-31,1,5,7
2023-04-01,1,5,11
2023-04-02,1,5,11
2023-04-03,1,5,8
2023-04-04,1,5,7
2023-04-05,1,5,6
2023-04-06,1,5,13
2023-04-07,1,5,10
2023-04-08,1,5,14
2023-04-09,1,5,8
2023-04-10,1,5,8
2023-04-11,1,5,6
2023-04-12,1,5,9
2023-04-13,1,5,11
2023-04-14,1,5,10
2023-04-15,1,5,15
2023-04-16,1,5,12
2023-04-17,1,5,9
2023-04-18,1,5,10
2023-04-19,1,5,8
2023-04-20,1,5,10
2023-04-21,1,5,12
2023-04-22,1,5,14
2023-04-23,1,5,8
2023-04-24,1,5,15
2023-04-25,1,5,6
2023-04-26,1,5,10
2023-04-27,1,5,10
2023-04-28,1,5,7
2023-04-29,1,5,13
2023-04-30,1,5,8
2023-05-01,1,5,6
2023-05-02,1,5,12
2023-05-03,1,5,9
2023-05-04,1,5,5
2023-05-05,1,5,10
2023-05-06,1,5,16
2023-05-07,1,5,15
2023-05-08,1,5,8
2023-05-09,1,5,11
2023-05-10,1,5,13
2023-05-11,1,5,13
2023-05-12,1,5,11
2023-05-13,1,5,13
2023-05-14,1,5,11
2023-05-15,1,5,10
2023-05-16,1,5,11
2023-05-17,1,5,13
2023-05-18,1,5,12
2023-05-19,1,5,11
2023-05-20,1,5,17
2023-05-21,1,5,14
2023-05-22,1,5,10
2023-05-23,1,5,8
2023-05-24,1,5,9
2023-05-25,1,5,8
2023-05-26,1,5,8
2023-05-27,1,5,8
2023-05-28,1,5,9
2023-05-29,1,5,5
2023-05-30,1,5,9
2023-05-31,1,5,11
2023-06-01,1,5,8
2023-06-02,1,5,7
2023-06-03,1,5,16
2023-06-04,1,5,12
2023-06-05,1,5,14
2023-06-06,1,5,7
2023-06-07,1,5,6
2023-06-08,1,5,11
2023-06-09,1,5,8
2023-06-10,1,5,11
2023-06-11,1,5,11
2023-06-12,1,5,15
2023-06-13,1,5,10
2023-06-14,1,5,12
2023-06-15,1,5,8
2023-06-16,1,5,14
2023-06-17,1,5,10
2023-06-18,1,5,15
2023-06-19,1,5,10
2023-06-20,1,5,7
2023-06-21,1,5,8
2023-06-22,1,5,8
2023-06-23,1,5,7
2023-06-24,1,5,11
2023-06-25,1,5,13
2023-06-26,1,5,10
2023-06-27,1,5,12
2023-06-28,1,5,11
2023-06-29,1,5,12
2023-06-30,1,5,13
2023-07-01,1,5,13
2023-07-02,1,5,13
2023-07-03,1,5,10
2023-07-04,1,5,10
2023-07-05,1,5,7
2023-07-06,1,5,4
2023-07-07,1,5,11
2023-07-08,1,5,16
2023-07-09,1,5,17
2023-07-10,1,5,6
2023-07-11,1,5,14
2023-07-12,1,5,8
2023-07-13,1,5,14
2023-07-14,1,5,14
2023-07-15,1,5,10
2023-07-16,1,5,11
2023-07-17,1,5,13
2023-07-18,1,5,10
2023-07-19,1,5,8
2023-07-20,1,5,8
2023-07-21,1,5,11
2023-07-22,1,5,12
2023-07-23,1,5,15
2023-07-24,1,5,11
2023-07-25,1,5,8
2023-07-26,1,5,12
2023-07-27,1,5,14
2023-07-28,1,5,11
2023-07-29,1,5,13
2023-07-30,1,5,20
2023-07-31,1,5,10
2023-08-01,1,5,13
2023-08-02,1,5,6
2023-08-03,1,5,12
2023-08-04,1,5,7
2023-08-05,1,5,10
2023-08-06,1,5,1
2023-08-07,1,5,13
2023-08-08,1,5,10
2023-08-09,1,5,11
2023-08-10,1,5,10
2023-08-11,1,5,7
2023-08-12,1,5,9
2023-08-13,1,5,13
2023-08-14,1,5,9
2023-08-15,1,5,8
2023-08-16,1,5,13
2023-08-17,1,5,15
2023-08-18,1,5,12
2023-08-19,1,5,15
2023-08-20,1,5,12
2023-08-21,1,5,10
2023-08-22,1,5,11
2023-08-23,1,5,16
2023-08-24,1,5,12
2023-08-25,1,5,11
2023-08-26,1,5,14
2023-08-27,1,5,7
2023-08-28,1,5,6
2023-08-29,1,5,11
2023-08-30,1,5,12
2023-08-31,1,5,12
2023-09-01,1,5,14
2023-09-02,1,5,15
2023-09-03,1,5,13
2023-09-04,1,5,10
2023-09-05,1,5,10
2023-09-06,1,5,8
2023-09-07,1,5,8
2023-09-08,1,5,14
2023-09-09,1,5,15
2023-09-10,1,5,13
2023-09-11,1,5,13
2023-09-12,1,5,10
2023-09-13,1,5,11
2023-09-14,1,5,14
2023-09-15,1,5,10
2023-09-16,1,5,5
2023-09-17,1,5,15
2023-09-18,1,5,11
2023-09-19,1,5,13
2023-09-20,1,5,12
2023-09-21,1,5,12
2023-09-22,1,5,11
2023-09-23,1,5,17
2023-09-24,1,5,14
2023-09-25,1,5,10
2023-09-26,1,5,9
2023-09-27,1,5,11
2023-09-28,1,5,8
2023-09-29,1,5,5
2023-09-30,1,5,13
2023-10-01,1,5,12
2023-10-02,1,5,7
2023-10-03,1,5,11
2023-10-04,1,5,7
2023-10-05,1,5,6
2023-10-06,1,5,11
2023-10-07,1,5,15
2023-10-08,1,5,13
2023-10-09,1,5,10
2023-10-10,1,5,7
2023-10-11,1,5,8
2023-10-12,1,5,11
2023-10-13,1,5,11
2023-10-14,1,5,12
2023-10-15,1,5,8
2023-10-16,1,5,5
2023-10-17,1,5,7
2023-10-18,1,5,8
2023-10-19,1,5,10
2023-10-20,1,5,13
2023-10-21,1,5,7
2023-10-22,1,5,9
2023-10-23,1,5,12
2023-10-24,1,5,9
2023-10-25,1,5,6
2023-10-26,1,5,10
2023-10-27,1,5,15
2023-10-28,1,5,9
2023-10-29,1,5,9
2023-10-30,1,5,4
2023-10-31,1,5,9
2023-11-01,1,5,7
2023-11-02,1,5,12
2023-11-03,1,5,11
2023-11-04,1,5,20
2023-11-05,1,5,10
2023-11-06,1,5,10
2023-11-07,1,5,14
2023-11-08,1,5,13
2023-11-09,1,5,12
2023-11-10,1,5,13
2023-11-11,1,5,13
2023-11-12,1,5,10
2023-11-13,1,5,13
2023-11-14,1,5,16
2023-11-15,1,5,15
2023-11-16,1,5,17
2023-11-17,1,5,18
2023-11-18,1,5,16
2023-11-19,1,5,13
2023-11-20,1,5,6
2023-11-21,1,5,9
2023-11-22,1,5,9
2023-11-23,1,5,15
2023-11-24,1,5,8
2023-11-25,1,5,17
2023-11-26,1,5,11
2023-11-27,1,5,12
2023-11-28,1,5,12
2023-11-29,1,5,12
2023-11-30,1,5,11
2023-12-01,1,5,13
2023-12-02,1,5,17
2023-12-03,1,5,22
2023-12-04,1,5,13
2023-12-05,1,5,14
2023-12-06,1,5,14
2023-12-07,1,5,10
2023-12-08,1,5,24
2023-12-09,1,5,17
2023-12-10,1,5,16
2023-12-11,1,5,8
2023-12-12,1,5,9
2023-12-13,1,5,9
2023-12-14,1,5,15
2023-12-15,1,5,16
2023-12-16,1,5,15
2023-12-17,1,5,16
2023-12-18,1,5,13
2023-12-19,1,5,12
2023-12-20,1,5,14
2023-12-21,1,5,16
2023-12-22,1,5,16
2023-12-23,1,5,19
2023-12-24,1,5,15
2023-12-25,1,5,13
2023-12-26,1,5,6
2023-12-27,1,5,14
2023-12-28,1,5,10
2023-12-29,1,5,10
2023-12-30,1,5,19
2023-12-31,1,5,9
2023-01-01,1,6,0
2023-01-02,1,6,0
2023-01-03,1,6,0
2023-01-04,1,6,0
2023-01-05,1,6,1
2023-01-06,1,6,0
2023-01-07,1,6,1
2023-01-08,1,6,1
2023-01-09,1,6,0
2023-01-10,1,6,0
2023-01-11,1,6,1
2023-01-12,1,6,0
2023-01-13,1,6,1
2023-01-14,1,6,1
2023-01-15,1,6,1
2023-01-16,1,6,1
2023-01-17,1,6,1
2023-01-18,1,6,1
2023-01-19,1,6,1
2023-01-20,1,6,1
2023-01-21,1,6,1
2023-01-22,1,6,0
2023-01-23,1,6,0
2023-01-24,1,6,0
2023-01-25,1,6,0
2023-01-26,1,6,0
2023-01-27,1,6,1
2023-01-28,1,6,1
2023-01-29,1,6,0
2023-01-30,1,6,0
2023-01-31,1,6,1
2023-02-01,1,6,1
2023-02-02,1,6,1
2023-02-03,1,6,1
2023-02-04,1,6,1
2023-02-05,1,6,1
2023-02-06,1,6,1
2023-02-07,1,6,1
2023-02-08,1,6,0
2023-02-09,1,6,0
2023-02-10,1,6,1
2023-02-11,1,6,1
2023-02-12,1,6,1
2023-02-13,1,6,1
2023-02-14,1,6,0
2023-02-15,1,6,0
2023-02-16,1,6,0
2023-02-17,1,6,1
2023-02-18,1,6,1
2023-02-19,1,6,1
2023-02-20,1,6,0
2023-02-21,1,6,0
2023-02-22,1,6,1
2023-02-23,1,6,0
2023-02-24,1,6,0
2023-02-25,1,6,1
2023-02-26,1,6,0
2023-02-27,1,6,0
2023-02-28,1,6,0
2023-03-01,1,6,0
2023-03-02,1,6,1
2023-03-03,1,6,1
2023-03-04,1,6,1
2023-03-05,1,6,1
2023-03-06,1,6,1
2023-03-07,1,6,1
2023-03-08,1,6,0
2023-03-09,1,6,1
2023-03-10,1,6,0
2023-03-11,1,6,1
2023-03-12,1,6,0
2023-03-13,1,6,1
2023-03-14,1,6,1
2023-03-15,1,6,0
2023-03-16,1,6,1
2023-03-17,1,6,1
2023-03-18,1,6,1
2023-03-19,1,6,2
2023-03-20,1,6,0
2023-03-21,1,6,0
2023-03-22,1,6,0
2023-03-23,1,6,0
2023-03-24,1,6,1
2023-03-25,1,6,1
2023-03-26,1,6,1
2023-03-27,1,6,0
2023-03-28,1,6,0
2023-03-29,1,6,0
2023-03-30,1,6,0
2023-03-31,1,6,0
2023-04-01,1,6,1
2023-04-02,1,6,1
2023-04-03,1,6,0
2023-04-04,1,6,1
2023-04-05,1,6,1
2023-04-06,1,6,1
2023-04-07,1,6,1
2023-04-08,1,6,1
2023-04-09,1,6,2
2023-04-10,1,6,1
2023-04-11,1,6,0
2023-04-12,1,6,0
2023-04-13,1,6,1
2023-04-14,1,6,1
2023-04-15,1,6,1
2023-04-16,1,6,1
2023-04-17,1,6,1
2023-04-18,1,6,1
2023-04-19,1,6,1
2023-04-20,1,6,1
2023-04-21,1,6,1
2023-04-22,1,6,1
2023-04-23,1,6,0
2023-04-24,1,6,0
2023-04-25,1,6,1
2023-04-26,1,6,1
2023-04-27,1,6,1
2023-04-28,1,6,1
2023-04-29,1,6,1
2023-04-30,1,6,1
2023-05-01,1,6,0
2023-05-02,1,6,1
2023-05-03,1,6,0
2023-05-04,1,6,1
2023-05-05,1,6,0
2023-05-06,1,6,1
2023-05-07,1,6,0
2023-05-08,1,6,1
2023-05-09,1,6,0
2023-05-10,1,6,1
2023-05-11,1,6,0
2023-05-12,1,6,0
2023-05-13,1,6,1
2023-05-14,1,6,1
2023-05-15,1,6,1
2023-05-16,1,6,0
2023-05-17,1,6,1
2023-05-18,1,6,0
2023-05-19,1,6,1
2023-05-20,1,6,1
2023-05-21,1,6,1
2023-05-22,1,6,0
2023-05-23,1,6,0
2023-05-24,1,6,1
2023-05-25,1,6,1
2023-05-26,1,6,0
2023-05-27,1,6,1
2023-05-28,1,6,1
2023-05-29,1,6,1
2023-05-30,1,6,0
2023-05-31,1,6,0
2023-06-01,1,6,1
2023-06-02,1,6,1
2023-06-03,1,6,1
2023-06-04,1,6,1
2023-06-05,1,6,1
2023-06-06,1,6,0
2023-06-07,1,6,0
2023-06-08,1,6,0
2023-06-09,1,6,1
2023-06-10,1,6,1
2023-06-11,1,6,1
2023-06-12,1,6,0
2023-06-13,1,6,1
2023-06-14,1,6,1
2023-06-15,1,6,1
2023-06-16,1,6,1
2023-06-17,1,6,1
2023-06-18,1,6,1
2023-06-19,1,6,1
2023-06-20,1,6,1
2023-06-21,1,6,0
2023-06-22,1,6,0
2023-06-23,1,6,0
2023-06-24,1,6,1
2023-06-25,1,6,1
2023-06-26,1,6,1
2023-06-27,1,6,1
2023-06-28,1,6,1
2023-06-29,1,6,1
2023-06-30,1,6,1
2023-07-01,1,6,1
2023-07-02,1,6,1
2023-07-03,1,6,1
2023-07-04,1,6,1
2023-07-05,1,6,1
2023-07-06,1,6,1
2023-07-07,1,6,0
2023-07-08,1,6,1
2023-07-09,1,6,2
2023-07-10,1,6,0
2023-07-11,1,6,1
2023-07-12,1,6,1
2023-07-13,1,6,1
2023-07-14,1,6,1
2023-07-15,1,6,2
2023-07-16,1,6,1
2023-07-17,1,6,0
2023-07-18,1,6,0
2023-07-19,1,6,1
2023-07-20,1,6,1
2023-07-21,1,6,1
2023-07-22,1,6,1
2023-07-23,1,6,1
2023-07-24,1,6,1
2023-07-25,1,6,1
2023-07-26,1,6,1
2023-07-27,1,6,1
2023-07-28,1,6,1
2023-07-29,1,6,1
2023-07-30,1,6,1
2023-07-31,1,6,1
2023-08-01,1,6,1
2023-08-02,1,6,1
2023-08-03,1,6,0
2023-08-04,1,6,0
2023-08-05,1,6,1
2023-08-06,1,6,2
2023-08-07,1,6,1
2023-08-08,1,6,1
2023-08-09,1,6,0
2023-08-10,1,6,1
2023-08-11,1,6,1
2023-08-12,1,6,0
2023-08-13,1,6,1
2023-08-14,1,6,0
2023-08-15,1,6,1
2023-08-16,1,6,1
2023-08-17,1,6,1
2023-08-18,1,6,1
2023-08-19,1,6,1
2023-08-20,1,6,1
2023-08-21,1,6,1
2023-08-22,1,6,1
2023-08-23,1,6,1
2023-08-24,1,6,1
2023-08-25,1,6,1
2023-08-26,1,6,1
2023-08-27,1,6,0
2023-08-28,1,6,1
2023-08-29,1,6,1
2023-08-30,1,6,1
2023-08-31,1,6,1
2023-09-01,1,6,0
2023-09-02,1,6,1
2023-09-03,1,6,1
2023-09-04,1,6,1
2023-09-05,1,6,1
2023-09-06,1,6,1
2023-09-07,1,6,0
2023-09-08,1,6,1
2023-09-09,1,6,1
2023-09-10,1,6,1
2023-09-11,1,6,0
2023-09-12,1,6,1
2023-09-13,1,6,1
2023-09-14,1,6,1
2023-09-15,1,6,1
2023-09-16,1,6,1
2023-09-17,1,6,1
2023-09-18,1,6,1
2023-09-19,1,6,0
2023-09-20,1,6,1
2023-09-21,1,6,1
2023-09-22,1,6,1
2023-09-23,1,6,1
2023-09-24,1,6,2
2023-09-25,1,6,1
2023-09-26,1,6,1
2023-09-27,1,6,1
2023-09-28,1,6,1
2023-09-29,1,6,1
2023-09-30,1,6,1
2023-10-01,1,6,1
2023-10-02,1,6,1
2023-10-03,1,6,1
2023-10-04,1,6,1
2023-10-05,1,6,1
2023-10-06,1,6,1
2023-10-07,1,6,1
2023-10-08,1,6,1
2023-10-09,1,6,1
2023-10-10,1,6,1
2023-10-11,1,6,1
2023-10-12,1,6,0
2023-10-13,1,6,1
2023-10-14,1,6,1
2023-10-15,1,6,1
2023-10-16,1,6,1
2023-10-17,1,6,1
2023-10-18,1,6,1
2023-10-19,1,6,1
2023-10-20,1,6,0
2023-10-21,1,6,1
2023-10-22,1,6,1
2023-10-23,1,6,0
2023-10-24,1,6,1
2023-10-25,1,6,1
2023-10-26,1,6,1
2023-10-27,1,6,2
2023-10-28,1,6,1
2023-10-29,1,6,1
2023-10-30,1,6,0
2023-10-31,1,6,1
2023-11-01,1,6,1
2023-11-02,1,6,0
2023-11-03,1,6,1
2023-11-04,1,6,2
2023-11-05,1,6,1
2023-11-06,1,6,0
2023-11-07,1,6,1
2023-11-08,1,6,1
2023-11-09,1,6,1
2023-11-10,1,6,1
2023-11-11,1,6,1
2023-11-12,1,6,1
2023-11-13,1,6,1
2023-11-14,1,6,1
2023-11-15,1,6,1
2023-11-16,1,6,1
2023-11-17,1,6,1
2023-11-18,1,6,1
2023-11-19,1,6,1
2023-11-20,1,6,0
2023-11-21,1,6,0
2023-11-22,1,6,1
2023-11-23,1,6,1
2023-11-24,1,6,0
2023-11-25,1,6,2
2023-11-26,1,6,2
2023-11-27,1,6,1
2023-11-28,1,6,1
2023-11-29,1,6,1
2023-11-30,1,6,1
2023-12-01,1,6,1
2023-12-02,1,6,2
2023-12-03,1,6,2
2023-12-04,1,6,0
2023-12-05,1,6,1
2023-12-06,1,6,0
2023-12-07,1,6,1
2023-12-08,1,6,2
2023-12-09,1,6,1
2023-12-10,1,6,1
2023-12-11,1,6,1
2023-12-12,1,6,1
2023-12-13,1,6,1
2023-12-14,1,6,1
2023-12-15,1,6,2
2023-12-16,1,6,1
2023-12-17,1,6,1
2023-12-18,1,6,2
2023-12-19,1,6,1
2023-12-20,1,6,1
2023-12-21,1,6,1
2023-12-22,1,6,2
2023-12-23,1,6,2
2023-12-24,1,6,2
2023-12-25,1,6,1
2023-12-26,1,6,1
2023-12-27,1,6,1
2023-12-28,1,6,1
2023-12-29,1,6,0
2023-12-30,1,6,2
2023-12-31,1,6,1
2023-01-01,1,7,4
2023-01-02,1,7,5
2023-01-03,1,7,3
2023-01-04,1,7,3
2023-01-05,1,7,4
2023-01-06,1,7,6
2023-01-07,1,7,3
2023-01-08,1,7,5
2023-01-09,1,7,5
2023-01-10,1,7,5
2023-01-11,1,7,6
2023-01-12,1,7,4
2023-01-13,1,7,7
2023-01-14,1,7,7
2023-01-15,1,7,4
2023-01-16,1,7,5
2023-01-17,1,7,4
2023-01-18,1,7,5
2023-01-19,1,7,4
2023-01-20,1,7,5
2023-01-21,1,7,3
2023-01-22,1,7,3
2023-01-23,1,7,5
2023-01-24,1,7,4
2023-01-25,1,7,3
2023-01-26,1,7,4
2023-01-27,1,7,5
2023-01-28,1,7,5
2023-01-29,1,7,6
2023-01-30,1,7,4
2023-01-31,1,7,4
2023-02-01,1,7,5
2023-02-02,1,7,6
2023-02-03,1,7,5
2023-02-04,1,7,7
2023-02-05,1,7,4
2023-02-06,1,7,5
2023-02-07,1,7,3
2023-02-08,1,7,5
2023-02-09,1,7,3
2023-02-10,1,7,3
2023-02-11,1,7,4
2023-02-12,1,7,5
2023-02-13,1,7,7
2023-02-14,1,7,5
2023-02-15,1,7,4
2023-02-16,1,7,3
2023-02-17,1,7,4
2023-02-18,1,7,6
2023-02-19,1,7,5
2023-02-20,1,7,5
2023-02-21,1,7,4
2023-02-22,1,7,5
2023-02-23,1,7,5
2023-02-24,1,7,8
2023-02-25,1,7,4
2023-02-26,1,7,5
2023-02-27,1,7,5
2023-02-28,1,7,2
2023-03-01,1,7,6
2023-03-02,1,7,5
2023-03-03,1,7,7
2023-03-04,1,7,6
2023-03-05,1,7,7
2023-03-06,1,7,5
2023-03-07,1,7,5
2023-03-08,1,7,7
2023-03-09,1,7,5
2023-03-10,1,7,3
2023-03-11,1,7,6
2023-03-12,1,7,6
2023-03-13,1,7,5
2023-03-14,1,7,6
2023-03-15,1,7,5
2023-03-16,1,7,6
2023-03-17,1,7,7
2023-03-18,1,7,7
2023-03-19,1,7,8
2023-03-20,1,7,6
2023-03-21,1,7,6
2023-03-22,1,7,4
2023-03-23,1,7,6
2023-03-24,1,7,5
2023-03-25,1,7,5
2023-03-26,1,7,7
2023-03-27,1,7,5
2023-03-28,1,7,2
2023-03-29,1,7,2
2023-03-30,1,7,8
2023-03-31,1,7,6
2023-04-01,1,7,5
2023-04-02,1,7,3
2023-04-03,1,7,6
2023-04-04,1,7,5
2023-04-05,1,7,4
2023-04-06,1,7,2
2023-04-07,1,7,7
2023-04-08,1,7,7
2023-04-09,1,7,8
2023-04-10,1,7,4
2023-04-11,1,7,6
2023-04-12,1,7,8
2023-04-13,1,7,4
2023-04-14,1,7,5
2023-04-15,1,7,8
2023-04-16,1,7,6
2023-04-17,1,7,5
2023-04-18,1,7,4
2023-04-19,1,7,7
2023-04-20,1,7,5
2023-04-21,1,7,4
2023-04-22,1,7,9
2023-04-23,1,7,5
2023-04-24,1,7,5
2023-04-25,1,7,7
2023-04-26,1,7,6
2023-04-27,1,7,5
2023-04-28,1,7,5
2023-04-29,1,7,6
2023-04-30,1,7,4
2023-05-01,1,7,6
2023-05-02,1,7,8
2023-05-03,1,7,4
2023-05-04,1,7,7
2023-05-05,1,7,8
2023-05-06,1,7,8
2023-05-07,1,7,6
2023-05-08,1,7,6
2023-05-09,1,7,6
2023-05-10,1,7,7
2023-05-11,1,7,6
2023-05-12,1,7,7
2023-05-13,1,7,7
2023-05-14,1,7,7
2023-05-15,1,7,6
2023-05-16,1,7,6
2023-05-17,1,7,6
2023-05-18,1,7,5
2023-05-19,1,7,3
2023-05-20,1,7,7
2023-05-21,1,7,9
2023-05-22,1,7,4
2023-05-23,1,7,7
2023-05-24,1,7,6
2023-05-25,1,7,6
2023-05-26,1,7,7
2023-05-27,1,7,4
2023-05-28,1,7,8
2023-05-29,1,7,4
2023-05-30,1,7,5
2023-05-31,1,7,5
2023-06-01,1,7,7
2023-06-02,1,7,7
2023-06-03,1,7,5
2023-06-04,1,7,6
2023-06-05,1,7,3
2023-06-06,1,7,6
2023-06-07,1,7,6
2023-06-08,1,7,6
2023-06-09,1,7,4
2023-06-10,1,7,10
2023-06-11,1,7,7
2023-06-12,1,7,5
2023-06-13,1,7,6
2023-06-14,1,7,7
2023-06-15,1,7,9
2023-06-16,1,7,7
2023-06-17,1,7,8
2023-06-18,1,7,7
2023-06-19,1,7,3
2023-06-20,1,7,6
2023-06-21,1,7,6
2023-06-22,1,7,7
2023-06-23,1,7,7
2023-06-24,1,7,6
2023-06-25,1,7,8
2023-06-26,1,7,8
2023-06-27,1,7,5
2023-06-28,1,7,8
2023-06-29,1,7,5
2023-06-30,1,7,7
2023-07-01,1,7,5
2023-07-02,1,7,7
2023-07-03,1,7,5
2023-07-04,1,7,4
2023-07-05,1,7,8
2023-07-06,1,7,8
2023-07-07,1,7,5
2023-07-08,1,7,10
2023-07-09,1,7,8
2023-07-10,1,7,6
2023-07-11,1,7,5
2023-07-12,1,7,7
2023-07-13,1,7,4
2023-07-14,1,7,6
2023-07-15,1,7,5
2023-07-16,1,7,8
2023-07-17,1,7,6
2023-07-18,1,7,7
2023-07-19,1,7,7
2023-07-20,1,7,5
2023-07-21,1,7,5
2023-07-22,1,7,9
2023-07-23,1,7,6
2023-07-24,1,7,7
2023-07-25,1,7,8
2023-07-26,1,7,7
2023-07-27,1,7,6
2023-07-28,1,7,11
2023-07-29,1,7,8
2023-07-30,1,7,2
2023-07-31,1,7,10
2023-08-01,1,7,4
2023-08-02,1,7,5
2023-08-03,1,7,5
2023-08-04,1,7,8
2023-08-05,1,7,10
2023-08-06,1,7,8
2023-08-07,1,7,9
2023-08-08,1,7,5
2023-08-09,1,7,7
2023-08-10,1,7,9
2023-08-11,1,7,5
2023-08-12,1,7,10
2023-08-13,1,7,7
2023-08-14,1,7,7
2023-08-15,1,7,5
2023-08-16,1,7,5
2023-08-17,1,7,6
2023-08-18,1,7,10
2023-08-19,1,7,6
2023-08-20,1,7,10
2023-08-21,1,7,6
2023-08-22,1,7,5
2023-08-23,1,7,5
2023-08-24,1,7,7
2023-08-25,1,7,8
2023-08-26,1,7,8
2023-08-27,1,7,10
2023-08-28,1,7,5
2023-08-29,1,7,7
2023-08-30,1,7,5
2023-08-31,1,7,2
2023-09-01,1,7,8
2023-09-02,1,7,9
2023-09-03,1,7,7
2023-09-04,1,7,9
2023-09-05,1,7,7
2023-09-06,1,7,6
2023-09-07,1,7,7
2023-09-08,1,7,9
2023-09-09,1,7,7
2023-09-10,1,7,7
2023-09-11,1,7,8
2023-09-12,1,7,5
2023-09-13,1,7,8
2023-09-14,1,7,3
2023-09-15,1,7,6
2023-09-16,1,7,10
2023-09-17,1,7,4
2023-09-18,1,7,5
2023-09-19,1,7,7
2023-09-20,1,7,6
2023-09-21,1,7,3
2023-09-22,1,7,3
2023-09-23,1,7,8
2023-09-24,1,7,9
2023-09-25,1,7,8
2023-09-26,1,7,6
2023-09-27,1,7,5
2023-09-28,1,7,7
2023-09-29,1,7,5
2023-09-30,1,7,7
2023-10-01,1,7,8
2023-10-02,1,7,6
2023-10-03,1,7,5
2023-10-04,1,7,5
2023-10-05,1,7,6
2023-10-06,1,7,7
2023-10-07,1,7,5
2023-10-08,1,7,7
2023-10-09,1,7,5
2023-10-10,1,7,6
2023-10-11,1,7,6
2023-10-12,1,7,9
2023-10-13,1,7,10
2023-10-14,1,7,5
2023-10-15,1,7,9
2023-10-16,1,7,7
2023-10-17,1,7,2
2023-10-18,1,7,4
2023-10-19,1,7,3
2023-10-20,1,7,6
2023-10-21,1,7,6
2023-10-22,1,7,7
2023-10-23,1,7,4
2023-10-24,1,7,5
2023-10-25,1,7,8
2023-10-26,1,7,6
2023-10-27,1,7,6
2023-10-28,1,7,4
2023-10-29,1,7,7
2023-10-30,1,7,7
2023-10-31,1,7,5
2023-11-01,1,7,4
2023-11-02,1,7,5
2023-11-03,1,7,9
2023-11-04,1,7,8
2023-11-05,1,7,7
2023-11-06,1,7,7
2023-11-07,1,7,8
2023-11-08,1,7,6
2023-11-09,1,7,5
2023-11-10,1,7,6
2023-11-11,1,7,11
2023-11-12,1,7,12
2023-11-13,1,7,5
2023-11-14,1,7,8
2023-11-15,1,7,5
2023-11-16,1,7,9
2023-11-17,1,7,6
2023-11-18,1,7,10
2023-11-19,1,7,10
2023-11-20,1,7,8
2023-11-21,1,7,6
2023-11-22,1,7,8
2023-11-23,1,7,9
2023-11-24,1,7,8
2023-11-25,1,7,10
2023-11-26,1,7,7
2023-11-27,1,7,5
2023-11-28,1,7,6
2023-11-29,1,7,9
2023-11-30,1,7,6
2023-12-01,1,7,10
2023-12-02,1,7,11
2023-12-03,1,7,11
2023-12-04,1,7,11
2023-12-05,1,7,10
2023-12-06,1,7,10
2023-12-07,1,7,7
2023-12-08,1,7,5
2023-12-09,1,7,8
2023-12-10,1,7,9
2023-12-11,1,7,9
2023-12-12,1,7,7
2023-12-13,1,7,8
2023-12-14,1,7,6
2023-12-15,1,7,11
2023-12-16,1,7,7
2023-12-17,1,7,8
2023-12-18,1,7,8
2023-12-19,1,7,7
2023-12-20,1,7,7
2023-12-21,1,7,3
2023-12-22,1,7,11
2023-12-23,1,7,7
2023-12-24,1,7,9
2023-12-25,1,7,5
2023-12-26,1,7,7
2023-12-27,1,7,6
2023-12-28,1,7,9
2023-12-29,1,7,4
2023-12-30,1,7,8
2023-12-31,1,7,8
2023-01-01,1,8,2
2023-01-02,1,8,2
2023-01-03,1,8,2
2023-01-04,1,8,3
2023-01-05,1,8,0
2023-01-06,1,8,2
2023-01-07,1,8,3
2023-01-08,1,8,2
2023-01-09,1,8,2
2023-01-10,1,8,1
2023-01-11,1,8,2
2023-01-12,1,8,4
2023-01-13,1,8,3
2023-01-14,1,8,3
2023-01-15,1,8,3
2023-01-16,1,8,1
2023-01-17,1,8,3
2023-01-18,1,8,3
2023-01-19,1,8,3
2023-01-20,1,8,3
2023-01-21,1,8,3
2023-01-22,1,8,5
2023-01-23,1,8,3
2023-01-24,1,8,2
2023-01-25,1,8,3
2023-01-26,1,8,5
2023-01-27,1,8,4
2023-01-28,1,8,4
2023-01-29,1,8,3
2023-01-30,1,8,2
2023-01-31,1,8,3
2023-02-01,1,8,2
2023-02-02,1,8,2
2023-02-03,1,8,2
2023-02-04,1,8,3
2023-02-05,1,8,3
2023-02-06,1,8,4
2023-02-07,1,8,1
2023-02-08,1,8,3
2023-02-09,1,8,3
2023-02-10,1,8,3
2023-02-11,1,8,4
2023-02-12,1,8,2
2023-02-13,1,8,3
2023-02-14,1,8,2
2023-02-15,1,8,2
2023-02-16,1,8,3
2023-02-17,1,8,3
2023-02-18,1,8,4
2023-02-19,1,8,3
2023-02-20,1,8,3
2023-02-21,1,8,2
2023-02-22,1,8,3
2023-02-23,1,8,1
2023-02-24,1,8,3
2023-02-25,1,8,6
2023-02-26,1,8,2
2023-02-27,1,8,2
2023-02-28,1,8,2
2023-03-01,1,8,4
2023-03-02,1,8,3
2023-03-03,1,8,2
2023-03-04,1,8,3
2023-03-05,1,8,4
2023-03-06,1,8,3
2023-03-07,1,8,3
2023-03-08,1,8,2
2023-03-09,1,8,3
2023-03-10,1,8,4
2023-03-11,1,8,3
2023-03-12,1,8,4
2023-03-13,1,8,3
2023-03-14,1,8,3
2023-03-15,1,8,2
2023-03-16,1,8,2
2023-03-17,1,8,2
2023-03-18,1,8,4
2023-03-19,1,8,3
2023-03-20,1,8,4
2023-03-21,1,8,2
2023-03-22,1,8,3
2023-03-23,1,8,4
2023-03-24,1,8,3
2023-03-25,1,8,4
2023-03-26,1,8,4
2023-03-27,1,8,2
2023-03-28,1,8,2
2023-03-29,1,8,2
2023-03-30,1,8,2
2023-03-31,1,8,3
2023-04-01,1,8,4
2023-04-02,1,8,4
2023-04-03,1,8,2
2023-04-04,1,8,3
2023-04-05,1,8,4
2023-04-06,1,8,2
2023-04-07,1,8,3
2023-04-08,1,8,3
2023-04-09,1,8,3
2023-04-10,1,8,3
2023-04-11,1,8,3
2023-04-12,1,8,3
2023-04-13,1,8,2
2023-04-14,1,8,5
2023-04-15,1,8,4
2023-04-16,1,8,2
2023-04-17,1,8,3
2023-04-18,1,8,4
2023-04-19,1,8,4
2023-04-20,1,8,2
2023-04-21,1,8,4
2023-04-22,1,8,1
2023-04-23,1,8,4
2023-04-24,1,8,4
2023-04-25,1,8,3
2023-04-26,1,8,3
2023-04-27,1,8,3
2023-04-28,1,8,4
2023-04-29,1,8,3
2023-04-30,1,8,4
2023-05-01,1,8,3
2023-05-02,1,8,3
2023-05-03,1,8,2
2023-05-04,1,8,3
2023-05-05,1,8,4
2023-05-06,1,8,5
2023-05-07,1,8,3
2023-05-08,1,8,3
2023-05-09,1,8,2
2023-05-10,1,8,2
2023-05-11,1,8,4
2023-05-12,1,8,5
2023-05-13,1,8,5
2023-05-14,1,8,4
2023-05-15,1,8,4
2023-05-16,1,8,4
2023-05-17,1,8,5
2023-05-18,1,8,3
2023-05-19,1,8,3
2023-05-20,1,8,4
2023-05-21,1,8,3
2023-05-22,1,8,3
2023-05-23,1,8,3
2023-05-24,1,8,3
2023-05-25,1,8,2
2023-05-26,1,8,3
2023-05-27,1,8,4
2023-05-28,1,8,3
2023-05-29,1,8,4
2023-05-30,1,8,3
2023-05-31,1,8,4
2023-06-01,1,8,5
2023-06-02,1,8,5
2023-06-03,1,8,4
2023-06-04,1,8,3
2023-06-05,1,8,4
2023-06-06,1,8,3
2023-06-07,1,8,3
2023-06-08,1,8,2
2023-06-09,1,8,3
2023-06-10,1,8,4
2023-06-11,1,8,4
2023-06-12,1,8,4
2023-06-13,1,8,2
2023-06-14,1,8,3
2023-06-15,1,8,5
2023-06-16,1,8,2
2023-06-17,1,8,5
2023-06-18,1,8,3
2023-06-19,1,8,4
2023-06-20,1,8,4
2023-06-21,1,8,3
2023-06-22,1,8,3
2023-06-23,1,8,3
2023-06-24,1,8,4
2023-06-25,1,8,4
2023-06-26,1,8,4
2023-06-27,1,8,4
2023-06-28,1,8,3
2023-06-29,1,8,3
2023-06-30,1,8,4
2023-07-01,1,8,3
2023-07-02,1,8,5
2023-07-03,1,8,3
2023-07-04,1,8,5
2023-07-05,1,8,3
2023-07-06,1,8,5
2023-07-07,1,8,4
2023-07-08,1,8,6
2023-07-09,1,8,4
2023-07-10,1,8,4
2023-07-11,1,8,3
2023-07-12,1,8,3
2023-07-13,1,8,3
2023-07-14,1,8,3
2023-07-15,1,8,7
2023-07-16,1,8,5
2023-07-17,1,8,5
2023-07-18,1,8,3
2023-07-19,1,8,5
2023-07-20,1,8,4
2023-07-21,1,8,6
2023-07-22,1,8,5
2023-07-23,1,8,3
2023-07-24,1,8,4
2023-07-25,1,8,5
2023-07-26,1,8,5
2023-07-27,1,8,5
2023-07-28,1,8,5
2023-07-29,1,8,7
2023-07-30,1,8,7
2023-07-31,1,8,4
2023-08-01,1,8,4
2023-08-02,1,8,3
2023-08-03,1,8,1
2023-08-04,1,8,3
2023-08-05,1,8,4
2023-08-06,1,8,5
2023-08-07,1,8,1
2023-08-08,1,8,3
2023-08-09,1,8,4
2023-08-10,1,8,6
2023-08-11,1,8,3
2023-08-12,1,8,5
2023-08-13,1,8,3
2023-08-14,1,8,2
2023-08-15,1,8,4
2023-08-16,1,8,5
2023-08-17,1,8,4
2023-08-18,1,8,4
2023-08-19,1,8,6
2023-08-20,1,8,3
2023-08-21,1,8,4
2023-08-22,1,8,5
2023-08-23,1,8,4
2023-08-24,1,8,5
2023-08-25,1,8,4
2023-08-26,1,8,4
2023-08-27,1,8,5
2023-08-28,1,8,5
2023-08-29,1,8,3
2023-08-30,1,8,2
2023-08-31,1,8,4
2023-09-01,1,8,3
2023-09-02,1,8,6
2023-09-03,1,8,4
2023-09-04,1,8,2
2023-09-05,1,8,4
2023-09-06,1,8,3
2023-09-07,1,8,4
2023-09-08,1,8,3
2023-09-09,1,8,3
2023-09-10,1,8,4
2023-09-11,1,8,5
2023-09-12,1,8,3
2023-09-13,1,8,3
2023-09-14,1,8,5
2023-09-15,1,8,3
2023-09-16,1,8,1
2023-09-17,1,8,3
2023-09-18,1,8,4
2023-09-19,1,8,2
2023-09-20,1,8,3
2023-09-21,1,8,2
2023-09-22,1,8,5
2023-09-23,1,8,5
2023-09-24,1,8,4
2023-09-25,1,8,3
2023-09-26,1,8,3
2023-09-27,1,8,4
2023-09-28,1,8,2
2023-09-29,1,8,2
2023-09-30,1,8,6
2023-10-01,1,8,6
2023-10-02,1,8,3
2023-10-03,1,8,3
2023-10-04,1,8,3
2023-10-05,1,8,3
2023-10-06,1,8,2
2023-10-07,1,8,5
2023-10-08,1,8,3
2023-10-09,1,8,2
2023-10-10,1,8,3
2023-10-11,1,8,2
2023-10-12,1,8,4
2023-10-13,1,8,3
2023-10-14,1,8,4
2023-10-15,1,8,5
2023-10-16,1,8,2
2023-10-17,1,8,2
2023-10-18,1,8,3
2023-10-19,1,8,3
2023-10-20,1,8,5
2023-10-21,1,8,3
2023-10-22,1,8,5
2023-10-23,1,8,2
2023-10-24,1,8,2
2023-10-25,1,8,3
2023-10-26,1,8,2
2023-10-27,1,8,3
2023-10-28,1,8,3
2023-10-29,1,8,5
2023-10-30,1,8,3
2023-10-31,1,8,3
2023-11-01,1,8,3
2023-11-02,1,8,5
2023-11-03,1,8,5
2023-11-04,1,8,5
2023-11-05,1,8,5
2023-11-06,1,8,5
2023-11-07,1,8,3
2023-11-08,1,8,5
2023-11-09,1,8,2
2023-11-10,1,8,4
2023-11-11,1,8,6
2023-11-12,1,8,4
2023-11-13,1,8,3
2023-11-14,1,8,4
2023-11-15,1,8,2
2023-11-16,1,8,4
2023-11-17,1,8,5
2023-11-18,1,8,7
2023-11-19,1,8,5
2023-11-20,1,8,5
2023-11-21,1,8,4
2023-11-22,1,8,5
2023-11-23,1,8,4
2023-11-24,1,8,4
2023-11-25,1,8,4
2023-11-26,1,8,7
2023-11-27,1,8,5
2023-11-28,1,8,3
2023-11-29,1,8,4
2023-11-30,1,8,4
2023-12-01,1,8,4
2023-12-02,1,8,4
2023-12-03,1,8,5
2023-12-04,1,8,4
2023-12-05,1,8,4
2023-12-06,1,8,6
2023-12-07,1,8,4
2023-12-08,1,8,2
2023-12-09,1,8,4
2023-12-10,1,8,5
2023-12-11,1,8,4
2023-12-12,1,8,6
2023-12-13,1,8,3
2023-12-14,1,8,3
2023-12-15,1,8,3
2023-12-16,1,8,4
2023-12-17,1,8,4
2023-12-18,1,8,7
2023-12-19,1,8,4
2023-12-20,1,8,5
2023-12-21,1,8,4
2023-12-22,1,8,6
2023-12-23,1,8,5
2023-12-24,1,8,5
2023-12-25,1,8,4
2023-12-26,1,8,4
2023-12-27,1,8,5
2023-12-28,1,8,6
2023-12-29,1,8,5
2023-12-30,1,8,4
2023-12-31,1,8,7
2023-01-01,1,9,10
2023-01-02,1,9,8
2023-01-03,1,9,6
2023-01-04,1,9,5
2023-01-05,1,9,6
2023-01-06,1,9,8
2023-01-07,1,9,9
2023-01-08,1,9,5
2023-01-09,1,9,7
2023-01-10,1,9,6
2023-01-11,1,9,4
2023-01-12,1,9,6
2023-01-13,1,9,10
2023-01-14,1,9,4
2023-01-15,1,9,9
2023-01-16,1,9,6
2023-01-17,1,9,5
2023-01-18,1,9,5
2023-01-19,1,9,6
2023-01-20,1,9,5
2023-01-21,1,9,7
2023-01-22,1,9,8
2023-01-23,1,9,3
2023-01-24,1,9,7
2023-01-25,1,9,7
2023-01-26,1,9,7
2023-01-27,1,9,5
2023-01-28,1,9,10
2023-01-29,1,9,1
2023-01-30,1,9,9
2023-01-31,1,9,7
2023-02-01,1,9,5
2023-02-02,1,9,7
2023-02-03,1,9,6
2023-02-04,1,9,4
2023-02-05,1,9,9
2023-02-06,1,9,5
2023-02-07,1,9,7
2023-02-08,1,9,7
2023-02-09,1,9,8
2023-02-10,1,9,10
2023-02-11,1,9,8
2023-02-12,1,9,8
2023-02-13,1,9,7
2023-02-14,1,9,3
2023-02-15,1,9,8
2023-02-16,1,9,7
2023-02-17,1,9,10
2023-02-18,1,9,8
2023-02-19,1,9,6
2023-02-20,1,9,9
2023-02-21,1,9,6
2023-02-22,1,9,6
2023-02-23,1,9,7
2023-02-24,1,9,5
2023-02-25,1,9,9
2023-02-26,1,9,12
2023-02-27,1,9,7
2023-02-28,1,9,6
2023-03-01,1,9,6
2023-03-02,1,9,8
2023-03-03,1,9,7
2023-03-04,1,9,11
2023-03-05,1,9,9
2023-03-06,1,9,12
2023-03-07,1,9,10
2023-03-08,1,9,9
2023-03-09,1,9,7
2023-03-10,1,9,7
2023-03-11,1,9,6
2023-03-12,1,9,6
2023-03-13,1,9,7
2023-03-14,1,9,7
2023-03-15,1,9,4
2023-03-16,1,9,9
2023-03-17,1,9,4
2023-03-18,1,9,12
2023-03-19,1,9,7
2023-03-20,1,9,6
2023-03-21,1,9,9
2023-03-22,1,9,10
2023-03-23,1,9,8
2023-03-24,1,9,9
2023-03-25,1,9,11
2023-03-26,1,9,9
2023-03-27,1,9,13
2023-03-28,1,9,7
2023-03-29,1,9,7
2023-03-30,1,9,5
2023-03-31,1,9,10
2023-04-01,1,9,7
2023-04-02,1,9,10
2023-04-03,1,9,8
2023-04-04,1,9,5
2023-04-05,1,9,13
2023-04-06,1,9,6
2023-04-07,1,9,10
2023-04-08,1,9,11
2023-04-09,1,9,9
2023-04-10,1,9,9
2023-04-11,1,9,5
2023-04-12,1,9,7
2023-04-13,1,9,6
2023-04-14,1,9,12
2023-04-15,1,9,5
2023-04-16,1,9,12
2023-04-17,1,9,5
2023-04-18,1,9,5
2023-04-19,1,9,6
2023-04-20,1,9,8
2023-04-21,1,9,7
2023-04-22,1,9,11
2023-04-23,1,9,6
2023-04-24,1,9,7
2023-04-25,1,9,8
2023-04-26,1,9,7
2023-04-27,1,9,6
2023-04-28,1,9,9
2023-04-29,1,9,6
2023-04-30,1,9,4
2023-05-01,1,9,8
2023-05-02,1,9,11
2023-05-03,1,9,11
2023-05-04,1,9,5
2023-05-05,1,9,10
2023-05-06,1,9,11
2023-05-07,1,9,6
2023-05-08,1,9,9
2023-05-09,1,9,6
2023-05-10,1,9,7
2023-05-11,1,9,10
2023-05-12,1,9,8
2023-05-13,1,9,10
2023-05-14,1,9,6
2023-05-15,1,9,9
2023-05-16,1,9,12
2023-05-17,1,9,8
2023-05-18,1,9,4
2023-05-19,1,9,8
2023-05-20,1,9,8
2023-05-21,1,9,5
2023-05-22,1,9,8
2023-05-23,1,9,7
2023-05-24,1,9,8
2023-05-25,1,9,8
2023-05-26,1,9,8
2023-05-27,1,9,10
2023-05-28,1,9,10
2023-05-29,1,9,8
2023-05-30,1,9,5
2023-05-31,1,9,9
2023-06-01,1,9,11
2023-06-02,1,9,9
2023-06-03,1,9,11
2023-06-04,1,9,9
2023-06-05,1,9,8
2023-06-06,1,9,8
2023-06-07,1,9,7
2023-06-08,1,9,7
2023-06-09,1,9,8
2023-06-10,1,9,8
2023-06-11,1,9,2
2023-06-12,1,9,11
2023-06-13,1,9,5
2023-06-14,1,9,10
2023-06-15,1,9,8
2023-06-16,1,9,10
2023-06-17,1,9,2
2023-06-18,1,9,11
2023-06-19,1,9,8
2023-06-20,1,9,7
2023-06-21,1,9,10
2023-06-22,1,9,11
2023-06-23,1,9,6
2023-06-24,1,9,6
2023-06-25,1,9,10
2023-06-26,1,9,10
2023-06-27,1,9,3
2023-06-28,1,9,7
2023-06-29,1,9,6
2023-06-30,1,9,8
2023-07-01,1,9,5
2023-07-02,1,9,8
2023-07-03,1,9,5
2023-07-04,1,9,9
2023-07-05,1,9,8
2023-07-06,1,9,7
2023-07-07,1,9,10
2023-07-08,1,9,17
2023-07-09,1,9,6
2023-07-10,1,9,13
2023-07-11,1,9,10
2023-07-12,1,9,9
2023-07-13,1,9,7
2023-07-14,1,9,9
2023-07-15,1,9,11
2023-07-16,1,9,10
2023-07-17,1,9,7
2023-07-18,1,9,4
2023-07-19,1,9,7
2023-07-20,1,9,13
2023-07-21,1,9,15
2023-07-22,1,9,13
2023-07-23,1,9,11
2023-07-24,1,9,14
2023-07-25,1,9,12
2023-07-26,1,9,8
2023-07-27,1,9,9
2023-07-28,1,9,8
2023-07-29,1,9,13
2023-07-30,1,9,9
2023-07-31,1,9,10
2023-08-01,1,9,9
2023-08-02,1,9,6
2023-08-03,1,9,15
2023-08-04,1,9,3
2023-08-05,1,9,8
2023-08-06,1,9,9
2023-08-07,1,9,8
2023-08-08,1,9,8
2023-08-09,1,9,8
2023-08-10,1,9,5
2023-08-11,1,9,14
2023-08-12,1,9,10
2023-08-13,1,9,15
2023-08-14,1,9,11
2023-08-15,1,9,10
2023-08-16,1,9,13
2023-08-17,1,9,13
2023-08-18,1,9,8
2023-08-19,1,9,9
2023-08-20,1,9,12
2023-08-21,1,9,11
2023-08-22,1,9,11
2023-08-23,1,9,7
2023-08-24,1,9,8
2023-08-25,1,9,10
2023-08-26,1,9,15
2023-08-27,1,9,14
2023-08-28,1,9,10
2023-08-29,1,9,11
2023-08-30,1,9,5
2023-08-31,1,9,6
2023-09-01,1,9,8
2023-09-02,1,9,15
2023-09-03,1,9,7
2023-09-04,1,9,9
2023-09-05,1,9,10
2023-09-06,1,9,11
2023-09-07,1,9,10
2023-09-08,1,9,8
2023-09-09,1,9,12
2023-09-10,1,9,13
2023-09-11,1,9,13
2023-09-12,1,9,11
2023-09-13,1,9,4
2023-09-14,1,9,4
2023-09-15,1,9,6
2023-09-16,1,9,15
2023-09-17,1,9,11
2023-09-18,1,9,9
2023-09-19,1,9,6
2023-09-20,1,9,6
2023-09-21,1,9,14
2023-09-22,1,9,9
2023-09-23,1,9,19
2023-09-24,1,9,14
2023-09-25,1,9,7
2023-09-26,1,9,10
2023-09-27,1,9,8
2023-09-28,1,9,12
2023-09-29,1,9,6
2023-09-30,1,9,12
2023-10-01,1,9,11
2023-10-02,1,9,16
2023-10-03,1,9,8
2023-10-04,1,9,8
2023-10-05,1,9,5
2023-10-06,1,9,7
2023-10-07,1,9,16
2023-10-08,1,9,9
2023-10-09,1,9,8
2023-10-10,1,9,6
2023-10-11,1,9,9
2023-10-12,1,9,9
2023-10-13,1,9,11
2023-10-14,1,9,9
2023-10-15,1,9,10
2023-10-16,1,9,7
2023-10-17,1,9,5
2023-10-18,1,9,10
2023-10-19,1,9,5
2023-10-20,1,9,9
2023-10-21,1,9,9
2023-10-22,1,9,7
2023-10-23,1,9,8
2023-10-24,1,9,9
2023-10-25,1,9,8
2023-10-26,1,9,10
2023-10-27,1,9,8
2023-10-28,1,9,9
2023-10-29,1,9,11
2023-10-30,1,9,7
2023-10-31,1,9,6
2023-11-01,1,9,13
2023-11-02,1,9,9
2023-11-03,1,9,9
2023-11-04,1,9,12
2023-11-05,1,9,7
2023-11-06,1,9,13
2023-11-07,1,9,7
2023-11-08,1,9,10
2023-11-09,1,9,5
2023-11-10,1,9,8
2023-11-11,1,9,14
2023-11-12,1,9,18
2023-11-13,1,9,6
2023-11-14,1,9,8
2023-11-15,1,9,9
2023-11-16,1,9,14
2023-11-17,1,9,12
2023-11-18,1,9,6
2023-11-19,1,9,10
2023-11-20,1,9,11
2023-11-21,1,9,8
2023-11-22,1,9,10
2023-11-23,1,9,11
2023-11-24,1,9,13
2023-11-25,1,9,12
2023-11-26,1,9,8
2023-11-27,1,9,15
2023-11-28,1,9,8
2023-11-29,1,9,10
2023-11-30,1,9,10
2023-12-01,1,9,10
2023-12-02,1,9,11
2023-12-03,1,9,13
2023-12-04,1,9,10
2023-12-05,1,9,8
2023-12-06,1,9,15
2023-12-07,1,9,12
2023-12-08,1,9,6
2023-12-09,1,9,14
2023-12-10,1,9,18
2023-12-11,1,9,13
2023-12-12,1,9,8
2023-12-13,1,9,12
2023-12-14,1,9,10
2023-12-15,1,9,10
2023-12-16,1,9,10
2023-12-17,1,9,14
2023-12-18,1,9,9
2023-12-19,1,9,14
2023-12-20,1,9,9
2023-12-21,1,9,11
2023-12-22,1,9,13
2023-12-23,1,9,15
2023-12-24,1,9,10
2023-12-25,1,9,6
2023-12-26,1,9,9
2023-12-27,1,9,12
2023-12-28,1,9,11
2023-12-29,1,9,8
2023-12-30,1,9,15
2023-12-31,1,9,12
2023-01-01,1,10,2
2023-01-02,1,10,1
2023-01-03,1,10,2
2023-01-04,1,10,2
2023-01-05,1,10,1
2023-01-06,1,10,2
2023-01-07,1,10,2
2023-01-08,1,10,2
2023-01-09,1,10,3
2023-01-10,1,10,1
2023-01-11,1,10,1
2023-01-12,1,10,1
2023-01-13,1,10,2
2023-01-14,1,10,2
2023-01-15,1,10,2
2023-01-16,1,10,1
2023-01-17,1,10,1
2023-01-18,1,10,1
2023-01-19,1,10,0
2023-01-20,1,10,1
2023-01-21,1,10,1
2023-01-22,1,10,2
2023-01-23,1,10,2
2023-01-24,1,10,2
2023-01-25,1,10,1
2023-01-26,1,10,1
2023-01-27,1,10,1
2023-01-28,1,10,3
2023-01-29,1,10,2
2023-01-30,1,10,1
2023-01-31,1,10,2
2023-02-01,1,10,2
2023-02-02,1,10,2
2023-02-03,1,10,2
2023-02-04,1,10,2
2023-02-05,1,10,1
2023-02-06,1,10,1
2023-02-07,1,10,2
2023-02-08,1,10,2
2023-02-09,1,10,1
2023-02-10,1,10,2
2023-02-11,1,10,1
2023-02-12,1,10,1
2023-02-13,1,10,1
2023-02-14,1,10,1
2023-02-15,1,10,2
2023-02-16,1,10,2
2023-02-17,1,10,2
2023-02-18,1,10,1
2023-02-19,1,10,2
2023-02-20,1,10,1
2023-02-21,1,10,1
2023-02-22,1,10,1
2023-02-23,1,10,1
2023-02-24,1,10,2
2023-02-25,1,10,3
2023-02-26,1,10,1
2023-02-27,1,10,2
2023-02-28,1,10,1
2023-03-01,1,10,1
2023-03-02,1,10,2
2023-03-03,1,10,2
2023-03-04,1,10,3
2023-03-05,1,10,2
2023-03-06,1,10,2
2023-03-07,1,10,2
2023-03-08,1,10,2
2023-03-09,1,10,2
2023-03-10,1,10,2
2023-03-11,1,10,2
2023-03-12,1,10,3
2023-03-13,1,10,1
2023-03-14,1,10,1
2023-03-15,1,10,2
2023-03-16,1,10,1
2023-03-17,1,10,3
2023-03-18,1,10,3
2023-03-19,1,10,3
2023-03-20,1,10,2
2023-03-21,1,10,2
2023-03-22,1,10,2
2023-03-23,1,10,2
2023-03-24,1,10,2
2023-03-25,1,10,2
2023-03-26,1,10,2
2023-03-27,1,10,1
2023-03-28,1,10,2
2023-03-29,1,10,2
2023-03-30,1,10,1
2023-03-31,1,10,2
2023-04-01,1,10,2
2023-04-02,1,10,2
2023-04-03,1,10,0
2023-04-04,1,10,2
2023-04-05,1,10,2
2023-04-06,1,10,2
2023-04-07,1,10,2
2023-04-08,1,10,1
2023-04-09,1,10,1
2023-04-10,1,10,2
2023-04-11,1,10,1
2023-04-12,1,10,1
2023-04-13,1,10,1
2023-04-14,1,10,1
2023-04-15,1,10,2
2023-04-16,1,10,3
2023-04-17,1,10,3
2023-04-18,1,10,1
2023-04-19,1,10,2
2023-04-20,1,10,1
2023-04-21,1,10,1
2023-04-22,1,10,2
2023-04-23,1,10,3
2023-04-24,1,10,2
2023-04-25,1,10,1
2023-04-26,1,10,3
2023-04-27,1,10,3
2023-04-28,1,10,1
2023-04-29,1,10,3
2023-04-30,1,10,2
2023-05-01,1,10,1
2023-05-02,1,10,2
2023-05-03,1,10,2
2023-05-04,1,10,2
2023-05-05,1,10,2
2023-05-06,1,10,2
2023-05-07,1,10,3
2023-05-08,1,10,2
2023-05-09,1,10,1
2023-05-10,1,10,2
2023-05-11,1,10,2
2023-05-12,1,10,1
2023-05-13,1,10,4
2023-05-14,1,10,2
2023-05-15,1,10,2
2023-05-16,1,10,2
2023-05-17,1,10,1
2023-05-18,1,10,2
2023-05-19,1,10,1
2023-05-20,1,10,2
2023-05-21,1,10,3
2023-05-22,1,10,1
2023-05-23,1,10,1
2023-05-24,1,10,1
2023-05-25,1,10,2
2023-05-26,1,10,2
2023-05-27,1,10,3
2023-05-28,1,10,2
2023-05-29,1,10,2
2023-05-30,1,10,3
2023-05-31,1,10,2
2023-06-01,1,10,2
2023-06-02,1,10,2
2023-06-03,1,10,3
2023-06-04,1,10,1
2023-06-05,1,10,2
2023-06-06,1,10,1
2023-06-07,1,10,1
2023-06-08,1,10,1
2023-06-09,1,10,1
2023-06-10,1,10,3
2023-06-11,1,10,3
2023-06-12,1,10,2
2023-06-13,1,10,2
2023-06-14,1,10,2
2023-06-15,1,10,3
2023-06-16,1,10,1
2023-06-17,1,10,3
2023-06-18,1,10,1
2023-06-19,1,10,2
2023-06-20,1,10,1
2023-06-21,1,10,1
2023-06-22,1,10,1
2023-06-23,1,10,2
2023-06-24,1,10,3
2023-06-25,1,10,2
2023-06-26,1,10,1
2023-06-27,1,10,1
2023-06-28,1,10,2
2023-06-29,1,10,2
2023-06-30,1,10,2
2023-07-01,1,10,2
2023-07-02,1,10,3
2023-07-03,1,10,2
2023-07-04,1,10,2
2023-07-05,1,10,2
2023-07-06,1,10,3
2023-07-07,1,10,2
2023-07-08,1,10,2
2023-07-09,1,10,2
2023-07-10,1,10,3
2023-07-11,1,10,3
2023-07-12,1,10,2
2023-07-13,1,10,2
2023-07-14,1,10,4
2023-07-15,1,10,2
2023-07-16,1,10,2
2023-07-17,1,10,2
2023-07-18,1,10,3
2023-07-19,1,10,2
2023-07-20,1,10,2
2023-07-21,1,10,2
2023-07-22,1,10,4
2023-07-23,1,10,1
2023-07-24,1,10,2
2023-07-25,1,10,1
2023-07-26,1,10,2
2023-07-27,1,10,3
2023-07-28,1,10,2
2023-07-29,1,10,4
2023-07-30,1,10,3
2023-07-31,1,10,3
2023-08-01,1,10,3
2023-08-02,1,10,1
2023-08-03,1,10,3
2023-08-04,1,10,3
2023-08-05,1,10,2
2023-08-06,1,10,4
2023-08-07,1,10,1
2023-08-08,1,10,2
2023-08-09,1,10,1
2023-08-10,1,10,3
2023-08-11,1,10,3
2023-08-12,1,10,3
2023-08-13,1,10,3
2023-08-14,1,10,3
2023-08-15,1,10,2
2023-08-16,1,10,2
2023-08-17,1,10,2
2023-08-18,1,10,4
2023-08-19,1,10,2
2023-08-20,1,10,3
2023-08-21,1,10,2
2023-08-22,1,10,1
2023-08-23,1,10,2
2023-08-24,1,10,1
2023-08-25,1,10,3
2023-08-26,1,10,2
2023-08-27,1,10,2
2023-08-28,1,10,2
2023-08-29,1,10,2
2023-08-30,1,10,2
2023-08-31,1,10,2
2023-09-01,1,10,2
2023-09-02,1,10,2
2023-09-03,1,10,1
2023-09-04,1,10,2
2023-09-05,1,10,1
2023-09-06,1,10,1
2023-09-07,1,10,2
2023-09-08,1,10,2
2023-09-09,1,10,3
2023-09-10,1,10,2
2023-09-11,1,10,3
2023-09-12,1,10,2
2023-09-13,1,10,3
2023-09-14,1,10,2
2023-09-15,1,10,2
2023-09-16,1,10,2
2023-09-17,1,10,3
2023-09-18,1,10,3
2023-09-19,1,10,1
2023-09-20,1,10,2
2023-09-21,1,10,1
2023-09-22,1,10,3
2023-09-23,1,10,4
2023-09-24,1,10,3
2023-09-25,1,10,1
2023-09-26,1,10,1
2023-09-27,1,10,2
2023-09-28,1,10,3
2023-09-29,1,10,2
2023-09-30,1,10,2
2023-10-01,1,10,2
2023-10-02,1,10,1
2023-10-03,1,10,1
2023-10-04,1,10,1
2023-10-05,1,10,2
2023-10-06,1,10,1
2023-10-07,1,10,2
2023-10-08,1,10,4
2023-10-09,1,10,2
2023-10-10,1,10,2
2023-10-11,1,10,2
2023-10-12,1,10,2
2023-10-13,1,10,3
2023-10-14,1,10,1
2023-10-15,1,10,2
2023-10-16,1,10,2
2023-10-17,1,10,2
2023-10-18,1,10,2
2023-10-19,1,10,1
2023-10-20,1,10,4
2023-10-21,1,10,3
2023-10-22,1,10,2
2023-10-23,1,10,1
2023-10-24,1,10,2
2023-10-25,1,10,2
2023-10-26,1,10,1
2023-10-27,1,10,2
2023-10-28,1,10,2
2023-10-29,1,10,3
2023-10-30,1,10,3
2023-10-31,1,10,1
2023-11-01,1,10,3
2023-11-02,1,10,3
2023-11-03,1,10,4
2023-11-04,1,10,1
2023-11-05,1,10,3
2023-11-06,1,10,3
2023-11-07,1,10,3
2023-11-08,1,10,2
2023-11-09,1,10,3
2023-11-10,1,10,2
2023-11-11,1,10,3
2023-11-12,1,10,3
2023-11-13,1,10,3
2023-11-14,1,10,2
2023-11-15,1,10,2
2023-11-16,1,10,3
2023-11-17,1,10,3
2023-11-18,1,10,2
2023-11-19,1,10,3
2023-11-20,1,10,3
2023-11-21,1,10,2
2023-11-22,1,10,3
2023-11-23,1,10,2
2023-11-24,1,10,2
2023-11-25,1,10,4
2023-11-26,1,10,3
2023-11-27,1,10,3
2023-11-28,1,10,2
2023-11-29,1,10,3
2023-11-30,1,10,3
2023-12-01,1,10,2
2023-12-02,1,10,2
2023-12-03,1,10,2
2023-12-04,1,10,2
2023-12-05,1,10,2
2023-12-06,1,10,2
2023-12-07,1,10,2
2023-12-08,1,10,4
2023-12-09,1,10,5
2023-12-10,1,10,3
2023-12-11,1,10,2
2023-12-12,1,10,3
2023-12-13,1,10,3
2023-12-14,1,10,4
2023-12-15,1,10,2
2023-12-16,1,10,5
2023-12-17,1,10,2
2023-12-18,1,10,3
2023-12-19,1,10,1
2023-12-20,1,10,2
2023-12-21,1,10,3
2023-12-22,1,10,3
2023-12-23,1,10,2
2023-12-24,1,10,4
2023-12-25,1,10,3
2023-12-26,1,10,3
2023-12-27,1,10,2
2023-12-28,1,10,2
2023-12-29,1,10,2
2023-12-30,1,10,4
2023-12-31,1,10,2
2023-01-01,1,11,5
2023-01-02,1,11,3
2023-01-03,1,11,3
2023-01-04,1,11,3
2023-01-05,1,11,3
2023-01-06,1,11,2
2023-01-07,1,11,3
2023-01-08,1,11,3
2023-01-09,1,11,2
2023-01-10,1,11,1
2023-01-11,1,11,2
2023-01-12,1,11,3
2023-01-13,1,11,3
2023-01-14,1,11,4
2023-01-15,1,11,3
2023-01-16,1,11,3
2023-01-17,1,11,3
2023-01-18,1,11,1
2023-01-19,1,11,3
2023-01-20,1,11,6
2023-01-21,1,11,5
2023-01-22,1,11,3
2023-01-23,1,11,4
2023-01-24,1,11,4
2023-01-25,1,11,2
2023-01-26,1,11,3
2023-01-27,1,11,5
2023-01-28,1,11,4
2023-01-29,1,11,4
2023-01-30,1,11,2
2023-01-31,1,11,3
2023-02-01,1,11,3
2023-02-02,1,11,2
2023-02-03,1,11,5
2023-02-04,1,11,5
2023-02-05,1,11,6
2023-02-06,1,11,2
2023-02-07,1,11,4
2023-02-08,1,11,3
2023-02-09,1,11,3
2023-02-10,1,11,4
2023-02-11,1,11,2
2023-02-12,1,11,3
2023-02-13,1,11,4
2023-02-14,1,11,2
2023-02-15,1,11,4
2023-02-16,1,11,4
2023-02-17,1,11,3
2023-02-18,1,11,1
2023-02-19,1,11,6
2023-02-20,1,11,3
2023-02-21,1,11,2
2023-02-22,1,11,4
2023-02-23,1,11,3
2023-02-24,1,11,4
2023-02-25,1,11,3
2023-02-26,1,11,4
2023-02-27,1,11,3
2023-02-28,1,11,3
2023-03-01,1,11,4
2023-03-02,1,11,2
2023-03-03,1,11,5
2023-03-04,1,11,3
2023-03-05,1,11,5
2023-03-06,1,11,5
2023-03-07,1,11,3
2023-03-08,1,11,4
2023-03-09,1,11,4
2023-03-10,1,11,5
2023-03-11,1,11,2
2023-03-12,1,11,5
2023-03-13,1,11,6
2023-03-14,1,11,4
2023-03-15,1,11,4
2023-03-16,1,11,5
2023-03-17,1,11,2
2023-03-18,1,11,5
2023-03-19,1,11,4
2023-03-20,1,11,5
2023-03-21,1,11,3
2023-03-22,1,11,3
2023-03-23,1,11,5
2023-03-24,1,11,5
2023-03-25,1,11,2
2023-03-26,1,11,6
2023-03-27,1,11,5
2023-03-28,1,11,4
2023-03-29,1,11,4
2023-03-30,1,11,5
2023-03-31,1,11,5
2023-04-01,1,11,5
2023-04-02,1,11,7
2023-04-03,1,11,3
2023-04-04,1,11,4
2023-04-05,1,11,4
2023-04-06,1,11,3
2023-04-07,1,11,5
2023-04-08,1,11,5
2023-04-09,1,11,5
2023-04-10,1,11,3
2023-04-11,1,11,5
2023-04-12,1,11,4
2023-04-13,1,11,5
2023-04-14,1,11,5
2023-04-15,1,11,4
2023-04-16,1,11,2
2023-04-17,1,11,5
2023-04-18,1,11,4
2023-04-19,1,11,3
2023-04-20,1,11,5
2023-04-21,1,11,2
2023-04-22,1,11,4
2023-04-23,1,11,5
2023-04-24,1,11,5
2023-04-25,1,11,5
2023-04-26,1,11,3
2023-04-27,1,11,5
2023-04-28,1,11,3
2023-04-29,1,11,7
2023-04-30,1,11,3
2023-05-01,1,11,6
2023-05-02,1,11,3
2023-05-03,1,11,4
2023-05-04,1,11,4
2023-05-05,1,11,5
2023-05-06,1,11,4
2023-05-07,1,11,5
2023-05-08,1,11,2
2023-05-09,1,11,3
2023-05-10,1,11,2
2023-05-11,1,11,5
2023-05-12,1,11,6
2023-05-13,1,11,6
2023-05-14,1,11,6
2023-05-15,1,11,3
2023-05-16,1,11,4
2023-05-17,1,11,3
2023-05-18,1,11,3
2023-05-19,1,11,2
2023-05-20,1,11,4
2023-05-21,1,11,6
2023-05-22,1,11,4
2023-05-23,1,11,6
2023-05-24,1,11,5
2023-05-25,1,11,4
2023-05-26,1,11,5
2023-05-27,1,11,7
2023-05-28,1,11,6
2023-05-29,1,11,2
2023-05-30,1,11,5
2023-05-31,1,11,2
2023-06-01,1,11,3
2023-06-02,1,11,6
2023-06-03,1,11,5
2023-06-04,1,11,5
2023-06-05,1,11,5
2023-06-06,1,11,4
2023-06-07,1,11,6
2023-06-08,1,11,4
2023-06-09,1,11,3
2023-06-10,1,11,4
2023-06-11,1,11,5
2023-06-12,1,11,4
2023-06-13,1,11,4
2023-06-14,1,11,3
2023-06-15,1,11,7
2023-06-16,1,11,4
2023-06-17,1,11,4
2023-06-18,1,11,5
2023-06-19,1,11,3
2023-06-20,1,11,6
2023-06-21,1,11,4
2023-06-22,1,11,6
2023-06-23,1,11,4
2023-06-24,1,11,5
2023-06-25,1,11,6
2023-06-26,1,11,5
2023-06-27,1,11,4
2023-06-28,1,11,4
2023-06-29,1,11,7
2023-06-30,1,11,6
2023-07-01,1,11,7
2023-07-02,1,11,5
2023-07-03,1,11,6
2023-07-04,1,11,5
2023-07-05,1,11,1
2023-07-06,1,11,4
2023-07-07,1,11,3
2023-07-08,1,11,5
2023-07-09,1,11,6
2023-07-10,1,11,4
2023-07-11,1,11,4
2023-07-12,1,11,3
2023-07-13,1,11,5
2023-07-14,1,11,6
2023-07-15,1,11,7
2023-07-16,1,11,6
2023-07-17,1,11,5
2023-07-18,1,11,4
2023-07-19,1,11,3
2023-07-20,1,11,4
2023-07-21,1,11,5
2023-07-22,1,11,7
2023-07-23,1,11,8
2023-07-24,1,11,4
2023-07-25,1,11,4
2023-07-26,1,11,5
2023-07-27,1,11,8
2023-07-28,1,11,5
2023-07-29,1,11,5
2023-07-30,1,11,7
2023-07-31,1,11,5
2023-08-01,1,11,6
2023-08-02,1,11,5
2023-08-03,1,11,4
2023-08-04,1,11,6
2023-08-05,1,11,8
2023-08-06,1,11,9
2023-08-07,1,11,4
2023-08-08,1,11,3
2023-08-09,1,11,6
2023-08-10,1,11,6
2023-08-11,1,11,6
2023-08-12,1,11,9
2023-08-13,1,11,6
2023-08-14,1,11,4
2023-08-15,1,11,4
2023-08-16,1,11,4
2023-08-17,1,11,2
2023-08-18,1,11,7
2023-08-19,1,11,6
2023-08-20,1,11,6
2023-08-21,1,11,4
2023-08-22,1,11,6
2023-08-23,1,11,5
2023-08-24,1,11,6
2023-08-25,1,11,8
2023-08-26,1,11,7
2023-08-27,1,11,6
2023-08-28,1,11,5
2023-08-29,1,11,4
2023-08-30,1,11,4
2023-08-31,1,11,2
2023-09-01,1,11,7
2023-09-02,1,11,7
2023-09-03,1,11,6
2023-09-04,1,11,4
2023-09-05,1,11,4
2023-09-06,1,11,4
2023-09-07,1,11,4
2023-09-08,1,11,9
2023-09-09,1,11,9
2023-09-10,1,11,4
2023-09-11,1,11,5
2023-09-12,1,11,3
2023-09-13,1,11,4
2023-09-14,1,11,6
2023-09-15,1,11,4
2023-09-16,1,11,4
2023-09-17,1,11,6
2023-09-18,1,11,4
2023-09-19,1,11,7
2023-09-20,1,11,4
2023-09-21,1,11,3
2023-09-22,1,11,6
2023-09-23,1,11,5
2023-09-24,1,11,4
2023-09-25,1,11,5
2023-09-26,1,11,5
2023-09-27,1,11,3
2023-09-28,1,11,6
2023-09-29,1,11,9
2023-09-30,1,11,3
2023-10-01,1,11,6
2023-10-02,1,11,4
2023-10-03,1,11,4
2023-10-04,1,11,4
2023-10-05,1,11,4
2023-10-06,1,11,6
2023-10-07,1,11,9
2023-10-08,1,11,4
2023-10-09,1,11,5
2023-10-10,1,11,5
2023-10-11,1,11,6
2023-10-12,1,11,3
2023-10-13,1,11,3
2023-10-14,1,11,5
2023-10-15,1,11,4
2023-10-16,1,11,5
2023-10-17,1,11,4
2023-10-18,1,11,4
2023-10-19,1,11,4
2023-10-20,1,11,3
2023-10-21,1,11,4
2023-10-22,1,11,6
2023-10-23,1,11,6
2023-10-24,1,11,3
2023-10-25,1,11,5
2023-10-26,1,11,6
2023-10-27,1,11,3
2023-10-28,1,11,2
2023-10-29,1,11,3
2023-10-30,1,11,3
2023-10-31,1,11,6
2023-11-01,1,11,2
2023-11-02,1,11,8
2023-11-03,1,11,3
2023-11-04,1,11,8
2023-11-05,1,11,6
2023-11-06,1,11,5
2023-11-07,1,11,6
2023-11-08,1,11,3
2023-11-09,1,11,6
2023-11-10,1,11,4
2023-11-11,1,11,6
2023-11-12,1,11,3
2023-11-13,1,11,7
2023-11-14,1,11,5
2023-11-15,1,11,6
2023-11-16,1,11,5
2023-11-17,1,11,3
2023-11-18,1,11,4
2023-11-19,1,11,4
2023-11-20,1,11,3
2023-11-21,1,11,2
2023-11-22,1,11,5
2023-11-23,1,11,4
2023-11-24,1,11,7
2023-11-25,1,11,8
2023-11-26,1,11,6
2023-11-27,1,11,5
2023-11-28,1,11,4
2023-11-29,1,11,4
2023-11-30,1,11,6
2023-12-01,1,11,8
2023-12-02,1,11,8
2023-12-03,1,11,5
2023-12-04,1,11,5
2023-12-05,1,11,7
2023-12-06,1,11,5
2023-12-07,1,11,4
2023-12-08,1,11,8
2023-12-09,1,11,6
2023-12-10,1,11,5
2023-12-11,1,11,4
2023-12-12,1,11,5
2023-12-13,1,11,3
2023-12-14,1,11,6
2023-12-15,1,11,5
2023-12-16,1,11,8
2023-12-17,1,11,8
2023-12-18,1,11,6
2023-12-19,1,11,7
2023-12-20,1,11,6
2023-12-21,1,11,6
2023-12-22,1,11,7
2023-12-23,1,11,8
2023-12-24,1,11,6
2023-12-25,1,11,7
2023-12-26,1,11,3
2023-12-27,1,11,7
2023-12-28,1,11,4
2023-12-29,1,11,7
2023-12-30,1,11,5
2023-12-31,1,11,4
2023-01-01,1,12,5
2023-01-02,1,12,3
2023-01-03,1,12,6
2023-01-04,1,12,2
2023-01-05,1,12,2
2023-01-06,1,12,4
2023-01-07,1,12,6
2023-01-08,1,12,4
2023-01-09,1,12,3
2023-01-10,1,12,3
2023-01-11,1,12,3
2023-01-12,1,12,2
2023-01-13,1,12,6
2023-01-14,1,12,4
2023-01-15,1,12,3
2023-01-16,1,12,2
2023-01-17,1,12,3
2023-01-18,1,12,5
2023-01-19,1,12,4
2023-01-20,1,12,5
2023-01-21,1,12,4
2023-01-22,1,12,5
2023-01-23,1,12,4
2023-01-24,1,12,3
2023-01-25,1,12,2
2023-01-26,1,12,3
2023-01-27,1,12,4
2023-01-28,1,12,4
2023-01-29,1,12,5
2023-01-30,1,12,4
2023-01-31,1,12,3
2023-02-01,1,12,4
2023-02-02,1,12,2
2023-02-03,1,12,4
2023-02-04,1,12,5
2023-02-05,1,12,6
2023-02-06,1,12,5
2023-02-07,1,12,3
2023-02-08,1,12,4
2023-02-09,1,12,2
2023-02-10,1,12,6
2023-02-11,1,12,2
2023-02-12,1,12,4
2023-02-13,1,12,3
2023-02-14,1,12,3
2023-02-15,1,12,2
2023-02-16,1,12,5
2023-02-17,1,12,3
2023-02-18,1,12,6
2023-02-19,1,12,6
2023-02-20,1,12,4
2023-02-21,1,12,5
2023-02-22,1,12,4
2023-02-23,1,12,3
2023-02-24,1,12,4
2023-02-25,1,12,6
2023-02-26,1,12,4
2023-02-27,1,12,3
2023-02-28,1,12,2
2023-03-01,1,12,4
2023-03-02,1,12,5
2023-03-03,1,12,4
2023-03-04,1,12,4
2023-03-05,1,12,5
2023-03-06,1,12,5
2023-03-07,1,12,5
2023-03-08,1,12,3
2023-03-09,1,12,6
2023-03-10,1,12,2
2023-03-11,1,12,6
2023-03-12,1,12,5
2023-03-13,1,12,4
2023-03-14,1,12,3
2023-03-15,1,12,5
2023-03-16,1,12,6
2023-03-17,1,12,4
2023-03-18,1,12,5
2023-03-19,1,12,5
2023-03-20,1,12,3
2023-03-21,1,12,5
2023-03-22,1,12,5
2023-03-23,1,12,5
2023-03-24,1,12,4
2023-03-25,1,12,7
2023-03-26,1,12,5
2023-03-27,1,12,4
2023-03-28,1,12,2
2023-03-29,1,12,4
2023-03-30,1,12,2
2023-03-31,1,12,5
2023-04-01,1,12,6
2023-04-02,1,12,3
2023-04-03,1,12,4
2023-04-04,1,12,6
2023-04-05,1,12,4
2023-04-06,1,12,4
2023-04-07,1,12,3
2023-04-08,1,12,5
2023-04-09,1,12,3
2023-04-10,1,12,3
2023-04-11,1,12,3
2023-04-12,1,12,2
2023-04-13,1,12,4
2023-04-14,1,12,5
2023-04-15,1,12,6
2023-04-16,1,12,4
2023-04-17,1,12,5
2023-04-18,1,12,3
2023-04-19,1,12,1
2023-04-20,1,12,4
2023-04-21,1,12,4
2023-04-22,1,12,4
2023-04-23,1,12,4
2023-04-24,1,12,3
2023-04-25,1,12,5
2023-04-26,1,12,4
2023-04-27,1,12,6
2023-04-28,1,12,4
2023-04-29,1,12,6
2023-04-30,1,12,6
2023-05-01,1,12,5
2023-05-02,1,12,3
2023-05-03,1,12,2
2023-05-04,1,12,6
2023-05-05,1,12,3
2023-05-06,1,12,7
2023-05-07,1,12,4
2023-05-08,1,12,3
2023-05-09,1,12,4
2023-05-10,1,12,5
2023-05-11,1,12,4
2023-05-12,1,12,4
2023-05-13,1,12,4
2023-05-14,1,12,6
2023-05-15,1,12,5
2023-05-16,1,12,4
2023-05-17,1,12,5
2023-05-18,1,12,5
2023-05-19,1,12,4
2023-05-20,1,12,4
2023-05-21,1,12,4
2023-05-22,1,12,7
2023-05-23,1,12,4
2023-05-24,1,12,5
2023-05-25,1,12,4
2023-05-26,1,12,7
2023-05-27,1,12,8
2023-05-28,1,12,6
2023-05-29,1,12,4
2023-05-30,1,12,3
2023-05-31,1,12,4
2023-06-01,1,12,4
2023-06-02,1,12,4
2023-06-03,1,12,5
2023-06-04,1,12,8
2023-06-05,1,12,7
2023-06-06,1,12,4
2023-06-07,1,12,4
2023-06-08,1,12,5
2023-06-09,1,12,4
2023-06-10,1,12,3
2023-06-11,1,12,5
2023-06-12,1,12,4
2023-06-13,1,12,7
2023-06-14,1,12,4
2023-06-15,1,12,5
2023-06-16,1,12,6
2023-06-17,1,12,7
2023-06-18,1,12,5
2023-06-19,1,12,2
2023-06-20,1,12,3
2023-06-21,1,12,4
2023-06-22,1,12,2
2023-06-23,1,12,6
2023-06-24,1,12,4
2023-06-25,1,12,6
2023-06-26,1,12,5
2023-06-27,1,12,5
2023-06-28,1,12,4
2023-06-29,1,12,5
2023-06-30,1,12,5
2023-07-01,1,12,8
2023-07-02,1,12,7
2023-07-03,1,12,6
2023-07-04,1,12,5
2023-07-05,1,12,5
2023-07-06,1,12,3
2023-07-07,1,12,3
2023-07-08,1,12,6
2023-07-09,1,12,6
2023-07-10,1,12,2
2023-07-11,1,12,4
2023-07-12,1,12,5
2023-07-13,1,12,5
2023-07-14,1,12,4
2023-07-15,1,12,7
2023-07-16,1,12,7
2023-07-17,1,12,6
2023-07-18,1,12,6
2023-07-19,1,12,7
2023-07-20,1,12,2
2023-07-21,1,12,9
2023-07-22,1,12,8
2023-07-23,1,12,9
2023-07-24,1,12,6
2023-07-25,1,12,6
2023-07-26,1,12,6
2023-07-27,1,12,5
2023-07-28,1,12,6
2023-07-29,1,12,8
2023-07-30,1,12,3
2023-07-31,1,12,6
2023-08-01,1,12,3
2023-08-02,1,12,5
2023-08-03,1,12,4
2023-08-04,1,12,6
2023-08-05,1,12,5
2023-08-06,1,12,6
2023-08-07,1,12,7
2023-08-08,1,12,7
2023-08-09,1,12,5
2023-08-10,1,12,6
2023-08-11,1,12,6
2023-08-12,1,12,4
2023-08-13,1,12,6
2023-08-14,1,12,8
2023-08-15,1,12,6
2023-08-16,1,12,7
2023-08-17,1,12,5
2023-08-18,1,12,6
2023-08-19,1,12,6
2023-08-20,1,12,9
2023-08-21,1,12,6
2023-08-22,1,12,6
2023-08-23,1,12,4
2023-08-24,1,12,6
2023-08-25,1,12,9
2023-08-26,1,12,7
2023-08-27,1,12,5
2023-08-28,1,12,6
2023-08-29,1,12,4
2023-08-30,1,12,3
2023-08-31,1,12,6
2023-09-01,1,12,6
2023-09-02,1,12,6
2023-09-03,1,12,5
2023-09-04,1,12,5
2023-09-05,1,12,7
2023-09-06,1,12,4
2023-09-07,1,12,4
2023-09-08,1,12,5
2023-09-09,1,12,1
2023-09-10,1,12,5
2023-09-11,1,12,5
2023-09-12,1,12,4
2023-09-13,1,12,6
2023-09-14,1,12,7
2023-09-15,1,12,6
2023-09-16,1,12,8
2023-09-17,1,12,4
2023-09-18,1,12,4
2023-09-19,1,12,3
2023-09-20,1,12,4
2023-09-21,1,12,4
2023-09-22,1,12,5
2023-09-23,1,12,8
2023-09-24,1,12,6
2023-09-25,1,12,5
2023-09-26,1,12,6
2023-09-27,1,12,4
2023-09-28,1,12,5
2023-09-29,1,12,3
2023-09-30,1,12,7
2023-10-01,1,12,3
2023-10-02,1,12,6
2023-10-03,1,12,4
2023-10-04,1,12,5
2023-10-05,1,12,3
2023-10-06,1,12,7
2023-10-07,1,12,3
2023-10-08,1,12,3
2023-10-09,1,12,4
2023-10-10,1,12,3
2023-10-11,1,12,6
2023-10-12,1,12,6
2023-10-13,1,12,5
2023-10-14,1,12,4
2023-10-15,1,12,6
2023-10-16,1,12,4
2023-10-17,1,12,5
2023-10-18,1,12,4
2023-10-19,1,12,5
2023-10-20,1,12,4
2023-10-21,1,12,6
2023-10-22,1,12,3
2023-10-23,1,12,7
2023-10-24,1,12,5
2023-10-25,1,12,7
2023-10-26,1,12,4
2023-10-27,1,12,3
2023-10-28,1,12,4
2023-10-29,1,12,7
2023-10-30,1,12,5
2023-10-31,1,12,5
2023-11-01,1,12,8
2023-11-02,1,12,6
2023-11-03,1,12,8
2023-11-04,1,12,7
2023-11-05,1,12,7
2023-11-06,1,12,6
2023-11-07,1,12,6
2023-11-08,1,12,6
2023-11-09,1,12,2
2023-11-10,1,12,6
2023-11-11,1,12,9
2023-11-12,1,12,8
2023-11-13,1,12,5
2023-11-14,1,12,5
2023-11-15,1,12,6
2023-11-16,1,12,4
2023-11-17,1,12,4
2023-11-18,1,12,9
2023-11-19,1,12,5
2023-11-20,1,12,6
2023-11-21,1,12,8
2023-11-22,1,12,4
2023-11-23,1,12,4
2023-11-24,1,12,8
2023-11-25,1,12,5
2023-11-26,1,12,6
2023-11-27,1,12,3
2023-11-28,1,12,8
2023-11-29,1,12,4
2023-11-30,1,12,8
2023-12-01,1,12,5
2023-12-02,1,12,7
2023-12-03,1,12,6
2023-12-04,1,12,7
2023-12-05,1,12,3
2023-12-06,1,12,7
2023-12-07,1,12,4
2023-12-08,1,12,6
2023-12-09,1,12,8
2023-12-10,1,12,8
2023-12-11,1,12,7
2023-12-12,1,12,8
2023-12-13,1,12,5
2023-12-14,1,12,7
2023-12-15,1,12,6
2023-12-16,1,12,8
2023-12-17,1,12,7
2023-12-18,1,12,7
2023-12-19,1,12,2
2023-12-20,1,12,6
2023-12-21,1,12,4
2023-12-22,1,12,9
2023-12-23,1,12,10
2023-12-24,1,12,5
2023-12-25,1,12,7
2023-12-26,1,12,5
2023-12-27,1,12,6
2023-12-28,1,12,8
2023-12-29,1,12,6
2023-12-30,1,12,9
2023-12-31,1,12,6
2023-01-01,1,13,3
2023-01-02,1,13,3
2023-01-03,1,13,2
2023-01-04,1,13,2
2023-01-05,1,13,2
2023-01-06,1,13,4
2023-01-07,1,13,2
2023-01-08,1,13,3
2023-01-09,1,13,3
2023-01-10,1,13,2
2023-01-11,1,13,2
2023-01-12,1,13,3
2023-01-13,1,13,3
2023-01-14,1,13,3
2023-01-15,1,13,3
2023-01-16,1,13,2
2023-01-17,1,13,3
2023-01-18,1,13,2
2023-01-19,1,13,2
2023-01-20,1,13,1
2023-01-21,1,13,2
2023-01-22,1,13,3
2023-01-23,1,13,4
2023-01-24,1,13,2
2023-01-25,1,13,2
2023-01-26,1,13,2
2023-01-27,1,13,3
2023-01-28,1,13,4
2023-01-29,1,13,3
2023-01-30,1,13,2
2023-01-31,1,13,2
2023-02-01,1,13,1
2023-02-02,1,13,2
2023-02-03,1,13,2
2023-02-04,1,13,3
2023-02-05,1,13,3
2023-02-06,1,13,2
2023-02-07,1,13,2
2023-02-08,1,13,3
2023-02-09,1,13,2
2023-02-10,1,13,3
2023-02-11,1,13,3
2023-02-12,1,13,3
2023-02-13,1,13,2
2023-02-14,1,13,1
2023-02-15,1,13,4
2023-02-16,1,13,2
2023-02-17,1,13,4
2023-02-18,1,13,2
2023-02-19,1,13,3
2023-02-20,1,13,3
2023-02-21,1,13,2
2023-02-22,1,13,2
2023-02-23,1,13,3
2023-02-24,1,13,2
2023-02-25,1,13,3
2023-02-26,1,13,3
2023-02-27,1,13,1
2023-02-28,1,13,2
2023-03-01,1,13,3
2023-03-02,1,13,3
2023-03-03,1,13,3
2023-03-04,1,13,5
2023-03-05,1,13,4
2023-03-06,1,13,3
2023-03-07,1,13,3
2023-03-08,1,13,3
2023-03-09,1,13,2
2023-03-10,1,13,3
2023-03-11,1,13,5
2023-03-12,1,13,3
2023-03-13,1,13,1
2023-03-14,1,13,2
2023-03-15,1,13,3
2023-03-16,1,13,4
2023-03-17,1,13,2
2023-03-18,1,13,2
2023-03-19,1,13,4
2023-03-20,1,13,3
2023-03-21,1,13,3
2023-03-22,1,13,4
2023-03-23,1,13,4
2023-03-24,1,13,2
2023-03-25,1,13,4
2023-03-26,1,13,4
2023-03-27,1,13,2
2023-03-28,1,13,2
2023-03-29,1,13,2
2023-03-30,1,13,2
2023-03-31,1,13,4
2023-04-01,1,13,3
2023-04-02,1,13,2
2023-04-03,1,13,1
2023-04-04,1,13,3
2023-04-05,1,13,4
2023-04-06,1,13,2
2023-04-07,1,13,3
2023-04-08,1,13,4
2023-04-09,1,13,4
2023-04-10,1,13,3
2023-04-11,1,13,3
2023-04-12,1,13,4
2023-04-13,1,13,2
2023-04-14,1,13,3
2023-04-15,1,13,3
2023-04-16,1,13,4
2023-04-17,1,13,2
2023-04-18,1,13,2
2023-04-19,1,13,4
2023-04-20,1,13,6
2023-04-21,1,13,3
2023-04-22,1,13,6
2023-04-23,1,13,4
2023-04-24,1,13,4
2023-04-25,1,13,5
2023-04-26,1,13,3
2023-04-27,1,13,5
2023-04-28,1,13,3
2023-04-29,1,13,3
2023-04-30,1,13,3
2023-05-01,1,13,1
2023-05-02,1,13,3
2023-05-03,1,13,2
2023-05-04,1,13,3
2023-05-05,1,13,3
2023-05-06,1,13,4
2023-05-07,1,13,5
2023-05-08,1,13,4
2023-05-09,1,13,4
2023-05-10,1,13,2
2023-05-11,1,13,3
2023-05-12,1,13,3
2023-05-13,1,13,2
2023-05-14,1,13,3
2023-05-15,1,13,2
2023-05-16,1,13,4
2023-05-17,1,13,3
2023-05-18,1,13,2
2023-05-19,1,13,5
2023-05-20,1,13,4
2023-05-21,1,13,6
2023-05-22,1,13,4
2023-05-23,1,13,1
2023-05-24,1,13,3
2023-05-25,1,13,2
2023-05-26,1,13,4
2023-05-27,1,13,5
2023-05-28,1,13,3
2023-05-29,1,13,3
2023-05-30,1,13,3
2023-05-31,1,13,3
2023-06-01,1,13,3
2023-06-02,1,13,4
2023-06-03,1,13,3
2023-06-04,1,13,2
2023-06-05,1,13,1
2023-06-06,1,13,2
2023-06-07,1,13,2
2023-06-08,1,13,4
2023-06-09,1,13,4
2023-06-10,1,13,4
2023-06-11,1,13,4
2023-06-12,1,13,4
2023-06-13,1,13,4
2023-06-14,1,13,4
2023-06-15,1,13,2
2023-06-16,1,13,4
2023-06-17,1,13,3
2023-06-18,1,13,4
2023-06-19,1,13,5
2023-06-20,1,13,3
2023-06-21,1,13,4
2023-06-22,1,13,4
2023-06-23,1,13,3
2023-06-24,1,13,2
2023-06-25,1,13,2
2023-06-26,1,13,4
2023-06-27,1,13,2
2023-06-28,1,13,3
2023-06-29,1,13,4
2023-06-30,1,13,5
2023-07-01,1,13,6
2023-07-02,1,13,4
2023-07-03,1,13,5
2023-07-04,1,13,6
2023-07-05,1,13,4
2023-07-06,1,13,3
2023-07-07,1,13,4
2023-07-08,1,13,4
2023-07-09,1,13,4
2023-07-10,1,13,4
2023-07-11,1,13,5
2023-07-12,1,13,6
2023-07-13,1,13,5
2023-07-14,1,13,3
2023-07-15,1,13,2
2023-07-16,1,13,4
2023-07-17,1,13,4
2023-07-18,1,13,2
2023-07-19,1,13,3
2023-07-20,1,13,4
2023-07-21,1,13,3
2023-07-22,1,13,7
2023-07-23,1,13,2
2023-07-24,1,13,5
2023-07-25,1,13,5
2023-07-26,1,13,5
2023-07-27,1,13,3
2023-07-28,1,13,4
2023-07-29,1,13,4
2023-07-30,1,13,4
2023-07-31,1,13,3
2023-08-01,1,13,3
2023-08-02,1,13,4
2023-08-03,1,13,2
2023-08-04,1,13,6
2023-08-05,1,13,4
2023-08-06,1,13,4
2023-08-07,1,13,3
2023-08-08,1,13,4
2023-08-09,1,13,3
2023-08-10,1,13,3
2023-08-11,1,13,2
2023-08-12,1,13,3
2023-08-13,1,13,4
2023-08-14,1,13,4
2023-08-15,1,13,1
2023-08-16,1,13,5
2023-08-17,1,13,7
2023-08-18,1,13,5
2023-08-19,1,13,5
2023-08-20,1,13,5
2023-08-21,1,13,5
2023-08-22,1,13,6
2023-08-23,1,13,5
2023-08-24,1,13,2
2023-08-25,1,13,2
2023-08-26,1,13,6
2023-08-27,1,13,5
2023-08-28,1,13,3
2023-08-29,1,13,4
2023-08-30,1,13,4
2023-08-31,1,13,4
2023-09-01,1,13,5
2023-09-02,1,13,7
2023-09-03,1,13,6
2023-09-04,1,13,4
2023-09-05,1,13,3
2023-09-06,1,13,3
2023-09-07,1,13,2
2023-09-08,1,13,5
2023-09-09,1,13,3
2023-09-10,1,13,4
2023-09-11,1,13,3
2023-09-12,1,13,3
2023-09-13,1,13,4
2023-09-14,1,13,4
2023-09-15,1,13,2
2023-09-16,1,13,5
2023-09-17,1,13,4
2023-09-18,1,13,4
2023-09-19,1,13,2
2023-09-20,1,13,3
2023-09-21,1,13,3
2023-09-22,1,13,3
2023-09-23,1,13,3
2023-09-24,1,13,5
2023-09-25,1,13,3
2023-09-26,1,13,5
2023-09-27,1,13,3
2023-09-28,1,13,2
2023-09-29,1,13,3
2023-09-30,1,13,4
2023-10-01,1,13,6
2023-10-02,1,13,4
2023-10-03,1,13,2
2023-10-04,1,13,4
2023-10-05,1,13,4
2023-10-06,1,13,5
2023-10-07,1,13,6
2023-10-08,1,13,4
2023-10-09,1,13,2
2023-10-10,1,13,3
2023-10-11,1,13,3
2023-10-12,1,13,3
2023-10-13,1,13,3
2023-10-14,1,13,3
2023-10-15,1,13,3
2023-10-16,1,13,3
2023-10-17,1,13,2
2023-10-18,1,13,4
2023-10-19,1,13,4
2023-10-20,1,13,3
2023-10-21,1,13,5
2023-10-22,1,13,4
2023-10-23,1,13,3
2023-10-24,1,13,2
2023-10-25,1,13,3
2023-10-26,1,13,3
2023-10-27,1,13,4
2023-10-28,1,13,4
2023-10-29,1,13,3
2023-10-30,1,13,2
2023-10-31,1,13,3
2023-11-01,1,13,4
2023-11-02,1,13,3
2023-11-03,1,13,4
2023-11-04,1,13,5
2023-11-05,1,13,4
2023-11-06,1,13,4
2023-11-07,1,13,5
2023-11-08,1,13,4
2023-11-09,1,13,5
2023-11-10,1,13,2
2023-11-11,1,13,5
2023-11-12,1,13,4
2023-11-13,1,13,4
2023-11-14,1,13,4
2023-11-15,1,13,2
2023-11-16,1,13,3
2023-11-17,1,13,4
2023-11-18,1,13,6
2023-11-19,1,13,4
2023-11-20,1,13,5
2023-11-21,1,13,5
2023-11-22,1,13,3
2023-11-23,1,13,4
2023-11-24,1,13,3
2023-11-25,1,13,5
2023-11-26,1,13,4
2023-11-27,1,13,4
2023-11-28,1,13,4
2023-11-29,1,13,3
2023-11-30,1,13,6
2023-12-01,1,13,2
2023-12-02,1,13,6
2023-12-03,1,13,6
2023-12-04,1,13,6
2023-12-05,1,13,3
2023-12-06,1,13,2
2023-12-07,1,13,3
2023-12-08,1,13,3
2023-12-09,1,13,7
2023-12-10,1,13,3
2023-12-11,1,13,3
2023-12-12,1,13,3
2023-12-13,1,13,5
2023-12-14,1,13,4
2023-12-15,1,13,5
2023-12-16,1,13,6
2023-12-17,1,13,3
2023-12-18,1,13,1
2023-12-19,1,13,3
2023-12-20,1,13,2
2023-12-21,1,13,4
2023-12-22,1,13,6
2023-12-23,1,13,4
2023-12-24,1,13,5
2023-12-25,1,13,4
2023-12-26,1,13,3
2023-12-27,1,13,3
2023-12-28,1,13,4
2023-12-29,1,13,5
2023-12-30,1,13,5
2023-12-31,1,13,5
2023-01-01,1,14,0
2023-01-02,1,14,0
2023-01-03,1,14,0
2023-01-04,1,14,0
2023-01-05,1,14,0
2023-01-06,1,14,0
2023-01-07,1,14,1
2023-01-08,1,14,0
2023-01-09,1,14,1
2023-01-10,1,14,0
2023-01-11,1,14,0
2023-01-12,1,14,0
2023-01-13,1,14,0
2023-01-14,1,14,0
2023-01-15,1,14,0
2023-01-16,1,14,0
2023-01-17,1,14,0
2023-01-18,1,14,0
2023-01-19,1,14,0
2023-01-20,1,14,0
2023-01-21,1,14,1
2023-01-22,1,14,0
2023-01-23,1,14,0
2023-01-24,1,14,0
2023-01-25,1,14,0
2023-01-26,1,14,1
2023-01-27,1,14,0
2023-01-28,1,14,0
2023-01-29,1,14,0
2023-01-30,1,14,0
2023-01-31,1,14,1
2023-02-01,1,14,0
2023-02-02,1,14,1
2023-02-03,1,14,1
2023-02-04,1,14,1
2023-02-05,1,14,0
2023-02-06,1,14,0
2023-02-07,1,14,0
2023-02-08,1,14,0
2023-02-09,1,14,0
2023-02-10,1,14,1
2023-02-11,1,14,0
2023-02-12,1,14,1
2023-02-13,1,14,0
2023-02-14,1,14,0
2023-02-15,1,14,1
2023-02-16,1,14,0
2023-02-17,1,14,0
2023-02-18,1,14,0
2023-02-19,1,14,1
2023-02-20,1,14,0
2023-02-21,1,14,0
2023-02-22,1,14,0
2023-02-23,1,14,0
2023-02-24,1,14,0
2023-02-25,1,14,0
2023-02-26,1,14,0
2023-02-27,1,14,0
2023-02-28,1,14,0
2023-03-01,1,14,0
2023-03-02,1,14,0
2023-03-03,1,14,0
2023-03-04,1,14,0
2023-03-05,1,14,1
2023-03-06,1,14,0
2023-03-07,1,14,0
2023-03-08,1,14,0
2023-03-09,1,14,0
2023-03-10,1,14,1
2023-03-11,1,14,0
2023-03-12,1,14,1
2023-03-13,1,14,0
2023-03-14,1,14,0
2023-03-15,1,14,0
2023-03-16,1,14,0
2023-03-17,1,14,0
2023-03-18,1,14,1
2023-03-19,1,14,0
2023-03-20,1,14,0
2023-03-21,1,14,0
2023-03-22,1,14,0
2023-03-23,1,14,0
2023-03-24,1,14,0
2023-03-25,1,14,0
2023-03-26,1,14,0
2023-03-27,1,14,0
2023-03-28,1,14,0
2023-03-29,1,14,0
2023-03-30,1,14,1
2023-03-31,1,14,0
2023-04-01,1,14,0
2023-04-02,1,14,0
2023-04-03,1,14,0
2023-04-04,1,14,0
2023-04-05,1,14,0
2023-04-06,1,14,0
2023-04-07,1,14,1
2023-04-08,1,14,1
2023-04-09,1,14,0
2023-04-10,1,14,0
2023-04-11,1,14,0
2023-04-12,1,14,0
2023-04-13,1,14,1
2023-04-14,1,14,1
2023-04-15,1,14,0
2023-04-16,1,14,0
2023-04-17,1,14,0
2023-04-18,1,14,0
2023-04-19,1,14,0
2023-04-20,1,14,0
2023-04-21,1,14,0
2023-04-22,1,14,0
2023-04-23,1,14,1
2023-04-24,1,14,1
2023-04-25,1,14,0
2023-04-26,1,14,0
2023-04-27,1,14,0
2023-04-28,1,14,0
2023-04-29,1,14,0
2023-04-30,1,14,1
2023-05-01,1,14,0
2023-05-02,1,14,0
2023-05-03,1,14,1
2023-05-04,1,14,0
2023-05-05,1,14,0
2023-05-06,1,14,1
2023-05-07,1,14,0
2023-05-08,1,14,0
2023-05-09,1,14,0
2023-05-10,1,14,1
2023-05-11,1,14,0
2023-05-12,1,14,0
2023-05-13,1,14,1
2023-05-14,1,14,0
2023-05-15,1,14,0
2023-05-16,1,14,0
2023-05-17,1,14,1
2023-05-18,1,14,1
2023-05-19,1,14,1
2023-05-20,1,14,0
2023-05-21,1,14,0
2023-05-22,1,14,0
2023-05-23,1,14,1
2023-05-24,1,14,0
2023-05-25,1,14,0
2023-05-26,1,14,1
2023-05-27,1,14,1
2023-05-28,1,14,1
2023-05-29,1,14,1
2023-05-30,1,14,0
2023-05-31,1,14,0
2023-06-01,1,14,1
2023-06-02,1,14,1
2023-06-03,1,14,0
2023-06-04,1,14,1
2023-06-05,1,14,1
2023-06-06,1,14,0
2023-06-07,1,14,0
2023-06-08,1,14,0
2023-06-09,1,14,1
2023-06-10,1,14,1
2023-06-11,1,14,1
2023-06-12,1,14,0
2023-06-13,1,14,0
2023-06-14,1,14,1
2023-06-15,1,14,1
2023-06-16,1,14,0
2023-06-17,1,14,1
2023-06-18,1,14,1
2023-06-19,1,14,1
2023-06-20,1,14,0
2023-06-21,1,14,1
2023-06-22,1,14,0
2023-06-23,1,14,0
2023-06-24,1,14,0
2023-06-25,1,14,1
2023-06-26,1,14,0
2023-06-27,1,14,1
2023-06-28,1,14,0
2023-06-29,1,14,1
2023-06-30,1,14,1
2023-07-01,1,14,0
2023-07-02,1,14,1
2023-07-03,1,14,1
2023-07-04,1,14,1
2023-07-05,1,14,0
2023-07-06,1,14,1
2023-07-07,1,14,1
2023-07-08,1,14,1
2023-07-09,1,14,1
2023-07-10,1,14,0
2023-07-11,1,14,0
2023-07-12,1,14,1
2023-07-13,1,14,1
2023-07-14,1,14,1
2023-07-15,1,14,1
2023-07-16,1,14,1
2023-07-17,1,14,1
2023-07-18,1,14,1
2023-07-19,1,14,1
2023-07-20,1,14,1
2023-07-21,1,14,1
2023-07-22,1,14,0
2023-07-23,1,14,1
2023-07-24,1,14,0
2023-07-25,1,14,1
2023-07-26,1,14,0
2023-07-27,1,14,0
2023-07-28,1,14,1
2023-07-29,1,14,1
2023-07-30,1,14,1
2023-07-31,1,14,0
2023-08-01,1,14,0
2023-08-02,1,14,0
2023-08-03,1,14,0
2023-08-04,1,14,1
2023-08-05,1,14,1
2023-08-06,1,14,1
2023-08-07,1,14,1
2023-08-08,1,14,0
2023-08-09,1,14,1
2023-08-10,1,14,0
2023-08-11,1,14,0
2023-08-12,1,14,0
2023-08-13,1,14,1
2023-08-14,1,14,1
2023-08-15,1,14,0
2023-08-16,1,14,1
2023-08-17,1,14,0
2023-08-18,1,14,1
2023-08-19,1,14,1
2023-08-20,1,14,1
2023-08-21,1,14,0
2023-08-22,1,14,1
2023-08-23,1,14,1
2023-08-24,1,14,0
2023-08-25,1,14,1
2023-08-26,1,14,1
2023-08-27,1,14,0
2023-08-28,1,14,0
2023-08-29,1,14,0
2023-08-30,1,14,1
2023-08-31,1,14,1
2023-09-01,1,14,1
2023-09-02,1,14,0
2023-09-03,1,14,1
2023-09-04,1,14,1
2023-09-05,1,14,0
2023-09-06,1,14,0
2023-09-07,1,14,0
2023-09-08,1,14,1
2023-09-09,1,14,1
2023-09-10,1,14,1
2023-09-11,1,14,1
2023-09-12,1,14,0
2023-09-13,1,14,0
2023-09-14,1,14,1
2023-09-15,1,14,1
2023-09-16,1,14,1
2023-09-17,1,14,0
2023-09-18,1,14,1
2023-09-19,1,14,0
2023-09-20,1,14,0
2023-09-21,1,14,0
2023-09-22,1,14,1
2023-09-23,1,14,0
2023-09-24,1,14,1
2023-09-25,1,14,0
2023-09-26,1,14,0
2023-09-27,1,14,0
2023-09-28,1,14,0
2023-09-29,1,14,1
2023-09-30,1,14,0
2023-10-01,1,14,1
2023-10-02,1,14,1
2023-10-03,1,14,0
2023-10-04,1,14,0
2023-10-05,1,14,0
2023-10-06,1,14,0
2023-10-07,1,14,0
2023-10-08,1,14,1
2023-10-09,1,14,1
2023-10-10,1,14,0
2023-10-11,1,14,1
2023-10-12,1,14,0
2023-10-13,1,14,0
2023-10-14,1,14,1
2023-10-15,1,14,1
2023-10-16,1,14,0
2023-10-17,1,14,0
2023-10-18,1,14,0
2023-10-19,1,14,1
2023-10-20,1,14,0
2023-10-21,1,14,1
2023-10-22,1,14,1
2023-10-23,1,14,0
2023-10-24,1,14,0
2023-10-25,1,14,0
2023-10-26,1,14,0
2023-10-27,1,14,0
2023-10-28,1,14,1
2023-10-29,1,14,1
2023-10-30,1,14,0
2023-10-31,1,14,0
2023-11-01,1,14,1
2023-11-02,1,14,1
2023-11-03,1,14,1
2023-11-04,1,14,0
2023-11-05,1,14,1
2023-11-06,1,14,1
2023-11-07,1,14,1
2023-11-08,1,14,0
2023-11-09,1,14,0
2023-11-10,1,14,1
2023-11-11,1,14,1
2023-11-12,1,14,1
2023-11-13,1,14,0
2023-11-14,1,14,0
2023-11-15,1,14,0
2023-11-16,1,14,0
2023-11-17,1,14,1
2023-11-18,1,14,1
2023-11-19,1,14,0
2023-11-20,1,14,0
2023-11-21,1,14,0
2023-11-22,1,14,1
2023-11-23,1,14,1
2023-11-24,1,14,1
2023-11-25,1,14,0
2023-11-26,1,14,1
2023-11-27,1,14,1
2023-11-28,1,14,0
2023-11-29,1,14,1
2023-11-30,1,14,1
2023-12-01,1,14,0
2023-12-02,1,14,1
2023-12-03,1,14,1
2023-12-04,1,14,0
2023-12-05,1,14,1
2023-12-06,1,14,0
2023-12-07,1,14,1
2023-12-08,1,14,1
2023-12-09,1,14,1
2023-12-10,1,14,1
2023-12-11,1,14,1
2023-12-12,1,14,1
2023-12-13,1,14,1
2023-12-14,1,14,0
2023-12-15,1,14,1
2023-12-16,1,14,1
2023-12-17,1,14,1
2023-12-18,1,14,0
2023-12-19,1,14,0
2023-12-20,1,14,1
2023-12-21,1,14,1
2023-12-22,1,14,0
2023-12-23,1,14,1
2023-12-24,1,14,1
2023-12-25,1,14,1
2023-12-26,1,14,1
2023-12-27,1,14,1
2023-12-28,1,14,1
2023-12-29,1,14,0
2023-12-30,1,14,0
2023-12-31,1,14,2
2023-01-01,1,15,5
2023-01-02,1,15,4
2023-01-03,1,15,2
2023-01-04,1,15,3
2023-01-05,1,15,4
2023-01-06,1,15,2
2023-01-07,1,15,3
2023-01-08,1,15,3
2023-01-09,1,15,3
2023-01-10,1,15,3
2023-01-11,1,15,3
2023-01-12,1,15,3
2023-01-13,1,15,3
2023-01-14,1,15,7
2023-01-15,1,15,4
2023-01-16,1,15,3
2023-01-17,1,15,4
2023-01-18,1,15,2
2023-01-19,1,15,4
2023-01-20,1,15,2
2023-01-21,1,15,4
2023-01-22,1,15,2
2023-01-23,1,15,3
2023-01-24,1,15,4
2023-01-25,1,15,3
2023-01-26,1,15,5
2023-01-27,1,15,6
2023-01-28,1,15,4
2023-01-29,1,15,3
2023-01-30,1,15,2
2023-01-31,1,15,1
2023-02-01,1,15,4
2023-02-02,1,15,4
2023-02-03,1,15,5
2023-02-04,1,15,6
2023-02-05,1,15,4
2023-02-06,1,15,3
2023-02-07,1,15,2
2023-02-08,1,15,4
2023-02-09,1,15,2
2023-02-10,1,15,5
2023-02-11,1,15,3
2023-02-12,1,15,5
2023-02-13,1,15,4
2023-02-14,1,15,2
2023-02-15,1,15,3
2023-02-16,1,15,5
2023-02-17,1,15,4
2023-02-18,1,15,3
2023-02-19,1,15,4
2023-02-20,1,15,3
2023-02-21,1,15,1
2023-02-22,1,15,4
2023-02-23,1,15,4
2023-02-24,1,15,3
2023-02-25,1,15,6
2023-02-26,1,15,7
2023-02-27,1,15,4
2023-02-28,1,15,4
2023-03-01,1,15,4
2023-03-02,1,15,3
2023-03-03,1,15,7
2023-03-04,1,15,6
2023-03-05,1,15,3
2023-03-06,1,15,5
2023-03-07,1,15,3
2023-03-08,1,15,2
2023-03-09,1,15,4
2023-03-10,1,15,3
2023-03-11,1,15,6
2023-03-12,1,15,5
2023-03-13,1,15,4
2023-03-14,1,15,4
2023-03-15,1,15,4
2023-03-16,1,15,3
2023-03-17,1,15,3
2023-03-18,1,15,6
2023-03-19,1,15,6
2023-03-20,1,15,3
2023-03-21,1,15,3
2023-03-22,1,15,3
2023-03-23,1,15,3
2023-03-24,1,15,4
2023-03-25,1,15,8
2023-03-26,1,15,6
2023-03-27,1,15,4
2023-03-28,1,15,5
2023-03-29,1,15,2
2023-03-30,1,15,4
2023-03-31,1,15,4
2023-04-01,1,15,6
2023-04-02,1,15,4
2023-04-03,1,15,6
2023-04-04,1,15,3
2023-04-05,1,15,3
2023-04-06,1,15,3
2023-04-07,1,15,4
2023-04-08,1,15,5
2023-04-09,1,15,3
2023-04-10,1,15,4
2023-04-11,1,15,3
2023-04-12,1,15,4
2023-04-13,1,15,3
2023-04-14,1,15,5
2023-04-15,1,15,5
2023-04-16,1,15,5
2023-04-17,1,15,6
2023-04-18,1,15,2
2023-04-19,1,15,4
2023-04-20,1,15,3
2023-04-21,1,15,5
2023-04-22,1,15,5
2023-04-23,1,15,5
2023-04-24,1,15,3
2023-04-25,1,15,4
2023-04-26,1,15,5
2023-04-27,1,15,5
2023-04-28,1,15,3
2023-04-29,1,15,4
2023-04-30,1,15,4
2023-05-01,1,15,6
2023-05-02,1,15,3
2023-05-03,1,15,6
2023-05-04,1,15,1
2023-05-05,1,15,4
2023-05-06,1,15,4
2023-05-07,1,15,5
2023-05-08,1,15,5
2023-05-09,1,15,6
2023-05-10,1,15,4
2023-05-11,1,15,7
2023-05-12,1,15,4
2023-05-13,1,15,5
2023-05-14,1,15,4
2023-05-15,1,15,3
2023-05-16,1,15,3
2023-05-17,1,15,4
2023-05-18,1,15,6
2023-05-19,1,15,6
2023-05-20,1,15,4
2023-05-21,1,15,6
2023-05-22,1,15,3
2023-05-23,1,15,5
2023-05-24,1,15,6
2023-05-25,1,15,4
2023-05-26,1,15,6
2023-05-27,1,15,3
2023-05-28,1,15,5
2023-05-29,1,15,2
2023-05-30,1,15,3
2023-05-31,1,15,4
2023-06-01,1,15,3
2023-06-02,1,15,3
2023-06-03,1,15,7
2023-06-04,1,15,6
2023-06-05,1,15,3
2023-06-06,1,15,4
2023-06-07,1,15,2
2023-06-08,1,15,4
2023-06-09,1,15,6
2023-06-10,1,15,5
2023-06-11,1,15,6
2023-06-12,1,15,6
2023-06-13,1,15,3
2023-06-14,1,15,2
2023-06-15,1,15,5
2023-06-16,1,15,6
2023-06-17,1,15,3
2023-06-18,1,15,5
2023-06-19,1,15,3
2023-06-20,1,15,5
2023-06-21,1,15,4
2023-06-22,1,15,2
2023-06-23,1,15,6
2023-06-24,1,15,5
2023-06-25,1,15,3
2023-06-26,1,15,3
2023-06-27,1,15,4
2023-06-28,1,15,5
2023-06-29,1,15,2
2023-06-30,1,15,5
2023-07-01,1,15,6
2023-07-02,1,15,6
2023-07-03,1,15,5
2023-07-04,1,15,6
2023-07-05,1,15,6
2023-07-06,1,15,2
2023-07-07,1,15,8
2023-07-08,1,15,6
2023-07-09,1,15,5
2023-07-10,1,15,5
2023-07-11,1,15,6
2023-07-12,1,15,5
2023-07-13,1,15,5
2023-07-14,1,15,7
2023-07-15,1,15,4
2023-07-16,1,15,3
2023-07-17,1,15,5
2023-07-18,1,15,5
2023-07-19,1,15,4
2023-07-20,1,15,4
2023-07-21,1,15,6
2023-07-22,1,15,8
2023-07-23,1,15,5
2023-07-24,1,15,6
2023-07-25,1,15,6
2023-07-26,1,15,4
2023-07-27,1,15,5
2023-07-28,1,15,5
2023-07-29,1,15,5
2023-07-30,1,15,6
2023-07-31,1,15,5
2023-08-01,1,15,5
2023-08-02,1,15,5
2023-08-03,1,15,5
2023-08-04,1,15,7
2023-08-05,1,15,8
2023-08-06,1,15,7
2023-08-07,1,15,4
2023-08-08,1,15,3
2023-08-09,1,15,3
2023-08-10,1,15,5
2023-08-11,1,15,6
2023-08-12,1,15,5
2023-08-13,1,15,10
2023-08-14,1,15,4
2023-08-15,1,15,2
2023-08-16,1,15,6
2023-08-17,1,15,8
2023-08-18,1,15,6
2023-08-19,1,15,5
2023-08-20,1,15,9
2023-08-21,1,15,6
2023-08-22,1,15,5
2023-08-23,1,15,4
2023-08-24,1,15,4
2023-08-25,1,15,6
2023-08-26,1,15,6
2023-08-27,1,15,5
2023-08-28,1,15,5
2023-08-29,1,15,6
2023-08-30,1,15,4
2023-08-31,1,15,4
2023-09-01,1,15,5
2023-09-02,1,15,6
2023-09-03,1,15,5
2023-09-04,1,15,5
2023-09-05,1,15,3
2023-09-06,1,15,4
2023-09-07,1,15,4
2023-09-08,1,15,6
2023-09-09,1,15,5
2023-09-10,1,15,6
2023-09-11,1,15,4
2023-09-12,1,15,6
2023-09-13,1,15,5
2023-09-14,1,15,6
2023-09-15,1,15,5
2023-09-16,1,15,9
2023-09-17,1,15,6
2023-09-18,1,15,5
2023-09-19,1,15,6
2023-09-20,1,15,5
2023-09-21,1,15,6
2023-09-22,1,15,7
2023-09-23,1,15,4
2023-09-24,1,15,6
2023-09-25,1,15,5
2023-09-26,1,15,3
2023-09-27,1,15,5
2023-09-28,1,15,4
2023-09-29,1,15,4
2023-09-30,1,15,8
2023-10-01,1,15,5
2023-10-02,1,15,6
2023-10-03,1,15,3
2023-10-04,1,15,6
2023-10-05,1,15,4
2023-10-06,1,15,8
2023-10-07,1,15,5
2023-10-08,1,15,6
2023-10-09,1,15,6
2023-10-10,1,15,5
2023-10-11,1,15,2
2023-10-12,1,15,4
2023-10-13,1,15,6
2023-10-14,1,15,5
2023-10-15,1,15,7
2023-10-16,1,15,5
2023-10-17,1,15,4
2023-10-18,1,15,4
2023-10-19,1,15,4
2023-10-20,1,15,8
2023-10-21,1,15,3
2023-10-22,1,15,6
2023-10-23,1,15,5
2023-10-24,1,15,3
2023-10-25,1,15,4
2023-10-26,1,15,5
2023-10-27,1,15,5
2023-10-28,1,15,4
2023-10-29,1,15,5
2023-10-30,1,15,1
2023-10-31,1,15,3
2023-11-01,1,15,6
2023-11-02,1,15,6
2023-11-03,1,15,6
2023-11-04,1,15,9
2023-11-05,1,15,8
2023-11-06,1,15,5
2023-11-07,1,15,5
2023-11-08,1,15,6
2023-11-09,1,15,4
2023-11-10,1,15,4
2023-11-11,1,15,6
2023-11-12,1,15,9
2023-11-13,1,15,5
2023-11-14,1,15,5
2023-11-15,1,15,6
2023-11-16,1,15,6
2023-11-17,1,15,2
2023-11-18,1,15,7
2023-11-19,1,15,4
2023-11-20,1,15,7
2023-11-21,1,15,4
2023-11-22,1,15,3
2023-11-23,1,15,5
2023-11-24,1,15,7
2023-11-25,1,15,5
2023-11-26,1,15,7
2023-11-27,1,15,6
2023-11-28,1,15,5
2023-11-29,1,15,5
2023-11-30,1,15,3
2023-12-01,1,15,7
2023-12-02,1,15,5
2023-12-03,1,15,5
2023-12-04,1,15,3
2023-12-05,1,15,7
2023-12-06,1,15,7
2023-12-07,1,15,8
2023-12-08,1,15,6
2023-12-09,1,15,7
2023-12-10,1,15,7
2023-12-11,1,15,7
2023-12-12,1,15,5
2023-12-13,1,15,5
2023-12-14,1,15,5
2023-12-15,1,15,4
2023-12-16,1,15,9
2023-12-17,1,15,5
2023-12-18,1,15,5
2023-12-19,1,15,5
2023-12-20,1,15,6
2023-12-21,1,15,4
2023-12-22,1,15,6
2023-12-23,1,15,6
2023-12-24,1,15,5
2023-12-25,1,15,3
2023-12-26,1,15,4
2023-12-27,1,15,4
2023-12-28,1,15,6
2023-12-29,1,15,10
2023-12-30,1,15,8
2023-12-31,1,15,5
2023-01-01,1,16,1
2023-01-02,1,16,1
2023-01-03,1,16,1
2023-01-04,1,16,0
2023-01-05,1,16,0
2023-01-06,1,16,1
2023-01-07,1,16,1
2023-01-08,1,16,1
2023-01-09,1,16,1
2023-01-10,1,16,0
2023-01-11,1,16,0
2023-01-12,1,16,1
2023-01-13,1,16,1
2023-01-14,1,16,1
2023-01-15,1,16,1
2023-01-16,1,16,1
2023-01-17,1,16,1
2023-01-18,1,16,1
2023-01-19,1,16,1
2023-01-20,1,16,1
2023-01-21,1,16,1
2023-01-22,1,16,1
2023-01-23,1,16,1
2023-01-24,1,16,0
2023-01-25,1,16,1
2023-01-26,1,16,1
2023-01-27,1,16,1
2023-01-28,1,16,2
2023-01-29,1,16,1
2023-01-30,1,16,1
2023-01-31,1,16,1
2023-02-01,1,16,1
2023-02-02,1,16,0
2023-02-03,1,16,1
2023-02-04,1,16,1
2023-02-05,1,16,1
2023-02-06,1,16,1
2023-02-07,1,16,1
2023-02-08,1,16,0
2023-02-09,1,16,1
2023-02-10,1,16,1
2023-02-11,1,16,1
2023-02-12,1,16,1
2023-02-13,1,16,0
2023-02-14,1,16,1
2023-02-15,1,16,1
2023-02-16,1,16,1
2023-02-17,1,16,1
2023-02-18,1,16,1
2023-02-19,1,16,1
2023-02-20,1,16,0
2023-02-21,1,16,1
2023-02-22,1,16,1
2023-02-23,1,16,1
2023-02-24,1,16,2
2023-02-25,1,16,1
2023-02-26,1,16,1
2023-02-27,1,16,1
2023-02-28,1,16,1
2023-03-01,1,16,0
2023-03-02,1,16,1
2023-03-03,1,16,1
2023-03-04,1,16,2
2023-03-05,1,16,1
2023-03-06,1,16,1
2023-03-07,1,16,1
2023-03-08,1,16,1
2023-03-09,1,16,1
2023-03-10,1,16,1
2023-03-11,1,16,1
2023-03-12,1,16,1
2023-03-13,1,16,1
2023-03-14,1,16,1
2023-03-15,1,16,1
2023-03-16,1,16,0
2023-03-17,1,16,0
2023-03-18,1,16,2
2023-03-19,1,16,1
2023-03-20,1,16,1
2023-03-21,1,16,1
2023-03-22,1,16,1
2023-03-23,1,16,1
2023-03-24,1,16,1
2023-03-25,1,16,2
2023-03-26,1,16,1
2023-03-27,1,16,1
2023-03-28,1,16,1
2023-03-29,1,16,1
2023-03-30,1,16,1
2023-03-31,1,16,1
2023-04-01,1,16,2
2023-04-02,1,16,1
2023-04-03,1,16,1
2023-04-04,1,16,1
2023-04-05,1,16,1
2023-04-06,1,16,1
2023-04-07,1,16,1
2023-04-08,1,16,1
2023-04-09,1,16,1
2023-04-10,1,16,1
2023-04-11,1,16,1
2023-04-12,1,16,1
2023-04-13,1,16,1
2023-04-14,1,16,2
2023-04-15,1,16,1
2023-04-16,1,16,2
2023-04-17,1,16,1
2023-04-18,1,16,2
2023-04-19,1,16,0
2023-04-20,1,16,1
2023-04-21,1,16,0
2023-04-22,1,16,1
2023-04-23,1,16,2
2023-04-24,1,16,1
2023-04-25,1,16,1
2023-04-26,1,16,1
2023-04-27,1,16,1
2023-04-28,1,16,0
2023-04-29,1,16,2
2023-04-30,1,16,2
2023-05-01,1,16,1
2023-05-02,1,16,1
2023-05-03,1,16,1
2023-05-04,1,16,1
2023-05-05,1,16,2
2023-05-06,1,16,1
2023-05-07,1,16,1
2023-05-08,1,16,1
2023-05-09,1,16,0
2023-05-10,1,16,1
2023-05-11,1,16,1
2023-05-12,1,16,1
2023-05-13,1,16,2
2023-05-14,1,16,1
2023-05-15,1,16,1
2023-05-16,1,16,1
2023-05-17,1,16,1
2023-05-18,1,16,1
2023-05-19,1,16,2
2023-05-20,1,16,1
2023-05-21,1,16,1
2023-05-22,1,16,1
2023-05-23,1,16,1
2023-05-24,1,16,1
2023-05-25,1,16,1
2023-05-26,1,16,1
2023-05-27,1,16,2
2023-05-28,1,16,2
2023-05-29,1,16,0
2023-05-30,1,16,1
2023-05-31,1,16,0
2023-06-01,1,16,1
2023-06-02,1,16,1
2023-06-03,1,16,1
2023-06-04,1,16,1
2023-06-05,1,16,1
2023-06-06,1,16,1
2023-06-07,1,16,1
2023-06-08,1,16,1
2023-06-09,1,16,2
2023-06-10,1,16,2
2023-06-11,1,16,1
2023-06-12,1,16,1
2023-06-13,1,16,1
2023-06-14,1,16,1
2023-06-15,1,16,2
2023-06-16,1,16,2
2023-06-17,1,16,1
2023-06-18,1,16,1
2023-06-19,1,16,1
2023-06-20,1,16,1
2023-06-21,1,16,1
2023-06-22,1,16,2
2023-06-23,1,16,1
2023-06-24,1,16,2
2023-06-25,1,16,1
2023-06-26,1,16,1
2023-06-27,1,16,2
2023-06-28,1,16,1
2023-06-29,1,16,1
2023-06-30,1,16,1
2023-07-01,1,16,2
2023-07-02,1,16,1
2023-07-03,1,16,1
2023-07-04,1,16,1
2023-07-05,1,16,1
2023-07-06,1,16,1
2023-07-07,1,16,2
2023-07-08,1,16,1
2023-07-09,1,16,2
2023-07-10,1,16,2
2023-07-11,1,16,1
2023-07-12,1,16,1
2023-07-13,1,16,1
2023-07-14,1,16,2
2023-07-15,1,16,3
2023-07-16,1,16,1
2023-07-17,1,16,1
2023-07-18,1,16,1
2023-07-19,1,16,1
2023-07-20,1,16,1
2023-07-21,1,16,1
2023-07-22,1,16,1
2023-07-23,1,16,2
2023-07-24,1,16,1
2023-07-25,1,16,1
2023-07-26,1,16,1
2023-07-27,1,16,2
2023-07-28,1,16,1
2023-07-29,1,16,1
2023-07-30,1,16,2
2023-07-31,1,16,1
2023-08-01,1,16,0
2023-08-02,1,16,2
2023-08-03,1,16,1
2023-08-04,1,16,1
2023-08-05,1,16,2
2023-08-06,1,16,2
2023-08-07,1,16,1
2023-08-08,1,16,1
2023-08-09,1,16,2
2023-08-10,1,16,0
2023-08-11,1,16,1
2023-08-12,1,16,2
2023-08-13,1,16,1
2023-08-14,1,16,2
2023-08-15,1,16,1
2023-08-16,1,16,1
2023-08-17,1,16,1
2023-08-18,1,16,0
2023-08-19,1,16,2
2023-08-20,1,16,1
2023-08-21,1,16,1
2023-08-22,1,16,2
2023-08-23,1,16,1
2023-08-24,1,16,1
2023-08-25,1,16,1
2023-08-26,1,16,1
2023-08-27,1,16,2
2023-08-28,1,16,2
2023-08-29,1,16,1
2023-08-30,1,16,1
2023-08-31,1,16,2
2023-09-01,1,16,2
2023-09-02,1,16,2
2023-09-03,1,16,2
2023-09-04,1,16,1
2023-09-05,1,16,2
2023-09-06,1,16,1
2023-09-07,1,16,1
2023-09-08,1,16,2
2023-09-09,1,16,1
2023-09-10,1,16,1
2023-09-11,1,16,1
2023-09-12,1,16,1
2023-09-13,1,16,2
2023-09-14,1,16,1
2023-09-15,1,16,2
2023-09-16,1,16,1
2023-09-17,1,16,1
2023-09-18,1,16,2
2023-09-19,1,16,1
2023-09-20,1,16,2
2023-09-21,1,16,1
2023-09-22,1,16,1
2023-09-23,1,16,1
2023-09-24,1,16,2
2023-09-25,1,16,1
2023-09-26,1,16,1
2023-09-27,1,16,2
2023-09-28,1,16,1
2023-09-29,1,16,2
2023-09-30,1,16,1
2023-10-01,1,16,3
2023-10-02,1,16,1
2023-10-03,1,16,1
2023-10-04,1,16,1
2023-10-05,1,16,1
2023-10-06,1,16,1
2023-10-07,1,16,1
2023-10-08,1,16,2
2023-10-09,1,16,2
2023-10-10,1,16,2
2023-10-11,1,16,2
2023-10-12,1,16,2
2023-10-13,1,16,1
2023-10-14,1,16,2
2023-10-15,1,16,2
2023-10-16,1,16,1
2023-10-17,1,16,1
2023-10-18,1,16,2
2023-10-19,1,16,1
2023-10-20,1,16,2
2023-10-21,1,16,2
2023-10-22,1,16,0
2023-10-23,1,16,1
2023-10-24,1,16,1
2023-10-25,1,16,2
2023-10-26,1,16,0
2023-10-27,1,16,1
2023-10-28,1,16,1
2023-10-29,1,16,2
2023-10-30,1,16,1
2023-10-31,1,16,1
2023-11-01,1,16,1
2023-11-02,1,16,1
2023-11-03,1,16,1
2023-11-04,1,16,1
2023-11-05,1,16,1
2023-11-06,1,16,2
2023-11-07,1,16,2
2023-11-08,1,16,1
2023-11-09,1,16,1
2023-11-10,1,16,2
2023-11-11,1,16,1
2023-11-12,1,16,3
2023-11-13,1,16,1
2023-11-14,1,16,1
2023-11-15,1,16,2
2023-11-16,1,16,2
2023-11-17,1,16,1
2023-11-18,1,16,2
2023-11-19,1,16,2
2023-11-20,1,16,2
2023-11-21,1,16,1
2023-11-22,1,16,1
2023-11-23,1,16,1
2023-11-24,1,16,1
2023-11-25,1,16,2
2023-11-26,1,16,2
2023-11-27,1,16,1
2023-11-28,1,16,1
2023-11-29,1,16,0
2023-11-30,1,16,1
2023-12-01,1,16,1
2023-12-02,1,16,2
2023-12-03,1,16,1
2023-12-04,1,16,1
2023-12-05,1,16,1
2023-12-06,1,16,2
2023-12-07,1,16,2
2023-12-08,1,16,2
2023-12-09,1,16,3
2023-12-10,1,16,1
2023-12-11,1,16,1
2023-12-12,1,16,2
2023-12-13,1,16,2
2023-12-14,1,16,2
2023-12-15,1,16,2
2023-12-16,1,16,1
2023-12-17,1,16,2
2023-12-18,1,16,2
2023-12-19,1,16,2
2023-12-20,1,16,1
2023-12-21,1,16,2
2023-12-22,1,16,2
2023-12-23,1,16,3
2023-12-24,1,16,2
2023-12-25,1,16,1
2023-12-26,1,16,1
2023-12-27,1,16,2
2023-12-28,1,16,2
2023-12-29,1,16,1
2023-12-30,1,16,2
2023-12-31,1,16,0
2023-01-01,1,17,6
2023-01-02,1,17,6
2023-01-03,1,17,5
2023-01-04,1,17,6
2023-01-05,1,17,5
2023-01-06,1,17,4
2023-01-07,1,17,6
2023-01-08,1,17,7
2023-01-09,1,17,6
2023-01-10,1,17,4
2023-01-11,1,17,6
2023-01-12,1,17,5
2023-01-13,1,17,5
2023-01-14,1,17,9
2023-01-15,1,17,5
2023-01-16,1,17,6
2023-01-17,1,17,3
2023-01-18,1,17,4
2023-01-19,1,17,7
2023-01-20,1,17,7
2023-01-21,1,17,10
2023-01-22,1,17,7
2023-01-23,1,17,2
2023-01-24,1,17,3
2023-01-25,1,17,4
2023-01-26,1,17,6
2023-01-27,1,17,5
2023-01-28,1,17,9
2023-01-29,1,17,7
2023-01-30,1,17,7
2023-01-31,1,17,3
2023-02-01,1,17,3
2023-02-02,1,17,1
2023-02-03,1,17,5
2023-02-04,1,17,8
2023-02-05,1,17,4
2023-02-06,1,17,4
2023-02-07,1,17,4
2023-02-08,1,17,5
2023-02-09,1,17,5
2023-02-10,1,17,4
2023-02-11,1,17,6
2023-02-12,1,17,5
2023-02-13,1,17,6
2023-02-14,1,17,6
2023-02-15,1,17,4
2023-02-16,1,17,7
2023-02-17,1,17,6
2023-02-18,1,17,6
2023-02-19,1,17,7
2023-02-20,1,17,4
2023-02-21,1,17,6
2023-02-22,1,17,5
2023-02-23,1,17,8
2023-02-24,1,17,7
2023-02-25,1,17,8
2023-02-26,1,17,6
2023-02-27,1,17,7
2023-02-28,1,17,4
2023-03-01,1,17,4
2023-03-02,1,17,7
2023-03-03,1,17,10
2023-03-04,1,17,7
2023-03-05,1,17,6
2023-03-06,1,17,7
2023-03-07,1,17,5
2023-03-08,1,17,10
2023-03-09,1,17,1
2023-03-10,1,17,10
2023-03-11,1,17,4
2023-03-12,1,17,7
2023-03-13,1,17,7
2023-03-14,1,17,5
2023-03-15,1,17,7
2023-03-16,1,17,4
2023-03-17,1,17,8
2023-03-18,1,17,9
2023-03-19,1,17,7
2023-03-20,1,17,7
2023-03-21,1,17,4
2023-03-22,1,17,6
2023-03-23,1,17,7
2023-03-24,1,17,8
2023-03-25,1,17,8
2023-03-26,1,17,7
2023-03-27,1,17,4
2023-03-28,1,17,3
2023-03-29,1,17,6
2023-03-30,1,17,2
2023-03-31,1,17,6
2023-04-01,1,17,5
2023-04-02,1,17,8
2023-04-03,1,17,7
2023-04-04,1,17,2
2023-04-05,1,17,3
2023-04-06,1,17,5
2023-04-07,1,17,4
2023-04-08,1,17,8
2023-04-09,1,17,8
2023-04-10,1,17,4
2023-04-11,1,17,6
2023-04-12,1,17,6
2023-04-13,1,17,7
2023-04-14,1,17,9
2023-04-15,1,17,3
2023-04-16,1,17,9
2023-04-17,1,17,7
2023-04-18,1,17,4
2023-04-19,1,17,7
2023-04-20,1,17,6
2023-04-21,1,17,7
2023-04-22,1,17,6
2023-04-23,1,17,6
2023-04-24,1,17,5
2023-04-25,1,17,7
2023-04-26,1,17,4
2023-04-27,1,17,8
2023-04-28,1,17,7
2023-04-29,1,17,5
2023-04-30,1,17,7
2023-05-01,1,17,4
2023-05-02,1,17,7
2023-05-03,1,17,5
2023-05-04,1,17,4
2023-05-05,1,17,9
2023-05-06,1,17,8
2023-05-07,1,17,5
2023-05-08,1,17,6
2023-05-09,1,17,4
2023-05-10,1,17,6
2023-05-11,1,17,8
2023-05-12,1,17,9
2023-05-13,1,17,8
2023-05-14,1,17,8
2023-05-15,1,17,6
2023-05-16,1,17,4
2023-05-17,1,17,6
2023-05-18,1,17,6
2023-05-19,1,17,3
2023-05-20,1,17,10
2023-05-21,1,17,5
2023-05-22,1,17,7
2023-05-23,1,17,5
2023-05-24,1,17,8
2023-05-25,1,17,5
2023-05-26,1,17,5
2023-05-27,1,17,6
2023-05-28,1,17,6
2023-05-29,1,17,4
2023-05-30,1,17,4
2023-05-31,1,17,6
2023-06-01,1,17,9
2023-06-02,1,17,10
2023-06-03,1,17,5
2023-06-04,1,17,5
2023-06-05,1,17,5
2023-06-06,1,17,8
2023-06-07,1,17,8
2023-06-08,1,17,11
2023-06-09,1,17,9
2023-06-10,1,17,10
2023-06-11,1,17,4
2023-06-12,1,17,5
2023-06-13,1,17,5
2023-06-14,1,17,6
2023-06-15,1,17,7
2023-06-16,1,17,10
2023-06-17,1,17,7
2023-06-18,1,17,9
2023-06-19,1,17,9
2023-06-20,1,17,8
2023-06-21,1,17,3
2023-06-22,1,17,3
2023-06-23,1,17,5
2023-06-24,1,17,9
2023-06-25,1,17,7
2023-06-26,1,17,5
2023-06-27,1,17,6
2023-06-28,1,17,8
2023-06-29,1,17,8
2023-06-30,1,17,7
2023-07-01,1,17,11
2023-07-02,1,17,8
2023-07-03,1,17,7
2023-07-04,1,17,8
2023-07-05,1,17,5
2023-07-06,1,17,6
2023-07-07,1,17,6
2023-07-08,1,17,6
2023-07-09,1,17,5
2023-07-10,1,17,6
2023-07-11,1,17,6
2023-07-12,1,17,7
2023-07-13,1,17,8
2023-07-14,1,17,8
2023-07-15,1,17,6
2023-07-16,1,17,10
2023-07-17,1,17,8
2023-07-18,1,17,7
2023-07-19,1,17,6
2023-07-20,1,17,3
2023-07-21,1,17,8
2023-07-22,1,17,10
2023-07-23,1,17,8
2023-07-24,1,17,11
2023-07-25,1,17,6
2023-07-26,1,17,6
2023-07-27,1,17,5
2023-07-28,1,17,12
2023-07-29,1,17,6
2023-07-30,1,17,8
2023-07-31,1,17,6
2023-08-01,1,17,7
2023-08-02,1,17,5
2023-08-03,1,17,8
2023-08-04,1,17,8
2023-08-05,1,17,9
2023-08-06,1,17,8
2023-08-07,1,17,8
2023-08-08,1,17,8
2023-08-09,1,17,5
2023-08-10,1,17,8
2023-08-11,1,17,9
2023-08-12,1,17,11
2023-08-13,1,17,8
2023-08-14,1,17,5
2023-08-15,1,17,6
2023-08-16,1,17,3
2023-08-17,1,17,6
2023-08-18,1,17,9
2023-08-19,1,17,7
2023-08-20,1,17,10
2023-08-21,1,17,7
2023-08-22,1,17,8
2023-08-23,1,17,6
2023-08-24,1,17,8
2023-08-25,1,17,6
2023-08-26,1,17,8
2023-08-27,1,17,8
2023-08-28,1,17,6
2023-08-29,1,17,6
2023-08-30,1,17,5
2023-08-31,1,17,6
2023-09-01,1,17,7
2023-09-02,1,17,9
2023-09-03,1,17,9
2023-09-04,1,17,8
2023-09-05,1,17,5
2023-09-06,1,17,6
2023-09-07,1,17,3
2023-09-08,1,17,5
2023-09-09,1,17,9
2023-09-10,1,17,13
2023-09-11,1,17,6
2023-09-12,1,17,6
2023-09-13,1,17,8
2023-09-14,1,17,7
2023-09-15,1,17,10
2023-09-16,1,17,9
2023-09-17,1,17,8
2023-09-18,1,17,9
2023-09-19,1,17,5
2023-09-20,1,17,6
2023-09-21,1,17,7
2023-09-22,1,17,8
2023-09-23,1,17,8
2023-09-24,1,17,9
2023-09-25,1,17,6
2023-09-26,1,17,6
2023-09-27,1,17,7
2023-09-28,1,17,8
2023-09-29,1,17,9
2023-09-30,1,17,10
2023-10-01,1,17,6
2023-10-02,1,17,7
2023-10-03,1,17,7
2023-10-04,1,17,10
2023-10-05,1,17,10
2023-10-06,1,17,9
2023-10-07,1,17,8
2023-10-08,1,17,7
2023-10-09,1,17,7
2023-10-10,1,17,5
2023-10-11,1,17,8
2023-10-12,1,17,9
2023-10-13,1,17,12
2023-10-14,1,17,6
2023-10-15,1,17,7
2023-10-16,1,17,7
2023-10-17,1,17,8
2023-10-18,1,17,5
2023-10-19,1,17,5
2023-10-20,1,17,7
2023-10-21,1,17,5
2023-10-22,1,17,8
2023-10-23,1,17,9
2023-10-24,1,17,5
2023-10-25,1,17,5
2023-10-26,1,17,3
2023-10-27,1,17,9
2023-10-28,1,17,8
2023-10-29,1,17,11
2023-10-30,1,17,7
2023-10-31,1,17,6
2023-11-01,1,17,5
2023-11-02,1,17,9
2023-11-03,1,17,11
2023-11-04,1,17,12
2023-11-05,1,17,10
2023-11-06,1,17,11
2023-11-07,1,17,7
2023-11-08,1,17,7
2023-11-09,1,17,8
2023-11-10,1,17,10
2023-11-11,1,17,11
2023-11-12,1,17,9
2023-11-13,1,17,5
2023-11-14,1,17,4
2023-11-15,1,17,4
2023-11-16,1,17,9
2023-11-17,1,17,9
2023-11-18,1,17,11
2023-11-19,1,17,7
2023-11-20,1,17,8
2023-11-21,1,17,12
2023-11-22,1,17,6
2023-11-23,1,17,9
2023-11-24,1,17,8
2023-11-25,1,17,6
2023-11-26,1,17,10
2023-11-27,1,17,8
2023-11-28,1,17,8
2023-11-29,1,17,5
2023-11-30,1,17,8
2023-12-01,1,17,11
2023-12-02,1,17,7
2023-12-03,1,17,10
2023-12-04,1,17,8
2023-12-05,1,17,9
2023-12-06,1,17,4
2023-12-07,1,17,8
2023-12-08,1,17,11
2023-12-09,1,17,10
2023-12-10,1,17,11
2023-12-11,1,17,7
2023-12-12,1,17,5
2023-12-13,1,17,8
2023-12-14,1,17,7
2023-12-15,1,17,9
2023-12-16,1,17,10
2023-12-17,1,17,14
2023-12-18,1,17,9
2023-12-19,1,17,5
2023-12-20,1,17,8
2023-12-21,1,17,8
2023-12-22,1,17,11
2023-12-23,1,17,10
2023-12-24,1,17,9
2023-12-25,1,17,9
2023-12-26,1,17,7
2023-12-27,1,17,9
2023-12-28,1,17,10
2023-12-29,1,17,9
2023-12-30,1,17,9
2023-12-31,1,17,11
2023-01-01,1,18,1
2023-01-02,1,18,1
2023-01-03,1,18,0
2023-01-04,1,18,1
2023-01-05,1,18,0
2023-01-06,1,18,1
2023-01-07,1,18,1
2023-01-08,1,18,1
2023-01-09,1,18,1
2023-01-10,1,18,0
2023-01-11,1,18,1
2023-01-12,1,18,1
2023-01-13,1,18,1
2023-01-14,1,18,0
2023-01-15,1,18,1
2023-01-16,1,18,1
2023-01-17,1,18,0
2023-01-18,1,18,1
2023-01-19,1,18,0
2023-01-20,1,18,1
2023-01-21,1,18,1
2023-01-22,1,18,1
2023-01-23,1,18,1
2023-01-24,1,18,0
2023-01-25,1,18,0
2023-01-26,1,18,1
2023-01-27,1,18,1
2023-01-28,1,18,1
2023-01-29,1,18,0
2023-01-30,1,18,1
2023-01-31,1,18,1
2023-02-01,1,18,1
2023-02-02,1,18,1
2023-02-03,1,18,1
2023-02-04,1,18,1
2023-02-05,1,18,1
2023-02-06,1,18,1
2023-02-07,1,18,1
2023-02-08,1,18,1
2023-02-09,1,18,0
2023-02-10,1,18,1
2023-02-11,1,18,1
2023-02-12,1,18,1
2023-02-13,1,18,1
2023-02-14,1,18,1
2023-02-15,1,18,0
2023-02-16,1,18,1
2023-02-17,1,18,2
2023-02-18,1,18,1
2023-02-19,1,18,1
2023-02-20,1,18,0
2023-02-21,1,18,1
2023-02-22,1,18,0
2023-02-23,1,18,1
2023-02-24,1,18,1
2023-02-25,1,18,0
2023-02-26,1,18,1
2023-02-27,1,18,1
2023-02-28,1,18,1
2023-03-01,1,18,1
2023-03-02,1,18,1
2023-03-03,1,18,0
2023-03-04,1,18,1
2023-03-05,1,18,1
2023-03-06,1,18,1
2023-03-07,1,18,1
2023-03-08,1,18,1
2023-03-09,1,18,1
2023-03-10,1,18,2
2023-03-11,1,18,1
2023-03-12,1,18,1
2023-03-13,1,18,1
2023-03-14,1,18,1
2023-03-15,1,18,1
2023-03-16,1,18,2
2023-03-17,1,18,1
2023-03-18,1,18,1
2023-03-19,1,18,1
2023-03-20,1,18,1
2023-03-21,1,18,1
2023-03-22,1,18,0
2023-03-23,1,18,1
2023-03-24,1,18,1
2023-03-25,1,18,2
2023-03-26,1,18,1
2023-03-27,1,18,1
2023-03-28,1,18,1
2023-03-29,1,18,1
2023-03-30,1,18,1
2023-03-31,1,18,1
2023-04-01,1,18,1
2023-04-02,1,18,1
2023-04-03,1,18,1
2023-04-04,1,18,0
2023-04-05,1,18,1
2023-04-06,1,18,1
2023-04-07,1,18,2
2023-04-08,1,18,1
2023-04-09,1,18,1
2023-04-10,1,18,1
2023-04-11,1,18,1
2023-04-12,1,18,1
2023-04-13,1,18,1
2023-04-14,1,18,1
2023-04-15,1,18,2
2023-04-16,1,18,1
2023-04-17,1,18,1
2023-04-18,1,18,0
2023-04-19,1,18,1
2023-04-20,1,18,1
2023-04-21,1,18,1
2023-04-22,1,18,1
2023-04-23,1,18,1
2023-04-24,1,18,0
2023-04-25,1,18,1
2023-04-26,1,18,1
2023-04-27,1,18,1
2023-04-28,1,18,0
2023-04-29,1,18,2
2023-04-30,1,18,1
2023-05-01,1,18,1
2023-05-02,1,18,1
2023-05-03,1,18,1
2023-05-04,1,18,0
2023-05-05,1,18,1
2023-05-06,1,18,2
2023-05-07,1,18,1
2023-05-08,1,18,1
2023-05-09,1,18,1
2023-05-10,1,18,1
2023-05-11,1,18,1
2023-05-12,1,18,1
2023-05-13,1,18,2
2023-05-14,1,18,1
2023-05-15,1,18,1
2023-05-16,1,18,1
2023-05-17,1,18,0
2023-05-18,1,18,1
2023-05-19,1,18,1
2023-05-20,1,18,2
2023-05-21,1,18,1
2023-05-22,1,18,1
2023-05-23,1,18,1
2023-05-24,1,18,1
2023-05-25,1,18,1
2023-05-26,1,18,2
2023-05-27,1,18,1
2023-05-28,1,18,1
2023-05-29,1,18,1
2023-05-30,1,18,1
2023-05-31,1,18,0
2023-06-01,1,18,1
2023-06-02,1,18,1
2023-06-03,1,18,2
2023-06-04,1,18,1
2023-06-05,1,18,0
2023-06-06,1,18,1
2023-06-07,1,18,1
2023-06-08,1,18,0
2023-06-09,1,18,1
2023-06-10,1,18,1
2023-06-11,1,18,2
2023-06-12,1,18,1
2023-06-13,1,18,1
2023-06-14,1,18,1
2023-06-15,1,18,1
2023-06-16,1,18,1
2023-06-17,1,18,2
2023-06-18,1,18,2
2023-06-19,1,18,1
2023-06-20,1,18,1
2023-06-21,1,18,0
2023-06-22,1,18,1
2023-06-23,1,18,2
2023-06-24,1,18,2
2023-06-25,1,18,1
2023-06-26,1,18,1
2023-06-27,1,18,1
2023-06-28,1,18,1
2023-06-29,1,18,0
2023-06-30,1,18,1
2023-07-01,1,18,1
2023-07-02,1,18,1
2023-07-03,1,18,1
2023-07-04,1,18,1
2023-07-05,1,18,1
2023-07-06,1,18,1
2023-07-07,1,18,2
2023-07-08,1,18,1
2023-07-09,1,18,2
2023-07-10,1,18,2
2023-07-11,1,18,1
2023-07-12,1,18,1
2023-07-13,1,18,2
2023-07-14,1,18,1
2023-07-15,1,18,2
2023-07-16,1,18,2
2023-07-17,1,18,1
2023-07-18,1,18,1
2023-07-19,1,18,1
2023-07-20,1,18,1
2023-07-21,1,18,2
2023-07-22,1,18,1
2023-07-23,1,18,2
2023-07-24,1,18,1
2023-07-25,1,18,2
2023-07-26,1,18,1
2023-07-27,1,18,1
2023-07-28,1,18,2
2023-07-29,1,18,2
2023-07-30,1,18,2
2023-07-31,1,18,2
2023-08-01,1,18,1
2023-08-02,1,18,1
2023-08-03,1,18,2
2023-08-04,1,18,1
2023-08-05,1,18,3
2023-08-06,1,18,2
2023-08-07,1,18,2
2023-08-08,1,18,1
2023-08-09,1,18,2
2023-08-10,1,18,1
2023-08-11,1,18,3
2023-08-12,1,18,2
2023-08-13,1,18,2
2023-08-14,1,18,2
2023-08-15,1,18,1
2023-08-16,1,18,1
2023-08-17,1,18,1
2023-08-18,1,18,2
2023-08-19,1,18,1
2023-08-20,1,18,1
2023-08-21,1,18,3
2023-08-22,1,18,2
2023-08-23,1,18,1
2023-08-24,1,18,1
2023-08-25,1,18,1
2023-08-26,1,18,1
2023-08-27,1,18,1
2023-08-28,1,18,1
2023-08-29,1,18,1
2023-08-30,1,18,1
2023-08-31,1,18,1
2023-09-01,1,18,1
2023-09-02,1,18,2
2023-09-03,1,18,0
2023-09-04,1,18,1
2023-09-05,1,18,1
2023-09-06,1,18,1
2023-09-07,1,18,2
2023-09-08,1,18,1
2023-09-09,1,18,1
2023-09-10,1,18,1
2023-09-11,1,18,1
2023-09-12,1,18,2
2023-09-13,1,18,1
2023-09-14,1,18,1
2023-09-15,1,18,1
2023-09-16,1,18,1
2023-09-17,1,18,1
2023-09-18,1,18,1
2023-09-19,1,18,1
2023-09-20,1,18,0
2023-09-21,1,18,1
2023-09-22,1,18,2
2023-09-23,1,18,2
2023-09-24,1,18,1
2023-09-25,1,18,1
2023-09-26,1,18,2
2023-09-27,1,18,1
2023-09-28,1,18,2
2023-09-29,1,18,1
2023-09-30,1,18,2
2023-10-01,1,18,2
2023-10-02,1,18,1
2023-10-03,1,18,1
2023-10-04,1,18,1
2023-10-05,1,18,1
2023-10-06,1,18,1
2023-10-07,1,18,1
2023-10-08,1,18,1
2023-10-09,1,18,1
2023-10-10,1,18,0
2023-10-11,1,18,1
2023-10-12,1,18,1
2023-10-13,1,18,2
2023-10-14,1,18,2
2023-10-15,1,18,1
2023-10-16,1,18,1
2023-10-17,1,18,1
2023-10-18,1,18,1
2023-10-19,1,18,1
2023-10-20,1,18,1
2023-10-21,1,18,1
2023-10-22,1,18,1
2023-10-23,1,18,1
2023-10-24,1,18,1
2023-10-25,1,18,1
2023-10-26,1,18,1
2023-10-27,1,18,2
2023-10-28,1,18,0
2023-10-29,1,18,1
2023-10-30,1,18,1
2023-10-31,1,18,2
2023-11-01,1,18,1
2023-11-02,1,18,1
2023-11-03,1,18,2
2023-11-04,1,18,2
2023-11-05,1,18,1
2023-11-06,1,18,1
2023-11-07,1,18,1
2023-11-08,1,18,1
2023-11-09,1,18,2
2023-11-10,1,18,2
2023-11-11,1,18,2
2023-11-12,1,18,2
2023-11-13,1,18,2
2023-11-14,1,18,1
2023-11-15,1,18,2
2023-11-16,1,18,1
2023-11-17,1,18,2
2023-11-18,1,18,2
2023-11-19,1,18,2
2023-11-20,1,18,1
2023-11-21,1,18,2
2023-11-22,1,18,2
2023-11-23,1,18,1
2023-11-24,1,18,1
2023-11-25,1,18,2
2023-11-26,1,18,1
2023-11-27,1,18,1
2023-11-28,1,18,1
2023-11-29,1,18,1
2023-11-30,1,18,1
2023-12-01,1,18,2
2023-12-02,1,18,2
2023-12-03,1,18,2
2023-12-04,1,18,2
2023-12-05,1,18,2
2023-12-06,1,18,2
2023-12-07,1,18,2
2023-12-08,1,18,1
2023-12-09,1,18,2
2023-12-10,1,18,2
2023-12-11,1,18,2
2023-12-12,1,18,1
2023-12-13,1,18,1
2023-12-14,1,18,1
2023-12-15,1,18,2
2023-12-16,1,18,2
2023-12-17,1,18,3
2023-12-18,1,18,1
2023-12-19,1,18,2
2023-12-20,1,18,1
2023-12-21,1,18,1
2023-12-22,1,18,1
2023-12-23,1,18,1
2023-12-24,1,18,2
2023-12-25,1,18,1
2023-12-26,1,18,1
2023-12-27,1,18,1
2023-12-28,1,18,1
2023-12-29,1,18,2
2023-12-30,1,18,2
2023-12-31,1,18,2
2023-01-01,1,19,4
2023-01-02,1,19,3
2023-01-03,1,19,4
2023-01-04,1,19,2
2023-01-05,1,19,4
2023-01-06,1,19,2
2023-01-07,1,19,3
2023-01-08,1,19,5
2023-01-09,1,19,3
2023-01-10,1,19,4
2023-01-11,1,19,3
2023-01-12,1,19,3
2023-01-13,1,19,4
2023-01-14,1,19,3
2023-01-15,1,19,4
2023-01-16,1,19,3
2023-01-17,1,19,3
2023-01-18,1,19,3
2023-01-19,1,19,4
2023-01-20,1,19,5
2023-01-21,1,19,5
2023-01-22,1,19,3
2023-01-23,1,19,2
2023-01-24,1,19,4
2023-01-25,1,19,3
2023-01-26,1,19,4
2023-01-27,1,19,3
2023-01-28,1,19,4
2023-01-29,1,19,5
2023-01-30,1,19,4
2023-01-31,1,19,2
2023-02-01,1,19,6
2023-02-02,1,19,4
2023-02-03,1,19,2
2023-02-04,1,19,3
2023-02-05,1,19,5
2023-02-06,1,19,4
2023-02-07,1,19,2
2023-02-08,1,19,3
2023-02-09,1,19,3
2023-02-10,1,19,4
2023-02-11,1,19,4
2023-02-12,1,19,5
2023-02-13,1,19,4
2023-02-14,1,19,3
2023-02-15,1,19,3
2023-02-16,1,19,5
2023-02-17,1,19,3
2023-02-18,1,19,4
2023-02-19,1,19,4
2023-02-20,1,19,4
2023-02-21,1,19,4
2023-02-22,1,19,2
2023-02-23,1,19,2
2023-02-24,1,19,2
2023-02-25,1,19,5
2023-02-26,1,19,6
2023-02-27,1,19,3
2023-02-28,1,19,3
2023-03-01,1,19,2
2023-03-02,1,19,2
2023-03-03,1,19,2
2023-03-04,1,19,6
2023-03-05,1,19,6
2023-03-06,1,19,3
2023-03-07,1,19,3
2023-03-08,1,19,3
2023-03-09,1,19,3
2023-03-10,1,19,4
2023-03-11,1,19,4
2023-03-12,1,19,6
2023-03-13,1,19,3
2023-03-14,1,19,2
2023-03-15,1,19,3
2023-03-16,1,19,4
2023-03-17,1,19,3
2023-03-18,1,19,4
2023-03-19,1,19,3
2023-03-20,1,19,4
2023-03-21,1,19,3
2023-03-22,1,19,2
2023-03-23,1,19,2
2023-03-24,1,19,5
2023-03-25,1,19,4
2023-03-26,1,19,2
2023-03-27,1,19,5
2023-03-28,1,19,6
2023-03-29,1,19,4
2023-03-30,1,19,5
2023-03-31,1,19,4
2023-04-01,1,19,6
2023-04-02,1,19,5
2023-04-03,1,19,4
2023-04-04,1,19,5
2023-04-05,1,19,5
2023-04-06,1,19,3
2023-04-07,1,19,4
2023-04-08,1,19,4
2023-04-09,1,19,4
2023-04-10,1,19,2
2023-04-11,1,19,3
2023-04-12,1,19,3
2023-04-13,1,19,2
2023-04-14,1,19,5
2023-04-15,1,19,7
2023-04-16,1,19,5
2023-04-17,1,19,3
2023-04-18,1,19,5
2023-04-19,1,19,5
2023-04-20,1,19,3
2023-04-21,1,19,6
2023-04-22,1,19,5
2023-04-23,1,19,7
2023-04-24,1,19,4
2023-04-25,1,19,3
2023-04-26,1,19,3
2023-04-27,1,19,4
2023-04-28,1,19,4
2023-04-29,1,19,6
2023-04-30,1,19,4
2023-05-01,1,19,3
2023-05-02,1,19,3
2023-05-03,1,19,5
2023-05-04,1,19,5
2023-05-05,1,19,2
2023-05-06,1,19,6
2023-05-07,1,19,6
2023-05-08,1,19,3
2023-05-09,1,19,4
2023-05-10,1,19,3
2023-05-11,1,19,3
2023-05-12,1,19,5
2023-05-13,1,19,6
2023-05-14,1,19,6
2023-05-15,1,19,3
2023-05-16,1,19,5
2023-05-17,1,19,4
2023-05-18,1,19,1
2023-05-19,1,19,5
2023-05-20,1,19,3
2023-05-21,1,19,4
2023-05-22,1,19,3
2023-05-23,1,19,3
2023-05-24,1,19,4
2023-05-25,1,19,6
2023-05-26,1,19,6
2023-05-27,1,19,5
2023-05-28,1,19,4
2023-05-29,1,19,4
2023-05-30,1,19,3
2023-05-31,1,19,6
2023-06-01,1,19,4
2023-06-02,1,19,7
2023-06-03,1,19,3
2023-06-04,1,19,4
2023-06-05,1,19,2
2023-06-06,1,19,4
2023-06-07,1,19,4
2023-06-08,1,19,5
2023-06-09,1,19,3
2023-06-10,1,19,6
2023-06-11,1,19,7
2023-06-12,1,19,3
2023-06-13,1,19,4
2023-06-14,1,19,3
2023-06-15,1,19,4
2023-06-16,1,19,4
2023-06-17,1,19,5
2023-06-18,1,19,5
2023-06-19,1,19,1
2023-06-20,1,19,5
2023-06-21,1,19,5
2023-06-22,1,19,4
2023-06-23,1,19,5
2023-06-24,1,19,5
2023-06-25,1,19,2
2023-06-26,1,19,3
2023-06-27,1,19,4
2023-06-28,1,19,5
2023-06-29,1,19,4
2023-06-30,1,19,3
2023-07-01,1,19,6
2023-07-02,1,19,5
2023-07-03,1,19,2
2023-07-04,1,19,5
2023-07-05,1,19,5
2023-07-06,1,19,4
2023-07-07,1,19,5
2023-07-08,1,19,4
2023-07-09,1,19,8
2023-07-10,1,19,5
2023-07-11,1,19,6
2023-07-12,1,19,3
2023-07-13,1,19,5
2023-07-14,1,19,6
2023-07-15,1,19,4
2023-07-16,1,19,6
2023-07-17,1,19,4
2023-07-18,1,19,4
2023-07-19,1,19,2
2023-07-20,1,19,4
2023-07-21,1,19,5
2023-07-22,1,19,9
2023-07-23,1,19,4
2023-07-24,1,19,3
2023-07-25,1,19,3
2023-07-26,1,19,2
2023-07-27,1,19,4
2023-07-28,1,19,6
2023-07-29,1,19,7
2023-07-30,1,19,7
2023-07-31,1,19,5
2023-08-01,1,19,3
2023-08-02,1,19,6
2023-08-03,1,19,6
2023-08-04,1,19,6
2023-08-05,1,19,5
2023-08-06,1,19,5
2023-08-07,1,19,4
2023-08-08,1,19,4
2023-08-09,1,19,6
2023-08-10,1,19,5
2023-08-11,1,19,4
2023-08-12,1,19,7
2023-08-13,1,19,7
2023-08-14,1,19,3
2023-08-15,1,19,4
2023-08-16,1,19,6
2023-08-17,1,19,1
2023-08-18,1,19,5
2023-08-19,1,19,7
2023-08-20,1,19,7
2023-08-21,1,19,4
2023-08-22,1,19,3
2023-08-23,1,19,4
2023-08-24,1,19,5
2023-08-25,1,19,3
2023-08-26,1,19,7
2023-08-27,1,19,8
2023-08-28,1,19,6
2023-08-29,1,19,4
2023-08-30,1,19,4
2023-08-31,1,19,4
2023-09-01,1,19,5
2023-09-02,1,19,6
2023-09-03,1,19,6
2023-09-04,1,19,3
2023-09-05,1,19,4
2023-09-06,1,19,4
2023-09-07,1,19,5
2023-09-08,1,19,5
2023-09-09,1,19,8
2023-09-10,1,19,5
2023-09-11,1,19,5
2023-09-12,1,19,5
2023-09-13,1,19,5
2023-09-14,1,19,3
2023-09-15,1,19,5
2023-09-16,1,19,5
2023-09-17,1,19,5
2023-09-18,1,19,4
2023-09-19,1,19,5
2023-09-20,1,19,4
2023-09-21,1,19,6
2023-09-22,1,19,5
2023-09-23,1,19,5
2023-09-24,1,19,6
2023-09-25,1,19,7
2023-09-26,1,19,4
2023-09-27,1,19,5
2023-09-28,1,19,4
2023-09-29,1,19,5
2023-09-30,1,19,8
2023-10-01,1,19,8
2023-10-02,1,19,2
2023-10-03,1,19,3
2023-10-04,1,19,5
2023-10-05,1,19,4
2023-10-06,1,19,3
2023-10-07,1,19,7
2023-10-08,1,19,5
2023-10-09,1,19,4
2023-10-10,1,19,3
2023-10-11,1,19,3
2023-10-12,1,19,3
2023-10-13,1,19,4
2023-10-14,1,19,6
2023-10-15,1,19,5
2023-10-16,1,19,5
2023-10-17,1,19,3
2023-10-18,1,19,4
2023-10-19,1,19,5
2023-10-20,1,19,4
2023-10-21,1,19,3
2023-10-22,1,19,4
2023-10-23,1,19,3
2023-10-24,1,19,6
2023-10-25,1,19,3
2023-10-26,1,19,5
2023-10-27,1,19,3
2023-10-28,1,19,4
2023-10-29,1,19,5
2023-10-30,1,19,4
2023-10-31,1,19,4
2023-11-01,1,19,6
2023-11-02,1,19,5
2023-11-03,1,19,6
2023-11-04,1,19,6
2023-11-05,1,19,7
2023-11-06,1,19,7
2023-11-07,1,19,4
2023-11-08,1,19,4
2023-11-09,1,19,4
2023-11-10,1,19,5
2023-11-11,1,19,7
2023-11-12,1,19,7
2023-11-13,1,19,5
2023-11-14,1,19,5
2023-11-15,1,19,4
2023-11-16,1,19,5
2023-11-17,1,19,7
2023-11-18,1,19,5
2023-11-19,1,19,6
2023-11-20,1,19,6
2023-11-21,1,19,6
2023-11-22,1,19,5
2023-11-23,1,19,6
2023-11-24,1,19,3
2023-11-25,1,19,6
2023-11-26,1,19,6
2023-11-27,1,19,4
2023-11-28,1,19,7
2023-11-29,1,19,6
2023-11-30,1,19,4
2023-12-01,1,19,9
2023-12-02,1,19,6
2023-12-03,1,19,4
2023-12-04,1,19,7
2023-12-05,1,19,5
2023-12-06,1,19,6
2023-12-07,1,19,8
2023-12-08,1,19,5
2023-12-09,1,19,8
2023-12-10,1,19,6
2023-12-11,1,19,6
2023-12-12,1,19,5
2023-12-13,1,19,3
2023-12-14,1,19,7
2023-12-15,1,19,7
2023-12-16,1,19,5
2023-12-17,1,19,7
2023-12-18,1,19,4
2023-12-19,1,19,7
2023-12-20,1,19,7
2023-12-21,1,19,9
2023-12-22,1,19,7
2023-12-23,1,19,5
2023-12-24,1,19,4
2023-12-25,1,19,8
2023-12-26,1,19,7
2023-12-27,1,19,6
2023-12-28,1,19,5
2023-12-29,1,19,8
2023-12-30,1,19,8
2023-12-31,1,19,7
2023-01-01,1,20,8
2023-01-02,1,20,4
2023-01-03,1,20,2
2023-01-04,1,20,6
2023-01-05,1,20,5
2023-01-06,1,20,3
2023-01-07,1,20,4
2023-01-08,1,20,6
2023-01-09,1,20,3
2023-01-10,1,20,3
2023-01-11,1,20,4
2023-01-12,1,20,4
2023-01-13,1,20,5
2023-01-14,1,20,5
2023-01-15,1,20,5
2023-01-16,1,20,6
2023-01-17,1,20,2
2023-01-18,1,20,2
2023-01-19,1,20,5
2023-01-20,1,20,6
2023-01-21,1,20,6
2023-01-22,1,20,9
2023-01-23,1,20,4
2023-01-24,1,20,6
2023-01-25,1,20,5
2023-01-26,1,20,4
2023-01-27,1,20,7
2023-01-28,1,20,7
2023-01-29,1,20,2
2023-01-30,1,20,5
2023-01-31,1,20,5
2023-02-01,1,20,3
2023-02-02,1,20,8
2023-02-03,1,20,9
2023-02-04,1,20,4
2023-02-05,1,20,5
2023-02-06,1,20,5
2023-02-07,1,20,4
2023-02-08,1,20,4
2023-02-09,1,20,4
2023-02-10,1,20,4
2023-02-11,1,20,7
2023-02-12,1,20,1
2023-02-13,1,20,7
2023-02-14,1,20,4
2023-02-15,1,20,5
2023-02-16,1,20,6
2023-02-17,1,20,5
2023-02-18,1,20,6
2023-02-19,1,20,7
2023-02-20,1,20,5
2023-02-21,1,20,5
2023-02-22,1,20,5
2023-02-23,1,20,5
2023-02-24,1,20,7
2023-02-25,1,20,5
2023-02-26,1,20,4
2023-02-27,1,20,3
2023-02-28,1,20,3
2023-03-01,1,20,6
2023-03-02,1,20,4
2023-03-03,1,20,7
2023-03-04,1,20,7
2023-03-05,1,20,5
2023-03-06,1,20,5
2023-03-07,1,20,4
2023-03-08,1,20,6
2023-03-09,1,20,2
2023-03-10,1,20,8
2023-03-11,1,20,6
2023-03-12,1,20,3
2023-03-13,1,20,6
2023-03-14,1,20,4
2023-03-15,1,20,4
2023-03-16,1,20,5
2023-03-17,1,20,8
2023-03-18,1,20,9
2023-03-19,1,20,7
2023-03-20,1,20,5
2023-03-21,1,20,7
2023-03-22,1,20,5
2023-03-23,1,20,4
2023-03-24,1,20,4
2023-03-25,1,20,9
2023-03-26,1,20,5
2023-03-27,1,20,3
2023-03-28,1,20,6
2023-03-29,1,20,5
2023-03-30,1,20,3
2023-03-31,1,20,5
2023-04-01,1,20,6
2023-04-02,1,20,7
2023-04-03,1,20,6
2023-04-04,1,20,4
2023-04-05,1,20,3
2023-04-06,1,20,5
2023-04-07,1,20,7
2023-04-08,1,20,8
2023-04-09,1,20,6
2023-04-10,1,20,4
2023-04-11,1,20,7
2023-04-12,1,20,2
2023-04-13,1,20,5
2023-04-14,1,20,3
2023-04-15,1,20,3
2023-04-16,1,20,4
2023-04-17,1,20,5
2023-04-18,1,20,5
2023-04-19,1,20,4
2023-04-20,1,20,4
2023-04-21,1,20,4
2023-04-22,1,20,3
2023-04-23,1,20,9
2023-04-24,1,20,7
2023-04-25,1,20,6
2023-04-26,1,20,4
2023-04-27,1,20,7
2023-04-28,1,20,4
2023-04-29,1,20,9
2023-04-30,1,20,9
2023-05-01,1,20,4
2023-05-02,1,20,4
2023-05-03,1,20,10
2023-05-04,1,20,4
2023-05-05,1,20,5
2023-05-06,1,20,7
2023-05-07,1,20,7
2023-05-08,1,20,8
2023-05-09,1,20,5
2023-05-10,1,20,4
2023-05-11,1,20,8
2023-05-12,1,20,7
2023-05-13,1,20,4
2023-05-14,1,20,5
2023-05-15,1,20,7
2023-05-16,1,20,5
2023-05-17,1,20,8
2023-05-18,1,20,4
2023-05-19,1,20,4
2023-05-20,1,20,10
2023-05-21,1,20,7
2023-05-22,1,20,4
2023-05-23,1,20,2
2023-05-24,1,20,4
2023-05-25,1,20,5
2023-05-26,1,20,9
2023-05-27,1,20,6
2023-05-28,1,20,4
2023-05-29,1,20,6
2023-05-30,1,20,6
2023-05-31,1,20,4
2023-06-01,1,20,8
2023-06-02,1,20,7
2023-06-03,1,20,5
2023-06-04,1,20,7
2023-06-05,1,20,10
2023-06-06,1,20,7
2023-06-07,1,20,8
2023-06-08,1,20,5
2023-06-09,1,20,5
2023-06-10,1,20,7
2023-06-11,1,20,5
2023-06-12,1,20,5
2023-06-13,1,20,4
2023-06-14,1,20,7
2023-06-15,1,20,6
2023-06-16,1,20,4
2023-06-17,1,20,8
2023-06-18,1,20,6
2023-06-19,1,20,4
2023-06-20,1,20,6
2023-06-21,1,20,4
2023-06-22,1,20,5
2023-06-23,1,20,9
2023-06-24,1,20,8
2023-06-25,1,20,7
2023-06-26,1,20,6
2023-06-27,1,20,7
2023-06-28,1,20,5
2023-06-29,1,20,7
2023-06-30,1,20,3
2023-07-01,1,20,6
2023-07-02,1,20,7
2023-07-03,1,20,6
2023-07-04,1,20,7
2023-07-05,1,20,6
2023-07-06,1,20,7
2023-07-07,1,20,5
2023-07-08,1,20,7
2023-07-09,1,20,11
2023-07-10,1,20,6
2023-07-11,1,20,8
2023-07-12,1,20,8
2023-07-13,1,20,4
2023-07-14,1,20,5
2023-07-15,1,20,8
2023-07-16,1,20,11
2023-07-17,1,20,6
2023-07-18,1,20,8
2023-07-19,1,20,4
2023-07-20,1,20,8
2023-07-21,1,20,6
2023-07-22,1,20,7
2023-07-23,1,20,3
2023-07-24,1,20,5
2023-07-25,1,20,6
2023-07-26,1,20,9
2023-07-27,1,20,7
2023-07-28,1,20,4
2023-07-29,1,20,5
2023-07-30,1,20,7
2023-07-31,1,20,3
2023-08-01,1,20,7
2023-08-02,1,20,4
2023-08-03,1,20,5
2023-08-04,1,20,8
2023-08-05,1,20,10
2023-08-06,1,20,7
2023-08-07,1,20,7
2023-08-08,1,20,8
2023-08-09,1,20,7
2023-08-10,1,20,4
2023-08-11,1,20,9
2023-08-12,1,20,9
2023-08-13,1,20,8
2023-08-14,1,20,5
2023-08-15,1,20,6
2023-08-16,1,20,10
2023-08-17,1,20,8
2023-08-18,1,20,7
2023-08-19,1,20,7
2023-08-20,1,20,4
2023-08-21,1,20,10
2023-08-22,1,20,6
2023-08-23,1,20,6
2023-08-24,1,20,9
2023-08-25,1,20,7
2023-08-26,1,20,9
2023-08-27,1,20,8
2023-08-28,1,20,6
2023-08-29,1,20,6
2023-08-30,1,20,7
2023-08-31,1,20,7
2023-09-01,1,20,6
2023-09-02,1,20,9
2023-09-03,1,20,6
2023-09-04,1,20,7
2023-09-05,1,20,2
2023-09-06,1,20,4
2023-09-07,1,20,8
2023-09-08,1,20,7
2023-09-09,1,20,7
2023-09-10,1,20,5
2023-09-11,1,20,7
2023-09-12,1,20,6
2023-09-13,1,20,3
2023-09-14,1,20,7
2023-09-15,1,20,5
2023-09-16,1,20,8
2023-09-17,1,20,8
2023-09-18,1,20,8
2023-09-19,1,20,8
2023-09-20,1,20,5
2023-09-21,1,20,7
2023-09-22,1,20,9
2023-09-23,1,20,9
2023-09-24,1,20,6
2023-09-25,1,20,6
2023-09-26,1,20,3
2023-09-27,1,20,5
2023-09-28,1,20,5
2023-09-29,1,20,8
2023-09-30,1,20,8
2023-10-01,1,20,9
2023-10-02,1,20,6
2023-10-03,1,20,5
2023-10-04,1,20,5
2023-10-05,1,20,5
2023-10-06,1,20,5
2023-10-07,1,20,4
2023-10-08,1,20,3
2023-10-09,1,20,7
2023-10-10,1,20,4
2023-10-11,1,20,7
2023-10-12,1,20,4
2023-10-13,1,20,7
2023-10-14,1,20,7
2023-10-15,1,20,2
2023-10-16,1,20,5
2023-10-17,1,20,5
2023-10-18,1,20,5
2023-10-19,1,20,5
2023-10-20,1,20,9
2023-10-21,1,20,10
2023-10-22,1,20,6
2023-10-23,1,20,3
2023-10-24,1,20,8
2023-10-25,1,20,5
2023-10-26,1,20,5
2023-10-27,1,20,8
2023-10-28,1,20,8
2023-10-29,1,20,5
2023-10-30,1,20,4
2023-10-31,1,20,5
2023-11-01,1,20,7
2023-11-02,1,20,8
2023-11-03,1,20,8
2023-11-04,1,20,8
2023-11-05,1,20,10
2023-11-06,1,20,5
2023-11-07,1,20,8
2023-11-08,1,20,8
2023-11-09,1,20,8
2023-11-10,1,20,9
2023-11-11,1,20,9
2023-11-12,1,20,6
2023-11-13,1,20,6
2023-11-14,1,20,8
2023-11-15,1,20,4
2023-11-16,1,20,6
2023-11-17,1,20,11
2023-11-18,1,20,10
2023-11-19,1,20,7
2023-11-20,1,20,7
2023-11-21,1,20,8
2023-11-22,1,20,7
2023-11-23,1,20,6
2023-11-24,1,20,6
2023-11-25,1,20,10
2023-11-26,1,20,9
2023-11-27,1,20,4
2023-11-28,1,20,6
2023-11-29,1,20,4
2023-11-30,1,20,5
2023-12-01,1,20,7
2023-12-02,1,20,11
2023-12-03,1,20,10
2023-12-04,1,20,6
2023-12-05,1,20,6
2023-12-06,1,20,5
2023-12-07,1,20,8
2023-12-08,1,20,9
2023-12-09,1,20,9
2023-12-10,1,20,8
2023-12-11,1,20,6
2023-12-12,1,20,7
2023-12-13,1,20,8
2023-12-14,1,20,8
2023-12-15,1,20,5
2023-12-16,1,20,7
2023-12-17,1,20,12
2023-12-18,1,20,6
2023-12-19,1,20,7
2023-12-20,1,20,5
2023-12-21,1,20,6
2023-12-22,1,20,9
2023-12-23,1,20,2
2023-12-24,1,20,8
2023-12-25,1,20,7
2023-12-26,1,20,9
2023-12-27,1,20,14
2023-12-28,1,20,9
2023-12-29,1,20,6
2023-12-30,1,20,11
2023-12-31,1,20,7
2023-01-01,2,1,1
2023-01-02,2,1,1
2023-01-03,2,1,0
2023-01-04,2,1,0
2023-01-05,2,1,0
2023-01-06,2,1,0
2023-01-07,2,1,0
2023-01-08,2,1,0
2023-01-09,2,1,0
2023-01-10,2,1,1
2023-01-11,2,1,0
2023-01-12,2,1,1
2023-01-13,2,1,1
2023-01-14,2,1,0
2023-01-15,2,1,1
2023-01-16,2,1,0
2023-01-17,2,1,0
2023-01-18,2,1,1
2023-01-19,2,1,1
2023-01-20,2,1,1
2023-01-21,2,1,1
2023-01-22,2,1,1
2023-01-23,2,1,1
2023-01-24,2,1,1
2023-01-25,2,1,0
2023-01-26,2,1,0
2023-01-27,2,1,1
2023-01-28,2,1,1
2023-01-29,2,1,1
2023-01-30,2,1,1
2023-01-31,2,1,0
2023-02-01,2,1,1
2023-02-02,2,1,1
2023-02-03,2,1,1
2023-02-04,2,1,1
2023-02-05,2,1,0
2023-02-06,2,1,1
2023-02-07,2,1,1
2023-02-08,2,1,1
2023-02-09,2,1,1
2023-02-10,2,1,1
2023-02-11,2,1,1
2023-02-12,2,1,1
2023-02-13,2,1,0
2023-02-14,2,1,0
2023-02-15,2,1,0
2023-02-16,2,1,0
2023-02-17,2,1,1
2023-02-18,2,1,1
2023-02-19,2,1,0
2023-02-20,2,1,1
2023-02-21,2,1,1
2023-02-22,2,1,0
2023-02-23,2,1,0
2023-02-24,2,1,1
2023-02-25,2,1,1
2023-02-26,2,1,1
2023-02-27,2,1,0
2023-02-28,2,1,1
2023-03-01,2,1,1
2023-03-02,2,1,1
2023-03-03,2,1,1
2023-03-04,2,1,1
2023-03-05,2,1,1
2023-03-06,2,1,0
2023-03-07,2,1,0
2023-03-08,2,1,1
2023-03-09,2,1,1
2023-03-10,2,1,1
2023-03-11,2,1,1
2023-03-12,2,1,1
2023-03-13,2,1,1
2023-03-14,2,1,1
2023-03-15,2,1,1
2023-03-16,2,1,1
2023-03-17,2,1,1
2023-03-18,2,1,1
2023-03-19,2,1,1
2023-03-20,2,1,0
2023-03-21,2,1,1
2023-03-22,2,1,0
2023-03-23,2,1,0
2023-03-24,2,1,1
2023-03-25,2,1,1
2023-03-26,2,1,1
2023-03-27,2,1,0
2023-03-28,2,1,1
2023-03-29,2,1,1
2023-03-30,2,1,1
2023-03-31,2,1,1
2023-04-01,2,1,1
2023-04-02,2,1,1
2023-04-03,2,1,1
2023-04-04,2,1,0
2023-04-05,2,1,1
2023-04-06,2,1,1
2023-04-07,2,1,1
2023-04-08,2,1,2
2023-04-09,2,1,1
2023-04-10,2,1,1
2023-04-11,2,1,1
2023-04-12,2,1,0
2023-04-13,2,1,1
2023-04-14,2,1,1
2023-04-15,2,1,0
2023-04-16,2,1,1
2023-04-17,2,1,1
2023-04-18,2,1,0
2023-04-19,2,1,0
2023-04-20,2,1,0
2023-04-21,2,1,1
2023-04-22,2,1,1
2023-04-23,2,1,1
2023-04-24,2,1,1
2023-04-25,2,1,1
2023-04-26,2,1,0
2023-04-27,2,1,1
2023-04-28,2,1,1
2023-04-29,2,1,0
2023-04-30,2,1,1
2023-05-01,2,1,1
2023-05-02,2,1,0
2023-05-03,2,1,0
2023-05-04,2,1,1
2023-05-05,2,1,0
2023-05-06,2,1,1
2023-05-07,2,1,1
2023-05-08,2,1,1
2023-05-09,2,1,1
2023-05-10,2,1,1
2023-05-11,2,1,1
2023-05-12,2,1,1
2023-05-13,2,1,1
2023-05-14,2,1,1
2023-05-15,2,1,1
2023-05-16,2,1,0
2023-05-17,2,1,1
2023-05-18,2,1,0
2023-05-19,2,1,1
2023-05-20,2,1,1
2023-05-21,2,1,0
2023-05-22,2,1,1
2023-05-23,2,1,1
2023-05-24,2,1,1
2023-05-25,2,1,1
2023-05-26,2,1,1
2023-05-27,2,1,1
2023-05-28,2,1,1
2023-05-29,2,1,0
2023-05-30,2,1,0
2023-05-31,2,1,1
2023-06-01,2,1,1
2023-06-02,2,1,1
2023-06-03,2,1,1
2023-06-04,2,1,1
2023-06-05,2,1,0
2023-06-06,2,1,1
2023-06-07,2,1,1
2023-06-08,2,1,1
2023-06-09,2,1,1
2023-06-10,2,1,1
2023-06-11,2,1,1
2023-06-12,2,1,1
2023-06-13,2,1,2
2023-06-14,2,1,1
2023-06-15,2,1,0
2023-06-16,2,1,1
2023-06-17,2,1,1
2023-06-18,2,1,2
2023-06-19,2,1,1
2023-06-20,2,1,1
2023-06-21,2,1,0
2023-06-22,2,1,1
2023-06-23,2,1,2
2023-06-24,2,1,1
2023-06-25,2,1,1
2023-06-26,2,1,1
2023-06-27,2,1,1
2023-06-28,2,1,1
2023-06-29,2,1,1
2023-06-30,2,1,1
2023-07-01,2,1,2
2023-07-02,2,1,1
2023-07-03,2,1,1
2023-07-04,2,1,1
2023-07-05,2,1,1
2023-07-06,2,1,1
2023-07-07,2,1,1
2023-07-08,2,1,1
2023-07-09,2,1,2
2023-07-10,2,1,1
2023-07-11,2,1,1
2023-07-12,2,1,2
2023-07-13,2,1,1
2023-07-14,2,1,1
2023-07-15,2,1,2
2023-07-16,2,1,1
2023-07-17,2,1,1
2023-07-18,2,1,1
2023-07-19,2,1,1
2023-07-20,2,1,1
2023-07-21,2,1,1
2023-07-22,2,1,1
2023-07-23,2,1,1
2023-07-24,2,1,1
2023-07-25,2,1,1
2023-07-26,2,1,1
2023-07-27,2,1,1
2023-07-28,2,1,1
2023-07-29,2,1,2
2023-07-30,2,1,1
2023-07-31,2,1,1
2023-08-01,2,1,1
2023-08-02,2,1,1
2023-08-03,2,1,1
2023-08-04,2,1,2
2023-08-05,2,1,1
2023-08-06,2,1,2
2023-08-07,2,1,1
2023-08-08,2,1,1
2023-08-09,2,1,1
2023-08-10,2,1,1
2023-08-11,2,1,1
2023-08-12,2,1,1
2023-08-13,2,1,1
2023-08-14,2,1,2
2023-08-15,2,1,1
2023-08-16,2,1,1
2023-08-17,2,1,1
2023-08-18,2,1,1
2023-08-19,2,1,2
2023-08-20,2,1,1
2023-08-21,2,1,1
2023-08-22,2,1,1
2023-08-23,2,1,1
2023-08-24,2,1,1
2023-08-25,2,1,1
2023-08-26,2,1,2
2023-08-27,2,1,1
2023-08-28,2,1,1
2023-08-29,2,1,1
2023-08-30,2,1,1
2023-08-31,2,1,2
2023-09-01,2,1,1
2023-09-02,2,1,1
2023-09-03,2,1,1
2023-09-04,2,1,1
2023-09-05,2,1,0
2023-09-06,2,1,1
2023-09-07,2,1,1
2023-09-08,2,1,1
2023-09-09,2,1,1
2023-09-10,2,1,1
2023-09-11,2,1,1
2023-09-12,2,1,1
2023-09-13,2,1,1
2023-09-14,2,1,2
2023-09-15,2,1,1
2023-09-16,2,1,0
2023-09-17,2,1,1
2023-09-18,2,1,1
2023-09-19,2,1,1
2023-09-20,2,1,1
2023-09-21,2,1,1
2023-09-22,2,1,0
2023-09-23,2,1,1
2023-09-24,2,1,2
2023-09-25,2,1,1
2023-09-26,2,1,1
2023-09-27,2,1,1
2023-09-28,2,1,1
2023-09-29,2,1,1
2023-09-30,2,1,2
2023-10-01,2,1,1
2023-10-02,2,1,0
2023-10-03,2,1,1
2023-10-04,2,1,1
2023-10-05,2,1,1
2023-10-06,2,1,1
2023-10-07,2,1,1
2023-10-08,2,1,1
2023-10-09,2,1,0
2023-10-10,2,1,1
2023-10-11,2,1,1
2023-10-12,2,1,1
2023-10-13,2,1,1
2023-10-14,2,1,1
2023-10-15,2,1,1
2023-10-16,2,1,1
2023-10-17,2,1,1
2023-10-18,2,1,1
2023-10-19,2,1,1
2023-10-20,2,1,1
2023-10-21,2,1,1
2023-10-22,2,1,1
2023-10-23,2,1,1
2023-10-24,2,1,1
2023-10-25,2,1,1
2023-10-26,2,1,1
2023-10-27,2,1,1
2023-10-28,2,1,1
2023-10-29,2,1,1
2023-10-30,2,1,1
2023-10-31,2,1,1
2023-11-01,2,1,1
2023-11-02,2,1,1
2023-11-03,2,1,1
2023-11-04,2,1,1
2023-11-05,2,1,1
2023-11-06,2,1,1
2023-11-07,2,1,1
2023-11-08,2,1,1
2023-11-09,2,1,1
2023-11-10,2,1,1
2023-11-11,2,1,1
2023-11-12,2,1,1
2023-11-13,2,1,1
2023-11-14,2,1,1
2023-11-15,2,1,1
2023-11-16,2,1,1
2023-11-17,2,1,0
2023-11-18,2,1,1
2023-11-19,2,1,2
2023-11-20,2,1,2
2023-11-21,2,1,1
2023-11-22,2,1,2
2023-11-23,2,1,1
2023-11-24,2,1,1
2023-11-25,2,1,1
2023-11-26,2,1,1
2023-11-27,2,1,1
2023-11-28,2,1,1
2023-11-29,2,1,1
2023-11-30,2,1,1
2023-12-01,2,1,1
2023-12-02,2,1,2
2023-12-03,2,1,1
2023-12-04,2,1,1
2023-12-05,2,1,1
2023-12-06,2,1,2
2023-12-07,2,1,1
2023-12-08,2,1,1
2023-12-09,2,1,2
2023-12-10,2,1,1
2023-12-11,2,1,1
2023-12-12,2,1,1
2023-12-13,2,1,1
2023-12-14,2,1,1
2023-12-15,2,1,1
2023-12-16,2,1,1
2023-12-17,2,1,2
2023-12-18,2,1,1
2023-12-19,2,1,0
2023-12-20,2,1,2
2023-12-21,2,1,2
2023-12-22,2,1,1
2023-12-23,2,1,2
2023-12-24,2,1,1
2023-12-25,2,1,0
2023-12-26,2,1,1
2023-12-27,2,1,1
2023-12-28,2,1,1
2023-12-29,2,1,2
2023-12-30,2,1,2
2023-12-31,2,1,1
2023-01-01,2,2,2
2023-01-02,2,2,1
2023-01-03,2,2,1
2023-01-04,2,2,1
2023-01-05,2,2,1
2023-01-06,2,2,0
2023-01-07,2,2,2
2023-01-08,2,2,2
2023-01-09,2,2,2
2023-01-10,2,2,1
2023-01-11,2,2,1
2023-01-12,2,2,0
2023-01-13,2,2,1
2023-01-14,2,2,2
2023-01-15,2,2,0
2023-01-16,2,2,1
2023-01-17,2,2,1
2023-01-18,2,2,1
2023-01-19,2,2,1
2023-01-20,2,2,1
2023-01-21,2,2,1
2023-01-22,2,2,2
2023-01-23,2,2,1
2023-01-24,2,2,1
2023-01-25,2,2,1
2023-01-26,2,2,1
2023-01-27,2,2,2
2023-01-28,2,2,1
2023-01-29,2,2,1
2023-01-30,2,2,0
2023-01-31,2,2,1
2023-02-01,2,2,1
2023-02-02,2,2,1
2023-02-03,2,2,1
2023-02-04,2,2,2
2023-02-05,2,2,1
2023-02-06,2,2,1
2023-02-07,2,2,2
2023-02-08,2,2,1
2023-02-09,2,2,1
2023-02-10,2,2,1
2023-02-11,2,2,1
2023-02-12,2,2,2
2023-02-13,2,2,2
2023-02-14,2,2,1
2023-02-15,2,2,2
2023-02-16,2,2,1
2023-02-17,2,2,1
2023-02-18,2,2,1
2023-02-19,2,2,1
2023-02-20,2,2,1
2023-02-21,2,2,1
2023-02-22,2,2,1
2023-02-23,2,2,1
2023-02-24,2,2,1
2023-02-25,2,2,0
2023-02-26,2,2,2
2023-02-27,2,2,1
2023-02-28,2,2,1
2023-03-01,2,2,2
2023-03-02,2,2,2
2023-03-03,2,2,1
2023-03-04,2,2,1
2023-03-05,2,2,1
2023-03-06,2,2,2
2023-03-07,2,2,1
2023-03-08,2,2,1
2023-03-09,2,2,2
2023-03-10,2,2,1
2023-03-11,2,2,1
2023-03-12,2,2,2
2023-03-13,2,2,1
2023-03-14,2,2,2
2023-03-15,2,2,1
2023-03-16,2,2,0
2023-03-17,2,2,2
2023-03-18,2,2,1
2023-03-19,2,2,1
2023-03-20,2,2,2
2023-03-21,2,2,2
2023-03-22,2,2,2
2023-03-23,2,2,1
2023-03-24,2,2,1
2023-03-25,2,2,1
2023-03-26,2,2,1
2023-03-27,2,2,1
2023-03-28,2,2,0
2023-03-29,2,2,1
2023-03-30,2,2,1
2023-03-31,2,2,1
2023-04-01,2,2,1
2023-04-02,2,2,2
2023-04-03,2,2,1
2023-04-04,2,2,1
2023-04-05,2,2,2
2023-04-06,2,2,1
2023-04-07,2,2,1
2023-04-08,2,2,3
2023-04-09,2,2,1
2023-04-10,2,2,1
2023-04-11,2,2,1
2023-04-12,2,2,2
2023-04-13,2,2,0
2023-04-14,2,2,2
2023-04-15,2,2,1
2023-04-16,2,2,1
2023-04-17,2,2,1
2023-04-18,2,2,1
2023-04-19,2,2,1
2023-04-20,2,2,1
2023-04-21,2,2,3
2023-04-22,2,2,2
2023-04-23,2,2,1
2023-04-24,2,2,1
2023-04-25,2,2,1
2023-04-26,2,2,2
2023-04-27,2,2,1
2023-04-28,2,2,2
2023-04-29,2,2,2
2023-04-30,2,2,2
2023-05-01,2,2,2
2023-05-02,2,2,0
2023-05-03,2,2,1
2023-05-04,2,2,2
2023-05-05,2,2,1
2023-05-06,2,2,2
2023-05-07,2,2,1
2023-05-08,2,2,2
2023-05-09,2,2,1
2023-05-10,2,2,1
2023-05-11,2,2,2
2023-05-12,2,2,1
2023-05-13,2,2,3
2023-05-14,2,2,1
2023-05-15,2,2,2
2023-05-16,2,2,2
2023-05-17,2,2,1
2023-05-18,2,2,1
2023-05-19,2,2,1
2023-05-20,2,2,2
2023-05-21,2,2,2
2023-05-22,2,2,1
2023-05-23,2,2,1
2023-05-24,2,2,2
2023-05-25,2,2,1
2023-05-26,2,2,1
2023-05-27,2,2,4
2023-05-28,2,2,1
2023-05-29,2,2,1
2023-05-30,2,2,1
2023-05-31,2,2,1
2023-06-01,2,2,2
2023-06-02,2,2,1
2023-06-03,2,2,3
2023-06-04,2,2,2
2023-06-05,2,2,1
2023-06-06,2,2,1
2023-06-07,2,2,1
2023-06-08,2,2,3
2023-06-09,2,2,2
2023-06-10,2,2,2
2023-06-11,2,2,3
2023-06-12,2,2,1
2023-06-13,2,2,2
2023-06-14,2,2,0
2023-06-15,2,2,2
2023-06-16,2,2,2
2023-06-17,2,2,1
2023-06-18,2,2,3
2023-06-19,2,2,1
2023-06-20,2,2,1
2023-06-21,2,2,1
2023-06-22,2,2,1
2023-06-23,2,2,2
2023-06-24,2,2,1
2023-06-25,2,2,2
2023-06-26,2,2,2
2023-06-27,2,2,2
2023-06-28,2,2,1
2023-06-29,2,2,1
2023-06-30,2,2,2
2023-07-01,2,2,2
2023-07-02,2,2,2
2023-07-03,2,2,2
2023-07-04,2,2,2
2023-07-05,2,2,2
2023-07-06,2,2,1
2023-07-07,2,2,2
2023-07-08,2,2,1
2023-07-09,2,2,3
2023-07-10,2,2,1
2023-07-11,2,2,1
2023-07-12,2,2,1
2023-07-13,2,2,2
2023-07-14,2,2,2
2023-07-15,2,2,4
2023-07-16,2,2,1
2023-07-17,2,2,2
2023-07-18,2,2,1
2023-07-19,2,2,1
2023-07-20,2,2,2
2023-07-21,2,2,1
2023-07-22,2,2,2
2023-07-23,2,2,3
2023-07-24,2,2,1
2023-07-25,2,2,2
2023-07-26,2,2,2
2023-07-27,2,2,2
2023-07-28,2,2,3
2023-07-29,2,2,2
2023-07-30,2,2,1
2023-07-31,2,2,3
2023-08-01,2,2,1
2023-08-02,2,2,2
2023-08-03,2,2,1
2023-08-04,2,2,1
2023-08-05,2,2,2
2023-08-06,2,2,2
2023-08-07,2,2,1
2023-08-08,2,2,1
2023-08-09,2,2,1
2023-08-10,2,2,1
2023-08-11,2,2,3
2023-08-12,2,2,2
2023-08-13,2,2,2
2023-08-14,2,2,3
2023-08-15,2,2,2
2023-08-16,2,2,2
2023-08-17,2,2,2
2023-08-18,2,2,1
2023-08-19,2,2,3
2023-08-20,2,2,2
2023-08-21,2,2,1
2023-08-22,2,2,0
2023-08-23,2,2,1
2023-08-24,2,2,1
2023-08-25,2,2,1
2023-08-26,2,2,1
2023-08-27,2,2,2
2023-08-28,2,2,2
2023-08-29,2,2,2
2023-08-30,2,2,1
2023-08-31,2,2,2
2023-09-01,2,2,2
2023-09-02,2,2,2
2023-09-03,2,2,2
2023-09-04,2,2,3
2023-09-05,2,2,2
2023-09-06,2,2,2
2023-09-07,2,2,2
2023-09-08,2,2,1
2023-09-09,2,2,2
2023-09-10,2,2,2
2023-09-11,2,2,1
2023-09-12,2,2,1
2023-09-13,2,2,0
2023-09-14,2,2,2
2023-09-15,2,2,1
2023-09-16,2,2,1
2023-09-17,2,2,3
2023-09-18,2,2,1
2023-09-19,2,2,2
2023-09-20,2,2,1
2023-09-21,2,2,2
2023-09-22,2,2,2
2023-09-23,2,2,2
2023-09-24,2,2,1
2023-09-25,2,2,2
2023-09-26,2,2,1
2023-09-27,2,2,2
2023-09-28,2,2,2
2023-09-29,2,2,2
2023-09-30,2,2,3
2023-10-01,2,2,2
2023-10-02,2,2,1
2023-10-03,2,2,1
2023-10-04,2,2,1
2023-10-05,2,2,1
2023-10-06,2,2,1
2023-10-07,2,2,2
2023-10-08,2,2,1
2023-10-09,2,2,2
2023-10-10,2,2,2
2023-10-11,2,2,1
2023-10-12,2,2,1
2023-10-13,2,2,1
2023-10-14,2,2,2
2023-10-15,2,2,2
2023-10-16,2,2,1
2023-10-17,2,2,1
2023-10-18,2,2,3
2023-10-19,2,2,1
2023-10-20,2,2,2
2023-10-21,2,2,1
2023-10-22,2,2,2
2023-10-23,2,2,2
2023-10-24,2,2,2
2023-10-25,2,2,0
2023-10-26,2,2,2
2023-10-27,2,2,2
2023-10-28,2,2,2
2023-10-29,2,2,2
2023-10-30,2,2,1
2023-10-31,2,2,1
2023-11-01,2,2,1
2023-11-02,2,2,2
2023-11-03,2,2,2
2023-11-04,2,2,2
2023-11-05,2,2,2
2023-11-06,2,2,1
2023-11-07,2,2,2
2023-11-08,2,2,2
2023-11-09,2,2,3
2023-11-10,2,2,1
2023-11-11,2,2,1
2023-11-12,2,2,2
2023-11-13,2,2,2
2023-11-14,2,2,0
2023-11-15,2,2,1
2023-11-16,2,2,2
2023-11-17,2,2,3
2023-11-18,2,2,1
2023-11-19,2,2,2
2023-11-20,2,2,1
2023-11-21,2,2,2
2023-11-22,2,2,2
2023-11-23,2,2,1
2023-11-24,2,2,3
2023-11-25,2,2,3
2023-11-26,2,2,3
2023-11-27,2,2,2
2023-11-28,2,2,2
2023-11-29,2,2,2
2023-11-30,2,2,1
2023-12-01,2,2,4
2023-12-02,2,2,2
2023-12-03,2,2,2
2023-12-04,2,2,3
2023-12-05,2,2,2
2023-12-06,2,2,2
2023-12-07,2,2,3
2023-12-08,2,2,1
2023-12-09,2,2,2
2023-12-10,2,2,1
2023-12-11,2,2,2
2023-12-12,2,2,2
2023-12-13,2,2,2
2023-12-14,2,2,2
2023-12-15,2,2,1
2023-12-16,2,2,3
2023-12-17,2,2,3
2023-12-18,2,2,3
2023-12-19,2,2,3
2023-12-20,2,2,2
2023-12-21,2,2,3
2023-12-22,2,2,2
2023-12-23,2,2,2
2023-12-24,2,2,3
2023-12-25,2,2,2
2023-12-26,2,2,1
2023-12-27,2,2,2
2023-12-28,2,2,3
2023-12-29,2,2,2
2023-12-30,2,2,2
2023-12-31,2,2,3
2023-01-01,2,3,3
2023-01-02,2,3,2
2023-01-03,2,3,3
2023-01-04,2,3,3
2023-01-05,2,3,2
2023-01-06,2,3,3
2023-01-07,2,3,5
2023-01-08,2,3,4
2023-01-09,2,3,0
2023-01-10,2,3,3
2023-01-11,2,3,3
2023-01-12,2,3,3
2023-01-13,2,3,4
2023-01-14,2,3,3
2023-01-15,2,3,4
2023-01-16,2,3,4
2023-01-17,2,3,2
2023-01-18,2,3,3
2023-01-19,2,3,2
2023-01-20,2,3,6
2023-01-21,2,3,3
2023-01-22,2,3,5
2023-01-23,2,3,4
2023-01-24,2,3,4
2023-01-25,2,3,3
2023-01-26,2,3,4
2023-01-27,2,3,4
2023-01-28,2,3,2
2023-01-29,2,3,5
2023-01-30,2,3,3
2023-01-31,2,3,3
2023-02-01,2,3,2
2023-02-02,2,3,4
2023-02-03,2,3,3
2023-02-04,2,3,4
2023-02-05,2,3,4
2023-02-06,2,3,5
2023-02-07,2,3,3
2023-02-08,2,3,4
2023-02-09,2,3,3
2023-02-10,2,3,4
2023-02-11,2,3,3
2023-02-12,2,3,3
2023-02-13,2,3,3
2023-02-14,2,3,3
2023-02-15,2,3,4
2023-02-16,2,3,3
2023-02-17,2,3,2
2023-02-18,2,3,5
2023-02-19,2,3,3
2023-02-20,2,3,3
2023-02-21,2,3,4
2023-02-22,2,3,2
2023-02-23,2,3,4
2023-02-24,2,3,4
2023-02-25,2,3,3
2023-02-26,2,3,5
2023-02-27,2,3,4
2023-02-28,2,3,3
2023-03-01,2,3,3
2023-03-02,2,3,5
2023-03-03,2,3,4
2023-03-04,2,3,3
2023-03-05,2,3,5
2023-03-06,2,3,2
2023-03-07,2,3,3
2023-03-08,2,3,2
2023-03-09,2,3,3
2023-03-10,2,3,5
2023-03-11,2,3,3
2023-03-12,2,3,4
2023-03-13,2,3,2
2023-03-14,2,3,1
2023-03-15,2,3,3
2023-03-16,2,3,3
2023-03-17,2,3,3
2023-03-18,2,3,5
2023-03-19,2,3,6
2023-03-20,2,3,4
2023-03-21,2,3,3
2023-03-22,2,3,2
2023-03-23,2,3,4
2023-03-24,2,3,5
2023-03-25,2,3,4
2023-03-26,2,3,4
2023-03-27,2,3,4
2023-03-28,2,3,4
2023-03-29,2,3,4
2023-03-30,2,3,3
2023-03-31,2,3,3
2023-04-01,2,3,4
2023-04-02,2,3,3
2023-04-03,2,3,3
2023-04-04,2,3,4
2023-04-05,2,3,2
2023-04-06,2,3,3
2023-04-07,2,3,4
2023-04-08,2,3,3
2023-04-09,2,3,4
2023-04-10,2,3,4
2023-04-11,2,3,5
2023-04-12,2,3,2
2023-04-13,2,3,4
2023-04-14,2,3,4
2023-04-15,2,3,5
2023-04-16,2,3,5
2023-04-17,2,3,3
2023-04-18,2,3,4
2023-04-19,2,3,4
2023-04-20,2,3,3
2023-04-21,2,3,4
2023-04-22,2,3,4
2023-04-23,2,3,3
2023-04-24,2,3,3
2023-04-25,2,3,5
2023-04-26,2,3,3
2023-04-27,2,3,3
2023-04-28,2,3,3
2023-04-29,2,3,7
2023-04-30,2,3,5
2023-05-01,2,3,4
2023-05-02,2,3,4
2023-05-03,2,3,5
2023-05-04,2,3,4
2023-05-05,2,3,4
2023-05-06,2,3,4
2023-05-07,2,3,7
2023-05-08,2,3,4
2023-05-09,2,3,5
2023-05-10,2,3,5
2023-05-11,2,3,3
2023-05-12,2,3,2
2023-05-13,2,3,4
2023-05-14,2,3,5
2023-05-15,2,3,5
2023-05-16,2,3,4
2023-05-17,2,3,3
2023-05-18,2,3,3
2023-05-19,2,3,5
2023-05-20,2,3,5
2023-05-21,2,3,5
2023-05-22,2,3,4
2023-05-23,2,3,4
2023-05-24,2,3,5
2023-05-25,2,3,6
2023-05-26,2,3,2
2023-05-27,2,3,3
2023-05-28,2,3,5
2023-05-29,2,3,6
2023-05-30,2,3,2
2023-05-31,2,3,3
2023-06-01,2,3,5
2023-06-02,2,3,4
2023-06-03,2,3,8
2023-06-04,2,3,6
2023-06-05,2,3,7
2023-06-06,2,3,5
2023-06-07,2,3,4
2023-06-08,2,3,5
2023-06-09,2,3,7
2023-06-10,2,3,4
2023-06-11,2,3,6
2023-06-12,2,3,3
2023-06-13,2,3,3
2023-06-14,2,3,5
2023-06-15,2,3,6
2023-06-16,2,3,3
2023-06-17,2,3,6
2023-06-18,2,3,6
2023-06-19,2,3,5
2023-06-20,2,3,3
2023-06-21,2,3,3
2023-06-22,2,3,6
2023-06-23,2,3,5
2023-06-24,2,3,5
2023-06-25,2,3,6
2023-06-26,2,3,2
2023-06-27,2,3,4
2023-06-28,2,3,5
2023-06-29,2,3,3
2023-06-30,2,3,8
2023-07-01,2,3,4
2023-07-02,2,3,5
2023-07-03,2,3,7
2023-07-04,2,3,5
2023-07-05,2,3,4
2023-07-06,2,3,5
2023-07-07,2,3,6
2023-07-08,2,3,7
2023-07-09,2,3,8
2023-07-10,2,3,5
2023-07-11,2,3,5
2023-07-12,2,3,3
2023-07-13,2,3,4
2023-07-14,2,3,4
2023-07-15,2,3,6
2023-07-16,2,3,7
2023-07-17,2,3,6
2023-07-18,2,3,3
2023-07-19,2,3,5
2023-07-20,2,3,4
2023-07-21,2,3,5
2023-07-22,2,3,6
2023-07-23,2,3,6
2023-07-24,2,3,4
2023-07-25,2,3,5
2023-07-26,2,3,7
2023-07-27,2,3,3
2023-07-28,2,3,5
2023-07-29,2,3,5
2023-07-30,2,3,5
2023-07-31,2,3,4
2023-08-01,2,3,6
2023-08-02,2,3,6
2023-08-03,2,3,4
2023-08-04,2,3,6
2023-08-05,2,3,5
2023-08-06,2,3,6
2023-08-07,2,3,3
2023-08-08,2,3,5
2023-08-09,2,3,5
2023-08-10,2,3,4
2023-08-11,2,3,8
2023-08-12,2,3,4
2023-08-13,2,3,6
2023-08-14,2,3,4
2023-08-15,2,3,4
2023-08-16,2,3,2
2023-08-17,2,3,4
2023-08-18,2,3,5
2023-08-19,2,3,5
2023-08-20,2,3,5
2023-08-21,2,3,4
2023-08-22,2,3,5
2023-08-23,2,3,4
2023-08-24,2,3,5
2023-08-25,2,3,7
2023-08-26,2,3,5
2023-08-27,2,3,5
2023-08-28,2,3,5
2023-08-29,2,3,4
2023-08-30,2,3,5
2023-08-31,2,3,1
2023-09-01,2,3,6
2023-09-02,2,3,4
2023-09-03,2,3,5
2023-09-04,2,3,2
2023-09-05,2,3,4
2023-09-06,2,3,5
2023-09-07,2,3,6
2023-09-08,2,3,3
2023-09-09,2,3,7
2023-09-10,2,3,5
2023-09-11,2,3,5
2023-09-12,2,3,7
2023-09-13,2,3,4
2023-09-14,2,3,5
2023-09-15,2,3,6
2023-09-16,2,3,7
2023-09-17,2,3,6
2023-09-18,2,3,5
2023-09-19,2,3,2
2023-09-20,2,3,4
2023-09-21,2,3,4
2023-09-22,2,3,7
2023-09-23,2,3,5
2023-09-24,2,3,6
2023-09-25,2,3,5
2023-09-26,2,3,4
2023-09-27,2,3,4
2023-09-28,2,3,4
2023-09-29,2,3,5
2023-09-30,2,3,6
2023-10-01,2,3,4
2023-10-02,2,3,3
2023-10-03,2,3,3
2023-10-04,2,3,6
2023-10-05,2,3,6
2023-10-06,2,3,4
2023-10-07,2,3,7
2023-10-08,2,3,4
2023-10-09,2,3,4
2023-10-10,2,3,5
2023-10-11,2,3,2
2023-10-12,2,3,4
2023-10-13,2,3,6
2023-10-14,2,3,4
2023-10-15,2,3,5
2023-10-16,2,3,4
2023-10-17,2,3,3
2023-10-18,2,3,4
2023-10-19,2,3,4
2023-10-20,2,3,5
2023-10-21,2,3,3
2023-10-22,2,3,7
2023-10-23,2,3,3
2023-10-24,2,3,2
2023-10-25,2,3,4
2023-10-26,2,3,2
2023-10-27,2,3,6
2023-10-28,2,3,5
2023-10-29,2,3,5
2023-10-30,2,3,7
2023-10-31,2,3,5
2023-11-01,2,3,5
2023-11-02,2,3,10
2023-11-03,2,3,7
2023-11-04,2,3,4
2023-11-05,2,3,6
2023-11-06,2,3,4
2023-11-07,2,3,4
2023-11-08,2,3,5
2023-11-09,2,3,6
2023-11-10,2,3,5
2023-11-11,2,3,5
2023-11-12,2,3,4
2023-11-13,2,3,5
2023-11-14,2,3,5
2023-11-15,2,3,7
2023-11-16,2,3,3
2023-11-17,2,3,7
2023-11-18,2,3,7
2023-11-19,2,3,7
2023-11-20,2,3,4
2023-11-21,2,3,3
2023-11-22,2,3,4
2023-11-23,2,3,4
2023-11-24,2,3,2
2023-11-25,2,3,4
2023-11-26,2,3,7
2023-11-27,2,3,6
2023-11-28,2,3,2
2023-11-29,2,3,5
2023-11-30,2,3,4
2023-12-01,2,3,7
2023-12-02,2,3,5
2023-12-03,2,3,7
2023-12-04,2,3,4
2023-12-05,2,3,6
2023-12-06,2,3,5
2023-12-07,2,3,3
2023-12-08,2,3,6
2023-12-09,2,3,7
2023-12-10,2,3,4
2023-12-11,2,3,7
2023-12-12,2,3,3
2023-12-13,2,3,5
2023-12-14,2,3,6
2023-12-15,2,3,3
2023-12-16,2,3,4
2023-12-17,2,3,7
2023-12-18,2,3,3
2023-12-19,2,3,5
2023-12-20,2,3,5
2023-12-21,2,3,6
2023-12-22,2,3,4
2023-12-23,2,3,7
2023-12-24,2,3,4
2023-12-25,2,3,4
2023-12-26,2,3,4
2023-12-27,2,3,6
2023-12-28,2,3,6
2023-12-29,2,3,4
2023-12-30,2,3,7
2023-12-31,2,3,8
2023-01-01,2,4,1
2023-01-02,2,4,1
2023-01-03,2,4,1
2023-01-04,2,4,1
2023-01-05,2,4,1
2023-01-06,2,4,1
2023-01-07,2,4,2
2023-01-08,2,4,1
2023-01-09,2,4,1
2023-01-10,2,4,1
2023-01-11,2,4,1
2023-01-12,2,4,1
2023-01-13,2,4,1
2023-01-14,2,4,2
2023-01-15,2,4,1
2023-01-16,2,4,1
2023-01-17,2,4,0
2023-01-18,2,4,1
2023-01-19,2,4,1
2023-01-20,2,4,1
2023-01-21,2,4,2
2023-01-22,2,4,1
2023-01-23,2,4,1
2023-01-24,2,4,1
2023-01-25,2,4,2
2023-01-26,2,4,1
2023-01-27,2,4,1
2023-01-28,2,4,2
2023-01-29,2,4,2
2023-01-30,2,4,1
2023-01-31,2,4,1
2023-02-01,2,4,1
2023-02-02,2,4,1
2023-02-03,2,4,2
2023-02-04,2,4,1
2023-02-05,2,4,1
2023-02-06,2,4,1
2023-02-07,2,4,1
2023-02-08,2,4,1
2023-02-09,2,4,1
2023-02-10,2,4,1
2023-02-11,2,4,1
2023-02-12,2,4,2
2023-02-13,2,4,1
2023-02-14,2,4,1
2023-02-15,2,4,1
2023-02-16,2,4,1
2023-02-17,2,4,2
2023-02-18,2,4,1
2023-02-19,2,4,2
2023-02-20,2,4,1
2023-02-21,2,4,1
2023-02-22,2,4,1
2023-02-23,2,4,1
2023-02-24,2,4,1
2023-02-25,2,4,2
2023-02-26,2,4,1
2023-02-27,2,4,1
2023-02-28,2,4,1
2023-03-01,2,4,1
2023-03-02,2,4,1
2023-03-03,2,4,1
2023-03-04,2,4,2
2023-03-05,2,4,1
2023-03-06,2,4,2
2023-03-07,2,4,1
2023-03-08,2,4,1
2023-03-09,2,4,1
2023-03-10,2,4,1
2023-03-11,2,4,2
2023-03-12,2,4,1
2023-03-13,2,4,1
2023-03-14,2,4,1
2023-03-15,2,4,1
2023-03-16,2,4,1
2023-03-17,2,4,1
2023-03-18,2,4,2
2023-03-19,2,4,2
2023-03-20,2,4,1
2023-03-21,2,4,1
2023-03-22,2,4,1
2023-03-23,2,4,1
2023-03-24,2,4,2
2023-03-25,2,4,2
2023-03-26,2,4,1
2023-03-27,2,4,1
2023-03-28,2,4,1
2023-03-29,2,4,1
2023-03-30,2,4,0
2023-03-31,2,4,1
2023-04-01,2,4,1
2023-04-02,2,4,2
2023-04-03,2,4,1
2023-04-04,2,4,1
2023-04-05,2,4,1
2023-04-06,2,4,1
2023-04-07,2,4,1
2023-04-08,2,4,1
2023-04-09,2,4,2
2023-04-10,2,4,1
2023-04-11,2,4,2
2023-04-12,2,4,1
2023-04-13,2,4,1
2023-04-14,2,4,2
2023-04-15,2,4,1
2023-04-16,2,4,0
2023-04-17,2,4,2
2023-04-18,2,4,1
2023-04-19,2,4,1
2023-04-20,2,4,1
2023-04-21,2,4,0
2023-04-22,2,4,1
2023-04-23,2,4,2
2023-04-24,2,4,1
2023-04-25,2,4,1
2023-04-26,2,4,2
2023-04-27,2,4,2
2023-04-28,2,4,2
2023-04-29,2,4,2
2023-04-30,2,4,2
2023-05-01,2,4,2
2023-05-02,2,4,1
2023-05-03,2,4,1
2023-05-04,2,4,1
2023-05-05,2,4,1
2023-05-06,2,4,1
2023-05-07,2,4,2
2023-05-08,2,4,1
2023-05-09,2,4,1
2023-05-10,2,4,2
2023-05-11,2,4,2
2023-05-12,2,4,2
2023-05-13,2,4,2
2023-05-14,2,4,1
2023-05-15,2,4,2
2023-05-16,2,4,1
2023-05-17,2,4,1
2023-05-18,2,4,1
2023-05-19,2,4,1
2023-05-20,2,4,3
2023-05-21,2,4,2
2023-05-22,2,4,1
2023-05-23,2,4,1
2023-05-24,2,4,1
2023-05-25,2,4,2
2023-05-26,2,4,1
2023-05-27,2,4,1
2023-05-28,2,4,2
2023-05-29,2,4,2
2023-05-30,2,4,2
2023-05-31,2,4,2
2023-06-01,2,4,1
2023-06-02,2,4,2
2023-06-03,2,4,1
2023-06-04,2,4,1
2023-06-05,2,4,1
2023-06-06,2,4,1
2023-06-07,2,4,1
2023-06-08,2,4,2
2023-06-09,2,4,2
2023-06-10,2,4,2
2023-06-11,2,4,3
2023-06-12,2,4,1
2023-06-13,2,4,1
2023-06-14,2,4,1
2023-06-15,2,4,2
2023-06-16,2,4,2
2023-06-17,2,4,2
2023-06-18,2,4,3
2023-06-19,2,4,2
2023-06-20,2,4,1
2023-06-21,2,4,2
2023-06-22,2,4,1
2023-06-23,2,4,2
2023-06-24,2,4,2
2023-06-25,2,4,1
2023-06-26,2,4,2
2023-06-27,2,4,1
2023-06-28,2,4,1
2023-06-29,2,4,1
2023-06-30,2,4,1
2023-07-01,2,4,2
2023-07-02,2,4,2
2023-07-03,2,4,1
2023-07-04,2,4,1
2023-07-05,2,4,1
2023-07-06,2,4,1
2023-07-07,2,4,1
2023-07-08,2,4,2
2023-07-09,2,4,2
2023-07-10,2,4,1
2023-07-11,2,4,1
2023-07-12,2,4,2
2023-07-13,2,4,2
2023-07-14,2,4,2
2023-07-15,2,4,2
2023-07-16,2,4,1
2023-07-17,2,4,2
2023-07-18,2,4,2
2023-07-19,2,4,2
2023-07-20,2,4,2
2023-07-21,2,4,2
2023-07-22,2,4,3
2023-07-23,2,4,3
2023-07-24,2,4,2
2023-07-25,2,4,2
2023-07-26,2,4,1
2023-07-27,2,4,2
2023-07-28,2,4,2
2023-07-29,2,4,2
2023-07-30,2,4,2
2023-07-31,2,4,2
2023-08-01,2,4,1
2023-08-02,2,4,2
2023-08-03,2,4,1
2023-08-04,2,4,2
2023-08-05,2,4,1
2023-08-06,2,4,2
2023-08-07,2,4,2
2023-08-08,2,4,1
2023-08-09,2,4,3
2023-08-10,2,4,1
2023-08-11,2,4,2
2023-08-12,2,4,3
2023-08-13,2,4,2
2023-08-14,2,4,0
2023-08-15,2,4,1
2023-08-16,2,4,3
2023-08-17,2,4,1
2023-08-18,2,4,2
2023-08-19,2,4,2
2023-08-20,2,4,1
2023-08-21,2,4,2
2023-08-22,2,4,2
2023-08-23,2,4,2
2023-08-24,2,4,1
2023-08-25,2,4,2
2023-08-26,2,4,1
2023-08-27,2,4,1
2023-08-28,2,4,2
2023-08-29,2,4,2
2023-08-30,2,4,2
2023-08-31,2,4,2
2023-09-01,2,4,2
2023-09-02,2,4,1
2023-09-03,2,4,3
2023-09-04,2,4,2
2023-09-05,2,4,1
2023-09-06,2,4,2
2023-09-07,2,4,1
2023-09-08,2,4,2
2023-09-09,2,4,2
2023-09-10,2,4,2
2023-09-11,2,4,2
2023-09-12,2,4,1
2023-09-13,2,4,1
2023-09-14,2,4,2
2023-09-15,2,4,2
2023-09-16,2,4,2
2023-09-17,2,4,2
2023-09-18,2,4,2
2023-09-19,2,4,1
2023-09-20,2,4,1
2023-09-21,2,4,1
2023-09-22,2,4,2
2023-09-23,2,4,1
2023-09-24,2,4,2
2023-09-25,2,4,1
2023-09-26,2,4,1
2023-09-27,2,4,2
2023-09-28,2,4,2
2023-09-29,2,4,3
2023-09-30,2,4,2
2023-10-01,2,4,1
2023-10-02,2,4,1
2023-10-03,2,4,1
2023-10-04,2,4,1
2023-10-05,2,4,1
2023-10-06,2,4,1
2023-10-07,2,4,1
2023-10-08,2,4,3
2023-10-09,2,4,1
2023-10-10,2,4,1
2023-10-11,2,4,1
2023-10-12,2,4,1
2023-10-13,2,4,1
2023-10-14,2,4,1
2023-10-15,2,4,2
2023-10-16,2,4,1
2023-10-17,2,4,0
2023-10-18,2,4,1
2023-10-19,2,4,1
2023-10-20,2,4,1
2023-10-21,2,4,2
2023-10-22,2,4,2
2023-10-23,2,4,2
2023-10-24,2,4,1
2023-10-25,2,4,1
2023-10-26,2,4,1
2023-10-27,2,4,1
2023-10-28,2,4,2
2023-10-29,2,4,1
2023-10-30,2,4,0
2023-10-31,2,4,1
2023-11-01,2,4,1
2023-11-02,2,4,3
2023-11-03,2,4,1
2023-11-04,2,4,2
2023-11-05,2,4,3
2023-11-06,2,4,1
2023-11-07,2,4,2
2023-11-08,2,4,1
2023-11-09,2,4,2
2023-11-10,2,4,0
2023-11-11,2,4,2
2023-11-12,2,4,1
2023-11-13,2,4,2
2023-11-14,2,4,1
2023-11-15,2,4,2
2023-11-16,2,4,2
2023-11-17,2,4,2
2023-11-18,2,4,2
2023-11-19,2,4,0
2023-11-20,2,4,1
2023-11-21,2,4,2
2023-11-22,2,4,1
2023-11-23,2,4,2
2023-11-24,2,4,2
2023-11-25,2,4,3
2023-11-26,2,4,2
2023-11-27,2,4,2
2023-11-28,2,4,0
2023-11-29,2,4,1
2023-11-30,2,4,1
2023-12-01,2,4,1
2023-12-02,2,4,1
2023-12-03,2,4,2
2023-12-04,2,4,3
2023-12-05,2,4,2
2023-12-06,2,4,1
2023-12-07,2,4,3
2023-12-08,2,4,2
2023-12-09,2,4,3
2023-12-10,2,4,2
2023-12-11,2,4,2
2023-12-12,2,4,2
2023-12-13,2,4,2
2023-12-14,2,4,2
2023-12-15,2,4,1
2023-12-16,2,4,3
2023-12-17,2,4,3
2023-12-18,2,4,4
2023-12-19,2,4,2
2023-12-20,2,4,2
2023-12-21,2,4,2
2023-12-22,2,4,3
2023-12-23,2,4,1
2023-12-24,2,4,2
2023-12-25,2,4,2
2023-12-26,2,4,2
2023-12-27,2,4,1
2023-12-28,2,4,2
2023-12-29,2,4,2
2023-12-30,2,4,2
2023-12-31,2,4,1
2023-01-01,2,5,13
2023-01-02,2,5,9
2023-01-03,2,5,9
2023-01-04,2,5,10
2023-01-05,2,5,7
2023-01-06,2,5,5
2023-01-07,2,5,5
2023-01-08,2,5,8
2023-01-09,2,5,7
2023-01-10,2,5,10
2023-01-11,2,5,11
2023-01-12,2,5,10
2023-01-13,2,5,11
2023-01-14,2,5,10
2023-01-15,2,5,12
2023-01-16,2,5,8
2023-01-17,2,5,4
2023-01-18,2,5,8
2023-01-19,2,5,3
2023-01-20,2,5,13
2023-01-21,2,5,11
2023-01-22,2,5,14
2023-01-23,2,5,11
2023-01-24,2,5,7
2023-01-25,2,5,8
2023-01-26,2,5,9
2023-01-27,2,5,11
2023-01-28,2,5,10
2023-01-29,2,5,12
2023-01-30,2,5,5
2023-01-31,2,5,10
2023-02-01,2,5,12
2023-02-02,2,5,10
2023-02-03,2,5,11
2023-02-04,2,5,9
2023-02-05,2,5,10
2023-02-06,2,5,11
2023-02-07,2,5,8
2023-02-08,2,5,11
2023-02-09,2,5,10
2023-02-10,2,5,8
2023-02-11,2,5,14
2023-02-12,2,5,12
2023-02-13,2,5,7
2023-02-14,2,5,7
2023-02-15,2,5,8
2023-02-16,2,5,8
2023-02-17,2,5,12
2023-02-18,2,5,14
2023-02-19,2,5,12
2023-02-20,2,5,10
2023-02-21,2,5,5
2023-02-22,2,5,9
2023-02-23,2,5,2
2023-02-24,2,5,10
2023-02-25,2,5,17
2023-02-26,2,5,7
2023-02-27,2,5,11
2023-02-28,2,5,11
2023-03-01,2,5,11
2023-03-02,2,5,11
2023-03-03,2,5,7
2023-03-04,2,5,12
2023-03-05,2,5,14
2023-03-06,2,5,7
2023-03-07,2,5,10
2023-03-08,2,5,10
2023-03-09,2,5,14
2023-03-10,2,5,14
2023-03-11,2,5,10
2023-03-12,2,5,13
2023-03-13,2,5,6
2023-03-14,2,5,9
2023-03-15,2,5,9
2023-03-16,2,5,6
2023-03-17,2,5,11
2023-03-18,2,5,13
2023-03-19,2,5,10
2023-03-20,2,5,8
2023-03-21,2,5,15
2023-03-22,2,5,14
2023-03-23,2,5,14
2023-03-24,2,5,11
2023-03-25,2,5,17
2023-03-26,2,5,10
2023-03-27,2,5,7
2023-03-28,2,5,9
2023-03-29,2,5,11
2023-03-30,2,5,14
2023-03-31,2,5,12
2023-04-01,2,5,7
2023-04-02,2,5,9
2023-04-03,2,5,10
2023-04-04,2,5,11
2023-04-05,2,5,10
2023-04-06,2,5,11
2023-04-07,2,5,9
2023-04-08,2,5,8
2023-04-09,2,5,16
2023-04-10,2,5,11
2023-04-11,2,5,10
2023-04-12,2,5,8
2023-04-13,2,5,12
2023-04-14,2,5,13
2023-04-15,2,5,5
2023-04-16,2,5,13
2023-04-17,2,5,9
2023-04-18,2,5,12
2023-04-19,2,5,6
2023-04-20,2,5,8
2023-04-21,2,5,15
2023-04-22,2,5,14
2023-04-23,2,5,13
2023-04-24,2,5,10
2023-04-25,2,5,13
2023-04-26,2,5,11
2023-04-27,2,5,8
2023-04-28,2,5,9
2023-04-29,2,5,15
2023-04-30,2,5,14
2023-05-01,2,5,11
2023-05-02,2,5,15
2023-05-03,2,5,9
2023-05-04,2,5,12
2023-05-05,2,5,18
2023-05-06,2,5,13
2023-05-07,2,5,9
2023-05-08,2,5,15
2023-05-09,2,5,9
2023-05-10,2,5,9
2023-05-11,2,5,10
2023-05-12,2,5,7
2023-05-13,2,5,14
2023-05-14,2,5,17
2023-05-15,2,5,10
2023-05-16,2,5,6
2023-05-17,2,5,8
2023-05-18,2,5,16
2023-05-19,2,5,13
2023-05-20,2,5,15
2023-05-21,2,5,12
2023-05-22,2,5,12
2023-05-23,2,5,8
2023-05-24,2,5,8
2023-05-25,2,5,10
2023-05-26,2,5,14
2023-05-27,2,5,11
2023-05-28,2,5,15
2023-05-29,2,5,9
2023-05-30,2,5,12
2023-05-31,2,5,11
2023-06-01,2,5,7
2023-06-02,2,5,16
2023-06-03,2,5,14
2023-06-04,2,5,17
2023-06-05,2,5,14
2023-06-06,2,5,17
2023-06-07,2,5,5
2023-06-08,2,5,19
2023-06-09,2,5,8
2023-06-10,2,5,7
2023-06-11,2,5,7
2023-06-12,2,5,7
2023-06-13,2,5,13
2023-06-14,2,5,8
2023-06-15,2,5,10
2023-06-16,2,5,12
2023-06-17,2,5,12
2023-06-18,2,5,8
2023-06-19,2,5,15
2023-06-20,2,5,11
2023-06-21,2,5,12
2023-06-22,2,5,14
2023-06-23,2,5,13
2023-06-24,2,5,13
2023-06-25,2,5,6
2023-06-26,2,5,13
2023-06-27,2,5,11
2023-06-28,2,5,12
2023-06-29,2,5,14
2023-06-30,2,5,13
2023-07-01,2,5,12
2023-07-02,2,5,18
2023-07-03,2,5,13
2023-07-04,2,5,3
2023-07-05,2,5,16
2023-07-06,2,5,15
2023-07-07,2,5,13
2023-07-08,2,5,17
2023-07-09,2,5,11
2023-07-10,2,5,7
2023-07-11,2,5,15
2023-07-12,2,5,15
2023-07-13,2,5,13
2023-07-14,2,5,18
2023-07-15,2,5,21
2023-07-16,2,5,11
2023-07-17,2,5,14
2023-07-18,2,5,10
2023-07-19,2,5,8
2023-07-20,2,5,10
2023-07-21,2,5,11
2023-07-22,2,5,16
2023-07-23,2,5,8
2023-07-24,2,5,12
2023-07-25,2,5,5
2023-07-26,2,5,11
2023-07-27,2,5,6
2023-07-28,2,5,24
2023-07-29,2,5,12
2023-07-30,2,5,15
2023-07-31,2,5,9
2023-08-01,2,5,19
2023-08-02,2,5,16
2023-08-03,2,5,5
2023-08-04,2,5,12
2023-08-05,2,5,13
2023-08-06,2,5,15
2023-08-07,2,5,15
2023-08-08,2,5,12
2023-08-09,2,5,11
2023-08-10,2,5,16
2023-08-11,2,5,12
2023-08-12,2,5,18
2023-08-13,2,5,13
2023-08-14,2,5,10
2023-08-15,2,5,10
2023-08-16,2,5,20
2023-08-17,2,5,16
2023-08-18,2,5,20
2023-08-19,2,5,16
2023-08-20,2,5,12
2023-08-21,2,5,14
2023-08-22,2,5,11
2023-08-23,2,5,12
2023-08-24,2,5,11
2023-08-25,2,5,6
2023-08-26,2,5,14
2023-08-27,2,5,14
2023-08-28,2,5,15
2023-08-29,2,5,11
2023-08-30,2,5,15
2023-08-31,2,5,9
2023-09-01,2,5,7
2023-09-02,2,5,17
2023-09-03,2,5,18
2023-09-04,2,5,14
2023-09-05,2,5,14
2023-09-06,2,5,15
2023-09-07,2,5,12
2023-09-08,2,5,8
2023-09-09,2,5,15
2023-09-10,2,5,14
2023-09-11,2,5,13
2023-09-12,2,5,5
2023-09-13,2,5,12
2023-09-14,2,5,17
2023-09-15,2,5,12
2023-09-16,2,5,17
2023-09-17,2,5,14
2023-09-18,2,5,10
2023-09-19,2,5,13
2023-09-20,2,5,13
2023-09-21,2,5,12
2023-09-22,2,5,11
2023-09-23,2,5,11
2023-09-24,2,5,16
2023-09-25,2,5,16
2023-09-26,2,5,16
2023-09-27,2,5,11
2023-09-28,2,5,17
2023-09-29,2,5,11
2023-09-30,2,5,17
2023-10-01,2,5,14
2023-10-02,2,5,11
2023-10-03,2,5,9
2023-10-04,2,5,8
2023-10-05,2,5,8
2023-10-06,2,5,12
2023-10-07,2,5,18
2023-10-08,2,5,13
2023-10-09,2,5,11
2023-10-10,2,5,10
2023-10-11,2,5,12
2023-10-12,2,5,9
2023-10-13,2,5,15
2023-10-14,2,5,22
2023-10-15,2,5,16
2023-10-16,2,5,9
2023-10-17,2,5,6
2023-10-18,2,5,11
2023-10-19,2,5,11
2023-10-20,2,5,21
2023-10-21,2,5,6
2023-10-22,2,5,10
2023-10-23,2,5,12
2023-10-24,2,5,7
2023-10-25,2,5,13
2023-10-26,2,5,9
2023-10-27,2,5,17
2023-10-28,2,5,17
2023-10-29,2,5,12
2023-10-30,2,5,14
2023-10-31,2,5,16
2023-11-01,2,5,15
2023-11-02,2,5,18
2023-11-03,2,5,10
2023-11-04,2,5,14
2023-11-05,2,5,15
2023-11-06,2,5,13
2023-11-07,2,5,9
2023-11-08,2,5,16
2023-11-09,2,5,11
2023-11-10,2,5,18
2023-11-11,2,5,24
2023-11-12,2,5,12
2023-11-13,2,5,14
2023-11-14,2,5,8
2023-11-15,2,5,14
2023-11-16,2,5,12
2023-11-17,2,5,14
2023-11-18,2,5,19
2023-11-19,2,5,9
2023-11-20,2,5,10
2023-11-21,2,5,8
2023-11-22,2,5,13
2023-11-23,2,5,11
2023-11-24,2,5,19
2023-11-25,2,5,18
2023-11-26,2,5,9
2023-11-27,2,5,14
2023-11-28,2,5,6
2023-11-29,2,5,15
2023-11-30,2,5,17
2023-12-01,2,5,16
2023-12-02,2,5,16
2023-12-03,2,5,24
2023-12-04,2,5,16
2023-12-05,2,5,12
2023-12-06,2,5,16
2023-12-07,2,5,15
2023-12-08,2,5,19
2023-12-09,2,5,24
2023-12-10,2,5,26
2023-12-11,2,5,18
2023-12-12,2,5,14
2023-12-13,2,5,14
2023-12-14,2,5,10
2023-12-15,2,5,12
2023-12-16,2,5,19
2023-12-17,2,5,24
2023-12-18,2,5,17
2023-12-19,2,5,12
2023-12-20,2,5,21
2023-12-21,2,5,9
2023-12-22,2,5,13
2023-12-23,2,5,18
2023-12-24,2,5,12
2023-12-25,2,5,17
2023-12-26,2,5,19
2023-12-27,2,5,19
2023-12-28,2,5,18
2023-12-29,2,5,11
2023-12-30,2,5,15
2023-12-31,2,5,15
2023-01-01,2,6,1
2023-01-02,2,6,1
2023-01-03,2,6,1
2023-01-04,2,6,1
2023-01-05,2,6,0
2023-01-06,2,6,1
2023-01-07,2,6,1
2023-01-08,2,6,1
2023-01-09,2,6,1
2023-01-10,2,6,1
2023-01-11,2,6,1
2023-01-12,2,6,1
2023-01-13,2,6,1
2023-01-14,2,6,1
2023-01-15,2,6,1
2023-01-16,2,6,0
2023-01-17,2,6,1
2023-01-18,2,6,1
2023-01-19,2,6,0
2023-01-20,2,6,1
2023-01-21,2,6,1
2023-01-22,2,6,2
2023-01-23,2,6,1
2023-01-24,2,6,1
2023-01-25,2,6,1
2023-01-26,2,6,0
2023-01-27,2,6,1
2023-01-28,2,6,1
2023-01-29,2,6,1
2023-01-30,2,6,1
2023-01-31,2,6,1
2023-02-01,2,6,1
2023-02-02,2,6,0
2023-02-03,2,6,1
2023-02-04,2,6,1
2023-02-05,2,6,1
2023-02-06,2,6,1
2023-02-07,2,6,0
2023-02-08,2,6,1
2023-02-09,2,6,1
2023-02-10,2,6,0
2023-02-11,2,6,1
2023-02-12,2,6,1
2023-02-13,2,6,1
2023-02-14,2,6,1
2023-02-15,2,6,1
2023-02-16,2,6,1
2023-02-17,2,6,0
2023-02-18,2,6,1
2023-02-19,2,6,0
2023-02-20,2,6,1
2023-02-21,2,6,1
2023-02-22,2,6,0
2023-02-23,2,6,0
2023-02-24,2,6,1
2023-02-25,2,6,0
2023-02-26,2,6,1
2023-02-27,2,6,1
2023-02-28,2,6,0
2023-03-01,2,6,0
2023-03-02,2,6,0
2023-03-03,2,6,1
2023-03-04,2,6,1
2023-03-05,2,6,1
2023-03-06,2,6,1
2023-03-07,2,6,0
2023-03-08,2,6,1
2023-03-09,2,6,1
2023-03-10,2,6,1
2023-03-11,2,6,1
2023-03-12,2,6,1
2023-03-13,2,6,0
2023-03-14,2,6,1
2023-03-15,2,6,1
2023-03-16,2,6,1
2023-03-17,2,6,1
2023-03-18,2,6,1
2023-03-19,2,6,1
2023-03-20,2,6,0
2023-03-21,2,6,0
2023-03-22,2,6,1
2023-03-23,2,6,1
2023-03-24,2,6,1
2023-03-25,2,6,2
2023-03-26,2,6,1
2023-03-27,2,6,1
2023-03-28,2,6,1
2023-03-29,2,6,0
2023-03-30,2,6,0
2023-03-31,2,6,1
2023-04-01,2,6,1
2023-04-02,2,6,1
2023-04-03,2,6,1
2023-04-04,2,6,1
2023-04-05,2,6,1
2023-04-06,2,6,1
2023-04-07,2,6,1
2023-04-08,2,6,1
2023-04-09,2,6,1
2023-04-10,2,6,1
2023-04-11,2,6,1
2023-04-12,2,6,1
2023-04-13,2,6,1
2023-04-14,2,6,0
2023-04-15,2,6,2
2023-04-16,2,6,1
2023-04-17,2,6,1
2023-04-18,2,6,1
2023-04-19,2,6,0
2023-04-20,2,6,1
2023-04-21,2,6,1
2023-04-22,2,6,1
2023-04-23,2,6,1
2023-04-24,2,6,0
2023-04-25,2,6,1
2023-04-26,2,6,1
2023-04-27,2,6,1
2023-04-28,2,6,1
2023-04-29,2,6,1
2023-04-30,2,6,1
2023-05-01,2,6,1
2023-05-02,2,6,1
2023-05-03,2,6,1
2023-05-04,2,6,1
2023-05-05,2,6,1
2023-05-06,2,6,2
2023-05-07,2,6,2
2023-05-08,2,6,1
2023-05-09,2,6,1
2023-05-10,2,6,1
2023-05-11,2,6,1
2023-05-12,2,6,1
2023-05-13,2,6,0
2023-05-14,2,6,2
2023-05-15,2,6,1
2023-05-16,2,6,1
2023-05-17,2,6,0
2023-05-18,2,6,1
2023-05-19,2,6,1
2023-05-20,2,6,1
2023-05-21,2,6,1
2023-05-22,2,6,0
2023-05-23,2,6,0
2023-05-24,2,6,1
2023-05-25,2,6,1
2023-05-26,2,6,0
2023-05-27,2,6,1
2023-05-28,2,6,0
2023-05-29,2,6,1
2023-05-30,2,6,1
2023-05-31,2,6,1
2023-06-01,2,6,1
2023-06-02,2,6,1
2023-06-03,2,6,1
2023-06-04,2,6,1
2023-06-05,2,6,1
2023-06-06,2,6,1
2023-06-07,2,6,1
2023-06-08,2,6,1
2023-06-09,2,6,1
2023-06-10,2,6,1
2023-06-11,2,6,1
2023-06-12,2,6,1
2023-06-13,2,6,1
2023-06-14,2,6,1
2023-06-15,2,6,0
2023-06-16,2,6,1
2023-06-17,2,6,2
2023-06-18,2,6,1
2023-06-19,2,6,1
2023-06-20,2,6,1
2023-06-21,2,6,1
2023-06-22,2,6,1
2023-06-23,2,6,1
2023-06-24,2,6,0
2023-06-25,2,6,2
2023-06-26,2,6,1
2023-06-27,2,6,2
2023-06-28,2,6,1
2023-06-29,2,6,1
2023-06-30,2,6,2
2023-07-01,2,6,2
2023-07-02,2,6,1
2023-07-03,2,6,1
2023-07-04,2,6,1
2023-07-05,2,6,1
2023-07-06,2,6,2
2023-07-07,2,6,2
2023-07-08,2,6,1
2023-07-09,2,6,2
2023-07-10,2,6,2
2023-07-11,2,6,2
2023-07-12,2,6,1
2023-07-13,2,6,1
2023-07-14,2,6,1
2023-07-15,2,6,2
2023-07-16,2,6,2
2023-07-17,2,6,2
2023-07-18,2,6,2
2023-07-19,2,6,0
2023-07-20,2,6,1
2023-07-21,2,6,1
2023-07-22,2,6,1
2023-07-23,2,6,1
2023-07-24,2,6,2
2023-07-25,2,6,1
2023-07-26,2,6,1
2023-07-27,2,6,1
2023-07-28,2,6,0
2023-07-29,2,6,2
2023-07-30,2,6,1
2023-07-31,2,6,1
2023-08-01,2,6,1
2023-08-02,2,6,1
2023-08-03,2,6,1
2023-08-04,2,6,1
2023-08-05,2,6,1
2023-08-06,2,6,2
2023-08-07,2,6,1
2023-08-08,2,6,0
2023-08-09,2,6,1
2023-08-10,2,6,1
2023-08-11,2,6,1
2023-08-12,2,6,1
2023-08-13,2,6,1
2023-08-14,2,6,1
2023-08-15,2,6,1
2023-08-16,2,6,1
2023-08-17,2,6,1
2023-08-18,2,6,2
2023-08-19,2,6,2
2023-08-20,2,6,2
2023-08-21,2,6,2
2023-08-22,2,6,1
2023-08-23,2,6,1
2023-08-24,2,6,1
2023-08-25,2,6,1
2023-08-26,2,6,2
2023-08-27,2,6,3
2023-08-28,2,6,1
2023-08-29,2,6,1
2023-08-30,2,6,1
2023-08-31,2,6,1
2023-09-01,2,6,1
2023-09-02,2,6,1
2023-09-03,2,6,2
2023-09-04,2,6,1
2023-09-05,2,6,1
2023-09-06,2,6,1
2023-09-07,2,6,1
2023-09-08,2,6,1
2023-09-09,2,6,1
2023-09-10,2,6,1
2023-09-11,2,6,2
2023-09-12,2,6,1
2023-09-13,2,6,1
2023-09-14,2,6,1
2023-09-15,2,6,0
2023-09-16,2,6,2
2023-09-17,2,6,1
2023-09-18,2,6,1
2023-09-19,2,6,1
2023-09-20,2,6,1
2023-09-21,2,6,1
2023-09-22,2,6,1
2023-09-23,2,6,1
2023-09-24,2,6,1
2023-09-25,2,6,1
2023-09-26,2,6,2
2023-09-27,2,6,2
2023-09-28,2,6,0
2023-09-29,2,6,2
2023-09-30,2,6,1
2023-10-01,2,6,1
2023-10-02,2,6,1
2023-10-03,2,6,1
2023-10-04,2,6,1
2023-10-05,2,6,1
2023-10-06,2,6,1
2023-10-07,2,6,2
2023-10-08,2,6,2
2023-10-09,2,6,1
2023-10-10,2,6,1
2023-10-11,2,6,1
2023-10-12,2,6,1
2023-10-13,2,6,1
2023-10-14,2,6,0
2023-10-15,2,6,1
2023-10-16,2,6,1
2023-10-17,2,6,0
2023-10-18,2,6,2
2023-10-19,2,6,1
2023-10-20,2,6,1
2023-10-21,2,6,2
2023-10-22,2,6,2
2023-10-23,2,6,2
2023-10-24,2,6,1
2023-10-25,2,6,1
2023-10-26,2,6,1
2023-10-27,2,6,2
2023-10-28,2,6,1
2023-10-29,2,6,0
2023-10-30,2,6,1
2023-10-31,2,6,1
2023-11-01,2,6,1
2023-11-02,2,6,1
2023-11-03,2,6,2
2023-11-04,2,6,2
2023-11-05,2,6,1
2023-11-06,2,6,1
2023-11-07,2,6,1
2023-11-08,2,6,1
2023-11-09,2,6,1
2023-11-10,2,6,2
2023-11-11,2,6,2
2023-11-12,2,6,2
2023-11-13,2,6,1
2023-11-14,2,6,1
2023-11-15,2,6,1
2023-11-16,2,6,1
2023-11-17,2,6,2
2023-11-18,2,6,1
2023-11-19,2,6,1
2023-11-20,2,6,1
2023-11-21,2,6,1
2023-11-22,2,6,1
2023-11-23,2,6,1
2023-11-24,2,6,1
2023-11-25,2,6,2
2023-11-26,2,6,2
2023-11-27,2,6,1
2023-11-28,2,6,1
2023-11-29,2,6,2
2023-11-30,2,6,1
2023-12-01,2,6,1
2023-12-02,2,6,2
2023-12-03,2,6,2
2023-12-04,2,6,2
2023-12-05,2,6,1
2023-12-06,2,6,2
2023-12-07,2,6,1
2023-12-08,2,6,2
2023-12-09,2,6,2
2023-12-10,2,6,2
2023-12-11,2,6,2
2023-12-12,2,6,1
2023-12-13,2,6,2
2023-12-14,2,6,0
2023-12-15,2,6,2
2023-12-16,2,6,2
2023-12-17,2,6,1
2023-12-18,2,6,2
2023-12-19,2,6,1
2023-12-20,2,6,1
2023-12-21,2,6,2
2023-12-22,2,6,0
2023-12-23,2,6,1
2023-12-24,2,6,1
2023-12-25,2,6,1
2023-12-26,2,6,1
2023-12-27,2,6,1
2023-12-28,2,6,2
2023-12-29,2,6,1
2023-12-30,2,6,3
2023-12-31,2,6,2
2023-01-01,2,7,5
2023-01-02,2,7,3
2023-01-03,2,7,5
2023-01-04,2,7,3
2023-01-05,2,7,3
2023-01-06,2,7,8
2023-01-07,2,7,7
2023-01-08,2,7,7
2023-01-09,2,7,7
2023-01-10,2,7,5
2023-01-11,2,7,6
2023-01-12,2,7,6
2023-01-13,2,7,5
2023-01-14,2,7,2
2023-01-15,2,7,5
2023-01-16,2,7,2
2023-01-17,2,7,4
2023-01-18,2,7,4
2023-01-19,2,7,5
2023-01-20,2,7,7
2023-01-21,2,7,5
2023-01-22,2,7,6
2023-01-23,2,7,6
2023-01-24,2,7,5
2023-01-25,2,7,5
2023-01-26,2,7,6
2023-01-27,2,7,4
2023-01-28,2,7,3
2023-01-29,2,7,7
2023-01-30,2,7,4
2023-01-31,2,7,5
2023-02-01,2,7,3
2023-02-02,2,7,5
2023-02-03,2,7,6
2023-02-04,2,7,6
2023-02-05,2,7,4
2023-02-06,2,7,7
2023-02-07,2,7,5
2023-02-08,2,7,3
2023-02-09,2,7,4
2023-02-10,2,7,3
2023-02-11,2,7,7
2023-02-12,2,7,4
2023-02-13,2,7,6
2023-02-14,2,7,6
2023-02-15,2,7,3
2023-02-16,2,7,6
2023-02-17,2,7,4
2023-02-18,2,7,9
2023-02-19,2,7,3
2023-02-20,2,7,2
2023-02-21,2,7,4
2023-02-22,2,7,3
2023-02-23,2,7,6
2023-02-24,2,7,4
2023-02-25,2,7,5
2023-02-26,2,7,6
2023-02-27,2,7,4
2023-02-28,2,7,4
2023-03-01,2,7,3
2023-03-02,2,7,3
2023-03-03,2,7,6
2023-03-04,2,7,7
2023-03-05,2,7,5
2023-03-06,2,7,4
2023-03-07,2,7,4
2023-03-08,2,7,3
2023-03-09,2,7,5
2023-03-10,2,7,6
2023-03-11,2,7,6
2023-03-12,2,7,6
2023-03-13,2,7,6
2023-03-14,2,7,3
2023-03-15,2,7,3
2023-03-16,2,7,7
2023-03-17,2,7,6
2023-03-18,2,7,6
2023-03-19,2,7,5
2023-03-20,2,7,5
2023-03-21,2,7,4
2023-03-22,2,7,7
2023-03-23,2,7,6
2023-03-24,2,7,6
2023-03-25,2,7,7
2023-03-26,2,7,6
2023-03-27,2,7,3
2023-03-28,2,7,5
2023-03-29,2,7,5
2023-03-30,2,7,3
2023-03-31,2,7,5
2023-04-01,2,7,7
2023-04-02,2,7,4
2023-04-03,2,7,6
2023-04-04,2,7,4
2023-04-05,2,7,7
2023-04-06,2,7,5
2023-04-07,2,7,6
2023-04-08,2,7,8
2023-04-09,2,7,6
2023-04-10,2,7,4
2023-04-11,2,7,3
2023-04-12,2,7,6
2023-04-13,2,7,7
2023-04-14,2,7,4
2023-04-15,2,7,6
2023-04-16,2,7,8
2023-04-17,2,7,5
2023-04-18,2,7,5
2023-04-19,2,7,5
2023-04-20,2,7,4
2023-04-21,2,7,4
2023-04-22,2,7,8
2023-04-23,2,7,8
2023-04-24,2,7,4
2023-04-25,2,7,3
2023-04-26,2,7,7
2023-04-27,2,7,4
2023-04-28,2,7,5
2023-04-29,2,7,5
2023-04-30,2,7,8
2023-05-01,2,7,5
2023-05-02,2,7,4
2023-05-03,2,7,8
2023-05-04,2,7,5
2023-05-05,2,7,5
2023-05-06,2,7,7
2023-05-07,2,7,9
2023-05-08,2,7,3
2023-05-09,2,7,6
2023-05-10,2,7,6
2023-05-11,2,7,5
2023-05-12,2,7,5
2023-05-13,2,7,6
2023-05-14,2,7,3
2023-05-15,2,7,8
2023-05-16,2,7,4
2023-05-17,2,7,5
2023-05-18,2,7,5
2023-05-19,2,7,2
2023-05-20,2,7,9
2023-05-21,2,7,5
2023-05-22,2,7,5
2023-05-23,2,7,3
2023-05-24,2,7,6
2023-05-25,2,7,3
2023-05-26,2,7,8
2023-05-27,2,7,7
2023-05-28,2,7,8
2023-05-29,2,7,5
2023-05-30,2,7,4
2023-05-31,2,7,5
2023-06-01,2,7,8
2023-06-02,2,7,5
2023-06-03,2,7,9
2023-06-04,2,7,8
2023-06-05,2,7,7
2023-06-06,2,7,5
2023-06-07,2,7,5
2023-06-08,2,7,7
2023-06-09,2,7,8
2023-06-10,2,7,8
2023-06-11,2,7,6
2023-06-12,2,7,5
2023-06-13,2,7,6
2023-06-14,2,7,8
2023-06-15,2,7,8
2023-06-16,2,7,9
2023-06-17,2,7,8
2023-06-18,2,7,8
2023-06-19,2,7,8
2023-06-20,2,7,6
2023-06-21,2,7,4
2023-06-22,2,7,4
2023-06-23,2,7,6
2023-06-24,2,7,7
2023-06-25,2,7,6
2023-06-26,2,7,6
2023-06-27,2,7,3
2023-06-28,2,7,5
2023-06-29,2,7,8
2023-06-30,2,7,5
2023-07-01,2,7,8
2023-07-02,2,7,7
2023-07-03,2,7,6
2023-07-04,2,7,6
2023-07-05,2,7,7
2023-07-06,2,7,8
2023-07-07,2,7,5
2023-07-08,2,7,8
2023-07-09,2,7,6
2023-07-10,2,7,7
2023-07-11,2,7,6
2023-07-12,2,7,8
2023-07-13,2,7,8
2023-07-14,2,7,10
2023-07-15,2,7,10
2023-07-16,2,7,10
2023-07-17,2,7,3
2023-07-18,2,7,4
2023-07-19,2,7,9
2023-07-20,2,7,3
2023-07-21,2,7,9
2023-07-22,2,7,9
2023-07-23,2,7,8
2023-07-24,2,7,4
2023-07-25,2,7,6
2023-07-26,2,7,7
2023-07-27,2,7,5
2023-07-28,2,7,8
2023-07-29,2,7,6
2023-07-30,2,7,6
2023-07-31,2,7,7
2023-08-01,2,7,8
2023-08-02,2,7,4
2023-08-03,2,7,2
2023-08-04,2,7,10
2023-08-05,2,7,9
2023-08-06,2,7,7
2023-08-07,2,7,8
2023-08-08,2,7,5
2023-08-09,2,7,5
2023-08-10,2,7,6
2023-08-11,2,7,10
2023-08-12,2,7,9
2023-08-13,2,7,7
2023-08-14,2,7,8
2023-08-15,2,7,5
2023-08-16,2,7,7
2023-08-17,2,7,8
2023-08-18,2,7,9
2023-08-19,2,7,10
2023-08-20,2,7,8
2023-08-21,2,7,7
2023-08-22,2,7,8
2023-08-23,2,7,5
2023-08-24,2,7,5
2023-08-25,2,7,3
2023-08-26,2,7,9
2023-08-27,2,7,6
2023-08-28,2,7,3
2023-08-29,2,7,7
2023-08-30,2,7,8
2023-08-31,2,7,7
2023-09-01,2,7,4
2023-09-02,2,7,6
2023-09-03,2,7,7
2023-09-04,2,7,7
2023-09-05,2,7,4
2023-09-06,2,7,5
2023-09-07,2,7,10
2023-09-08,2,7,7
2023-09-09,2,7,8
2023-09-10,2,7,11
2023-09-11,2,7,5
2023-09-12,2,7,6
2023-09-13,2,7,5
2023-09-14,2,7,6
2023-09-15,2,7,6
2023-09-16,2,7,7
2023-09-17,2,7,8
2023-09-18,2,7,6
2023-09-19,2,7,5
2023-09-20,2,7,5
2023-09-21,2,7,4
2023-09-22,2,7,11
2023-09-23,2,7,6
2023-09-24,2,7,5
2023-09-25,2,7,7
2023-09-26,2,7,6
2023-09-27,2,7,8
2023-09-28,2,7,4
2023-09-29,2,7,9
2023-09-30,2,7,8
2023-10-01,2,7,9
2023-10-02,2,7,4
2023-10-03,2,7,7
2023-10-04,2,7,3
2023-10-05,2,7,3
2023-10-06,2,7,6
2023-10-07,2,7,7
2023-10-08,2,7,6
2023-10-09,2,7,6
2023-10-10,2,7,6
2023-10-11,2,7,5
2023-10-12,2,7,5
2023-10-13,2,7,8
2023-10-14,2,7,6
2023-10-15,2,7,5
2023-10-16,2,7,8
2023-10-17,2,7,7
2023-10-18,2,7,2
2023-10-19,2,7,5
2023-10-20,2,7,4
2023-10-21,2,7,5
2023-10-22,2,7,5
2023-10-23,2,7,6
2023-10-24,2,7,7
2023-10-25,2,7,7
2023-10-26,2,7,4
2023-10-27,2,7,6
2023-10-28,2,7,8
2023-10-29,2,7,8
2023-10-30,2,7,5
2023-10-31,2,7,6
2023-11-01,2,7,6
2023-11-02,2,7,7
2023-11-03,2,7,5
2023-11-04,2,7,7
2023-11-05,2,7,6
2023-11-06,2,7,8
2023-11-07,2,7,7
2023-11-08,2,7,6
2023-11-09,2,7,9
2023-11-10,2,7,8
2023-11-11,2,7,11
2023-11-12,2,7,9
2023-11-13,2,7,6
2023-11-14,2,7,5
2023-11-15,2,7,8
2023-11-16,2,7,7
2023-11-17,2,7,9
2023-11-18,2,7,9
2023-11-19,2,7,7
2023-11-20,2,7,5
2023-11-21,2,7,8
2023-11-22,2,7,7
2023-11-23,2,7,8
2023-11-24,2,7,6
2023-11-25,2,7,10
2023-11-26,2,7,3
2023-11-27,2,7,4
2023-11-28,2,7,6
2023-11-29,2,7,8
2023-11-30,2,7,5
2023-12-01,2,7,12
2023-12-02,2,7,17
2023-12-03,2,7,9
2023-12-04,2,7,6
2023-12-05,2,7,5
2023-12-06,2,7,9
2023-12-07,2,7,7
2023-12-08,2,7,9
2023-12-09,2,7,10
2023-12-10,2,7,6
2023-12-11,2,7,7
2023-12-12,2,7,5
2023-12-13,2,7,6
2023-12-14,2,7,10
2023-12-15,2,7,8
2023-12-16,2,7,7
2023-12-17,2,7,12
2023-12-18,2,7,9
2023-12-19,2,7,5
2023-12-20,2,7,8
2023-12-21,2,7,7
2023-12-22,2,7,11
2023-12-23,2,7,4
2023-12-24,2,7,7
2023-12-25,2,7,6
2023-12-26,2,7,5
2023-12-27,2,7,7
2023-12-28,2,7,5
2023-12-29,2,7,9
2023-12-30,2,7,14
2023-12-31,2,7,5
2023-01-01,2,8,4
2023-01-02,2,8,2
2023-01-03,2,8,3
2023-01-04,2,8,3
2023-01-05,2,8,2
2023-01-06,2,8,3
2023-01-07,2,8,2
2023-01-08,2,8,7
2023-01-09,2,8,2
2023-01-10,2,8,2
2023-01-11,2,8,2
2023-01-12,2,8,3
2023-01-13,2,8,3
2023-01-14,2,8,5
2023-01-15,2,8,3
2023-01-16,2,8,3
2023-01-17,2,8,4
2023-01-18,2,8,2
2023-01-19,2,8,3
2023-01-20,2,8,5
2023-01-21,2,8,2
2023-01-22,2,8,5
2023-01-23,2,8,4
2023-01-24,2,8,3
2023-01-25,2,8,4
2023-01-26,2,8,3
2023-01-27,2,8,5
2023-01-28,2,8,4
2023-01-29,2,8,3
2023-01-30,2,8,4
2023-01-31,2,8,2
2023-02-01,2,8,2
2023-02-02,2,8,3
2023-02-03,2,8,4
2023-02-04,2,8,5
2023-02-05,2,8,4
2023-02-06,2,8,2
2023-02-07,2,8,3
2023-02-08,2,8,3
2023-02-09,2,8,4
2023-02-10,2,8,4
2023-02-11,2,8,5
2023-02-12,2,8,5
2023-02-13,2,8,2
2023-02-14,2,8,3
2023-02-15,2,8,4
2023-02-16,2,8,3
2023-02-17,2,8,5
2023-02-18,2,8,4
2023-02-19,2,8,3
2023-02-20,2,8,3
2023-02-21,2,8,3
2023-02-22,2,8,3
2023-02-23,2,8,3
2023-02-24,2,8,5
2023-02-25,2,8,6
2023-02-26,2,8,3
2023-02-27,2,8,4
2023-02-28,2,8,2
2023-03-01,2,8,4
2023-03-02,2,8,5
2023-03-03,2,8,4
2023-03-04,2,8,4
2023-03-05,2,8,2
2023-03-06,2,8,3
2023-03-07,2,8,2
2023-03-08,2,8,5
2023-03-09,2,8,3
2023-03-10,2,8,5
2023-03-11,2,8,4
2023-03-12,2,8,5
2023-03-13,2,8,4
2023-03-14,2,8,4
2023-03-15,2,8,4
2023-03-16,2,8,4
2023-03-17,2,8,5
2023-03-18,2,8,5
2023-03-19,2,8,3
2023-03-20,2,8,3
2023-03-21,2,8,3
2023-03-22,2,8,4
2023-03-23,2,8,3
2023-03-24,2,8,5
2023-03-25,2,8,6
2023-03-26,2,8,7
2023-03-27,2,8,2
2023-03-28,2,8,2
2023-03-29,2,8,4
2023-03-30,2,8,1
2023-03-31,2,8,4
2023-04-01,2,8,5
2023-04-02,2,8,5
2023-04-03,2,8,5
2023-04-04,2,8,4
2023-04-05,2,8,2
2023-04-06,2,8,5
2023-04-07,2,8,6
2023-04-08,2,8,4
2023-04-09,2,8,6
2023-04-10,2,8,5
2023-04-11,2,8,2
2023-04-12,2,8,4
2023-04-13,2,8,3
2023-04-14,2,8,4
2023-04-15,2,8,5
2023-04-16,2,8,4
2023-04-17,2,8,2
2023-04-18,2,8,3
2023-04-19,2,8,3
2023-04-20,2,8,3
2023-04-21,2,8,3
2023-04-22,2,8,7
2023-04-23,2,8,6
2023-04-24,2,8,3
2023-04-25,2,8,2
2023-04-26,2,8,2
2023-04-27,2,8,3
2023-04-28,2,8,5
2023-04-29,2,8,5
2023-04-30,2,8,6
2023-05-01,2,8,3
2023-05-02,2,8,4
2023-05-03,2,8,3
2023-05-04,2,8,2
2023-05-05,2,8,4
2023-05-06,2,8,3
2023-05-07,2,8,7
2023-05-08,2,8,4
2023-05-09,2,8,4
2023-05-10,2,8,4
2023-05-11,2,8,5
2023-05-12,2,8,5
2023-05-13,2,8,5
2023-05-14,2,8,2
2023-05-15,2,8,4
2023-05-16,2,8,4
2023-05-17,2,8,5
2023-05-18,2,8,3
2023-05-19,2,8,5
2023-05-20,2,8,8
2023-05-21,2,8,4
2023-05-22,2,8,5
2023-05-23,2,8,4
2023-05-24,2,8,4
2023-05-25,2,8,3
2023-05-26,2,8,6
2023-05-27,2,8,3
2023-05-28,2,8,6
2023-05-29,2,8,5
2023-05-30,2,8,4
2023-05-31,2,8,5
2023-06-01,2,8,5
2023-06-02,2,8,5
2023-06-03,2,8,9
2023-06-04,2,8,4
2023-06-05,2,8,4
2023-06-06,2,8,2
2023-06-07,2,8,3
2023-06-08,2,8,5
2023-06-09,2,8,4
2023-06-10,2,8,7
2023-06-11,2,8,4
2023-06-12,2,8,3
2023-06-13,2,8,5
2023-06-14,2,8,5
2023-06-15,2,8,4
2023-06-16,2,8,6
2023-06-17,2,8,6
2023-06-18,2,8,6
2023-06-19,2,8,4
2023-06-20,2,8,4
2023-06-21,2,8,5
2023-06-22,2,8,5
2023-06-23,2,8,5
2023-06-24,2,8,4
2023-06-25,2,8,4
2023-06-26,2,8,3
2023-06-27,2,8,4
2023-06-28,2,8,5
2023-06-29,2,8,4
2023-06-30,2,8,5
2023-07-01,2,8,6
2023-07-02,2,8,6
2023-07-03,2,8,5
2023-07-04,2,8,4
2023-07-05,2,8,5
2023-07-06,2,8,5
2023-07-07,2,8,8
2023-07-08,2,8,5
2023-07-09,2,8,6
2023-07-10,2,8,6
2023-07-11,2,8,4
2023-07-12,2,8,3
2023-07-13,2,8,1
2023-07-14,2,8,5
2023-07-15,2,8,7
2023-07-16,2,8,6
2023-07-17,2,8,4
2023-07-18,2,8,4
2023-07-19,2,8,5
2023-07-20,2,8,3
2023-07-21,2,8,5
2023-07-22,2,8,4
2023-07-23,2,8,5
2023-07-24,2,8,4
2023-07-25,2,8,4
2023-07-26,2,8,4
2023-07-27,2,8,4
2023-07-28,2,8,4
2023-07-29,2,8,6
2023-07-30,2,8,5
2023-07-31,2,8,5
2023-08-01,2,8,8
2023-08-02,2,8,5
2023-08-03,2,8,4
2023-08-04,2,8,6
2023-08-05,2,8,6
2023-08-06,2,8,6
2023-08-07,2,8,6
2023-08-08,2,8,4
2023-08-09,2,8,4
2023-08-10,2,8,4
2023-08-11,2,8,5
2023-08-12,2,8,8
2023-08-13,2,8,6
2023-08-14,2,8,5
2023-08-15,2,8,5
2023-08-16,2,8,7
2023-08-17,2,8,5
2023-08-18,2,8,5
2023-08-19,2,8,4
2023-08-20,2,8,6
2023-08-21,2,8,5
2023-08-22,2,8,6
2023-08-23,2,8,4
2023-08-24,2,8,4
2023-08-25,2,8,4
2023-08-26,2,8,6
2023-08-27,2,8,4
2023-08-28,2,8,3
2023-08-29,2,8,9
2023-08-30,2,8,6
2023-08-31,2,8,6
2023-09-01,2,8,5
2023-09-02,2,8,7
2023-09-03,2,8,5
2023-09-04,2,8,7
2023-09-05,2,8,4
2023-09-06,2,8,5
2023-09-07,2,8,5
2023-09-08,2,8,5
2023-09-09,2,8,5
2023-09-10,2,8,5
2023-09-11,2,8,4
2023-09-12,2,8,5
2023-09-13,2,8,5
2023-09-14,2,8,3
2023-09-15,2,8,4
2023-09-16,2,8,4
2023-09-17,2,8,7
2023-09-18,2,8,3
2023-09-19,2,8,5
2023-09-20,2,8,3
2023-09-21,2,8,5
2023-09-22,2,8,5
2023-09-23,2,8,4
2023-09-24,2,8,5
2023-09-25,2,8,2
2023-09-26,2,8,5
2023-09-27,2,8,4
2023-09-28,2,8,6
2023-09-29,2,8,8
2023-09-30,2,8,5
2023-10-01,2,8,5
2023-10-02,2,8,5
2023-10-03,2,8,5
2023-10-04,2,8,3
2023-10-05,2,8,5
2023-10-06,2,8,4
2023-10-07,2,8,5
2023-10-08,2,8,5
2023-10-09,2,8,5
2023-10-10,2,8,5
2023-10-11,2,8,1
2023-10-12,2,8,4
2023-10-13,2,8,3
2023-10-14,2,8,5
2023-10-15,2,8,4
2023-10-16,2,8,5
2023-10-17,2,8,3
2023-10-18,2,8,4
2023-10-19,2,8,5
2023-10-20,2,8,4
2023-10-21,2,8,4
2023-10-22,2,8,2
2023-10-23,2,8,4
2023-10-24,2,8,8
2023-10-25,2,8,4
2023-10-26,2,8,4
2023-10-27,2,8,4
2023-10-28,2,8,8
2023-10-29,2,8,4
2023-10-30,2,8,5
2023-10-31,2,8,4
2023-11-01,2,8,3
2023-11-02,2,8,4
2023-11-03,2,8,5
2023-11-04,2,8,7
2023-11-05,2,8,5
2023-11-06,2,8,6
2023-11-07,2,8,5
2023-11-08,2,8,7
2023-11-09,2,8,5
2023-11-10,2,8,4
2023-11-11,2,8,6
2023-11-12,2,8,2
2023-11-13,2,8,5
2023-11-14,2,8,5
2023-11-15,2,8,5
2023-11-16,2,8,6
2023-11-17,2,8,5
2023-11-18,2,8,6
2023-11-19,2,8,6
2023-11-20,2,8,4
2023-11-21,2,8,4
2023-11-22,2,8,3
2023-11-23,2,8,5
2023-11-24,2,8,4
2023-11-25,2,8,3
2023-11-26,2,8,6
2023-11-27,2,8,4
2023-11-28,2,8,5
2023-11-29,2,8,5
2023-11-30,2,8,5
2023-12-01,2,8,8
2023-12-02,2,8,7
2023-12-03,2,8,7
2023-12-04,2,8,4
2023-12-05,2,8,4
2023-12-06,2,8,6
2023-12-07,2,8,6
2023-12-08,2,8,4
2023-12-09,2,8,4
2023-12-10,2,8,5
2023-12-11,2,8,5
2023-12-12,2,8,6
2023-12-13,2,8,5
2023-12-14,2,8,4
2023-12-15,2,8,8
2023-12-16,2,8,9
2023-12-17,2,8,8
2023-12-18,2,8,5
2023-12-19,2,8,5
2023-12-20,2,8,3
2023-12-21,2,8,4
2023-12-22,2,8,8
2023-12-23,2,8,4
2023-12-24,2,8,6
2023-12-25,2,8,5
2023-12-26,2,8,6
2023-12-27,2,8,2
2023-12-28,2,8,6
2023-12-29,2,8,4
2023-12-30,2,8,6
2023-12-31,2,8,6
2023-01-01,2,9,10
2023-01-02,2,9,6
2023-01-03,2,9,9
2023-01-04,2,9,3
2023-01-05,2,9,5
2023-01-06,2,9,6
2023-01-07,2,9,9
2023-01-08,2,9,9
2023-01-09,2,9,9
2023-01-10,2,9,9
2023-01-11,2,9,9
2023-01-12,2,9,6
2023-01-13,2,9,10
2023-01-14,2,9,10
2023-01-15,2,9,5
2023-01-16,2,9,6
2023-01-17,2,9,6
2023-01-18,2,9,4
2023-01-19,2,9,7
2023-01-20,2,9,10
2023-01-21,2,9,3
2023-01-22,2,9,9
2023-01-23,2,9,7
2023-01-24,2,9,6
2023-01-25,2,9,6
2023-01-26,2,9,5
2023-01-27,2,9,8
2023-01-28,2,9,8
2023-01-29,2,9,5
2023-01-30,2,9,6
2023-01-31,2,9,6
2023-02-01,2,9,8
2023-02-02,2,9,9
2023-02-03,2,9,8
2023-02-04,2,9,9
2023-02-05,2,9,6
2023-02-06,2,9,8
2023-02-07,2,9,4
2023-02-08,2,9,4
2023-02-09,2,9,8
2023-02-10,2,9,8
2023-02-11,2,9,9
2023-02-12,2,9,7
2023-02-13,2,9,9
2023-02-14,2,9,8
2023-02-15,2,9,6
2023-02-16,2,9,9
2023-02-17,2,9,5
2023-02-18,2,9,9
2023-02-19,2,9,9
2023-02-20,2,9,5
2023-02-21,2,9,3
2023-02-22,2,9,6
2023-02-23,2,9,6
2023-02-24,2,9,12
2023-02-25,2,9,12
2023-02-26,2,9,6
2023-02-27,2,9,9
2023-02-28,2,9,5
2023-03-01,2,9,7
2023-03-02,2,9,8
2023-03-03,2,9,6
2023-03-04,2,9,11
2023-03-05,2,9,11
2023-03-06,2,9,12
2023-03-07,2,9,11
2023-03-08,2,9,8
2023-03-09,2,9,9
2023-03-10,2,9,8
2023-03-11,2,9,9
2023-03-12,2,9,7
2023-03-13,2,9,5
2023-03-14,2,9,8
2023-03-15,2,9,6
2023-03-16,2,9,8
2023-03-17,2,9,4
2023-03-18,2,9,5
2023-03-19,2,9,9
2023-03-20,2,9,5
2023-03-21,2,9,3
2023-03-22,2,9,10
2023-03-23,2,9,8
2023-03-24,2,9,11
2023-03-25,2,9,9
2023-03-26,2,9,8
2023-03-27,2,9,7
2023-03-28,2,9,6
2023-03-29,2,9,8
2023-03-30,2,9,6
2023-03-31,2,9,7
2023-04-01,2,9,8
2023-04-02,2,9,11
2023-04-03,2,9,11
2023-04-04,2,9,6
2023-04-05,2,9,6
2023-04-06,2,9,8
2023-04-07,2,9,8
2023-04-08,2,9,6
2023-04-09,2,9,7
2023-04-10,2,9,6
2023-04-11,2,9,12
2023-04-12,2,9,6
2023-04-13,2,9,5
2023-04-14,2,9,9
2023-04-15,2,9,10
2023-04-16,2,9,12
2023-04-17,2,9,9
2023-04-18,2,9,10
2023-04-19,2,9,5
2023-04-20,2,9,7
2023-04-21,2,9,9
2023-04-22,2,9,6
2023-04-23,2,9,6
2023-04-24,2,9,10
2023-04-25,2,9,6
2023-04-26,2,9,8
2023-04-27,2,9,9
2023-04-28,2,9,6
2023-04-29,2,9,3
2023-04-30,2,9,11
2023-05-01,2,9,7
2023-05-02,2,9,7
2023-05-03,2,9,9
2023-05-04,2,9,8
2023-05-05,2,9,10
2023-05-06,2,9,13
2023-05-07,2,9,11
2023-05-08,2,9,7
2023-05-09,2,9,7
2023-05-10,2,9,7
2023-05-11,2,9,4
2023-05-12,2,9,10
2023-05-13,2,9,11
2023-05-14,2,9,11
2023-05-15,2,9,6
2023-05-16,2,9,6
2023-05-17,2,9,6
2023-05-18,2,9,11
2023-05-19,2,9,5
2023-05-20,2,9,7
2023-05-21,2,9,8
2023-05-22,2,9,9
2023-05-23,2,9,8
2023-05-24,2,9,6
2023-05-25,2,9,7
2023-05-26,2,9,11
2023-05-27,2,9,13
2023-05-28,2,9,11
2023-05-29,2,9,9
2023-05-30,2,9,8
2023-05-31,2,9,11
2023-06-01,2,9,7
2023-06-02,2,9,8
2023-06-03,2,9,8
2023-06-04,2,9,12
2023-06-05,2,9,7
2023-06-06,2,9,10
2023-06-07,2,9,9
2023-06-08,2,9,8
2023-06-09,2,9,7
2023-06-10,2,9,14
2023-06-11,2,9,8
2023-06-12,2,9,11
2023-06-13,2,9,8
2023-06-14,2,9,7
2023-06-15,2,9,9
2023-06-16,2,9,12
2023-06-17,2,9,12
2023-06-18,2,9,10
2023-06-19,2,9,9
2023-06-20,2,9,8
2023-06-21,2,9,7
2023-06-22,2,9,9
2023-06-23,2,9,9
2023-06-24,2,9,9
2023-06-25,2,9,11
2023-06-26,2,9,7
2023-06-27,2,9,8
2023-06-28,2,9,9
2023-06-29,2,9,7
2023-06-30,2,9,12
2023-07-01,2,9,14
2023-07-02,2,9,14
2023-07-03,2,9,8
2023-07-04,2,9,6
2023-07-05,2,9,9
2023-07-06,2,9,9
2023-07-07,2,9,11
2023-07-08,2,9,12
2023-07-09,2,9,15
2023-07-10,2,9,6
2023-07-11,2,9,12
2023-07-12,2,9,7
2023-07-13,2,9,12
2023-07-14,2,9,7
2023-07-15,2,9,8
2023-07-16,2,9,11
2023-07-17,2,9,11
2023-07-18,2,9,6
2023-07-19,2,9,8
2023-07-20,2,9,9
2023-07-21,2,9,12
2023-07-22,2,9,14
2023-07-23,2,9,13
2023-07-24,2,9,13
2023-07-25,2,9,10
2023-07-26,2,9,7
2023-07-27,2,9,7
2023-07-28,2,9,8
2023-07-29,2,9,10
2023-07-30,2,9,14
2023-07-31,2,9,9
2023-08-01,2,9,6
2023-08-02,2,9,7
2023-08-03,2,9,12
2023-08-04,2,9,12
2023-08-05,2,9,13
2023-08-06,2,9,16
2023-08-07,2,9,9
2023-08-08,2,9,7
2023-08-09,2,9,11
2023-08-10,2,9,6
2023-08-11,2,9,10
2023-08-12,2,9,8
2023-08-13,2,9,11
2023-08-14,2,9,9
2023-08-15,2,9,9
2023-08-16,2,9,9
2023-08-17,2,9,8
2023-08-18,2,9,6
2023-08-19,2,9,16
2023-08-20,2,9,12
2023-08-21,2,9,7
2023-08-22,2,9,12
2023-08-23,2,9,9
2023-08-24,2,9,7
2023-08-25,2,9,12
2023-08-26,2,9,11
2023-08-27,2,9,13
2023-08-28,2,9,8
2023-08-29,2,9,8
2023-08-30,2,9,7
2023-08-31,2,9,8
2023-09-01,2,9,8
2023-09-02,2,9,11
2023-09-03,2,9,10
2023-09-04,2,9,11
2023-09-05,2,9,12
2023-09-06,2,9,9
2023-09-07,2,9,7
2023-09-08,2,9,13
2023-09-09,2,9,12
2023-09-10,2,9,6
2023-09-11,2,9,11
2023-09-12,2,9,10
2023-09-13,2,9,10
2023-09-14,2,9,8
2023-09-15,2,9,5
2023-09-16,2,9,14
2023-09-17,2,9,12
2023-09-18,2,9,15
2023-09-19,2,9,11
2023-09-20,2,9,11
2023-09-21,2,9,8
2023-09-22,2,9,13
2023-09-23,2,9,13
2023-09-24,2,9,10
2023-09-25,2,9,10
2023-09-26,2,9,10
2023-09-27,2,9,8
2023-09-28,2,9,7
2023-09-29,2,9,9
2023-09-30,2,9,9
2023-10-01,2,9,11
2023-10-02,2,9,12
2023-10-03,2,9,8
2023-10-04,2,9,10
2023-10-05,2,9,12
2023-10-06,2,9,6
2023-10-07,2,9,11
2023-10-08,2,9,4
2023-10-09,2,9,4
2023-10-10,2,9,9
2023-10-11,2,9,8
2023-10-12,2,9,12
2023-10-13,2,9,7
2023-10-14,2,9,13
2023-10-15,2,9,11
2023-10-16,2,9,6
2023-10-17,2,9,6
2023-10-18,2,9,8
2023-10-19,2,9,12
2023-10-20,2,9,12
2023-10-21,2,9,10
2023-10-22,2,9,6
2023-10-23,2,9,8
2023-10-24,2,9,6
2023-10-25,2,9,6
2023-10-26,2,9,2
2023-10-27,2,9,9
2023-10-28,2,9,11
2023-10-29,2,9,10
2023-10-30,2,9,8
2023-10-31,2,9,10
2023-11-01,2,9,7
2023-11-02,2,9,10
2023-11-03,2,9,9
2023-11-04,2,9,13
2023-11-05,2,9,6
2023-11-06,2,9,12
2023-11-07,2,9,10
2023-11-08,2,9,6
2023-11-09,2,9,7
2023-11-10,2,9,16
2023-11-11,2,9,18
2023-11-12,2,9,10
2023-11-13,2,9,9
2023-11-14,2,9,3
2023-11-15,2,9,10
2023-11-16,2,9,10
2023-11-17,2,9,9
2023-11-18,2,9,7
2023-11-19,2,9,13
2023-11-20,2,9,11
2023-11-21,2,9,6
2023-11-22,2,9,11
2023-11-23,2,9,7
2023-11-24,2,9,13
2023-11-25,2,9,10
2023-11-26,2,9,14
2023-11-27,2,9,11
2023-11-28,2,9,10
2023-11-29,2,9,11
2023-11-30,2,9,13
2023-12-01,2,9,18
2023-12-02,2,9,12
2023-12-03,2,9,15
2023-12-04,2,9,7
2023-12-05,2,9,9
2023-12-06,2,9,7
2023-12-07,2,9,14
2023-12-08,2,9,14
2023-12-09,2,9,13
2023-12-10,2,9,15
2023-12-11,2,9,11
2023-12-12,2,9,11
2023-12-13,2,9,7
2023-12-14,2,9,13
2023-12-15,2,9,8
2023-12-16,2,9,13
2023-12-17,2,9,10
2023-12-18,2,9,13
2023-12-19,2,9,6
2023-12-20,2,9,11
2023-12-21,2,9,8
2023-12-22,2,9,10
2023-12-23,2,9,20
2023-12-24,2,9,14
2023-12-25,2,9,13
2023-12-26,2,9,16
2023-12-27,2,9,10
2023-12-28,2,9,8
2023-12-29,2,9,12
2023-12-30,2,9,21
2023-12-31,2,9,13
2023-01-01,2,10,3
2023-01-02,2,10,2
2023-01-03,2,10,1
2023-01-04,2,10,1
2023-01-05,2,10,1
2023-01-06,2,10,2
2023-01-07,2,10,3
2023-01-08,2,10,3
2023-01-09,2,10,3
2023-01-10,2,10,2
2023-01-11,2,10,2
2023-01-12,2,10,3
2023-01-13,2,10,3
2023-01-14,2,10,2
2023-01-15,2,10,3
2023-01-16,2,10,1
2023-01-17,2,10,2
2023-01-18,2,10,2
2023-01-19,2,10,2
2023-01-20,2,10,2
2023-01-21,2,10,2
2023-01-22,2,10,3
2023-01-23,2,10,2
2023-01-24,2,10,1
2023-01-25,2,10,2
2023-01-26,2,10,2
2023-01-27,2,10,2
2023-01-28,2,10,2
2023-01-29,2,10,3
2023-01-30,2,10,2
2023-01-31,2,10,2
2023-02-01,2,10,1
2023-02-02,2,10,2
2023-02-03,2,10,2
2023-02-04,2,10,3
2023-02-05,2,10,3
2023-02-06,2,10,3
2023-02-07,2,10,2
2023-02-08,2,10,3
2023-02-09,2,10,2
2023-02-10,2,10,1
2023-02-11,2,10,1
2023-02-12,2,10,1
2023-02-13,2,10,2
2023-02-14,2,10,1
2023-02-15,2,10,2
2023-02-16,2,10,3
2023-02-17,2,10,2
2023-02-18,2,10,4
2023-02-19,2,10,2
2023-02-20,2,10,1
2023-02-21,2,10,3
2023-02-22,2,10,1
2023-02-23,2,10,2
2023-02-24,2,10,2
2023-02-25,2,10,2
2023-02-26,2,10,3
2023-02-27,2,10,2
2023-02-28,2,10,2
2023-03-01,2,10,2
2023-03-02,2,10,2
2023-03-03,2,10,3
2023-03-04,2,10,2
2023-03-05,2,10,2
2023-03-06,2,10,2
2023-03-07,2,10,1
2023-03-08,2,10,2
2023-03-09,2,10,3
2023-03-10,2,10,2
2023-03-11,2,10,3
2023-03-12,2,10,2
2023-03-13,2,10,2
2023-03-14,2,10,2
2023-03-15,2,10,2
2023-03-16,2,10,2
2023-03-17,2,10,3
2023-03-18,2,10,3
2023-03-19,2,10,2
2023-03-20,2,10,0
2023-03-21,2,10,2
2023-03-22,2,10,2
2023-03-23,2,10,1
2023-03-24,2,10,5
2023-03-25,2,10,2
2023-03-26,2,10,3
2023-03-27,2,10,2
2023-03-28,2,10,1
2023-03-29,2,10,2
2023-03-30,2,10,3
2023-03-31,2,10,3
2023-04-01,2,10,3
2023-04-02,2,10,2
2023-04-03,2,10,2
2023-04-04,2,10,2
2023-04-05,2,10,2
2023-04-06,2,10,2
2023-04-07,2,10,2
2023-04-08,2,10,4
2023-04-09,2,10,3
2023-04-10,2,10,2
2023-04-11,2,10,2
2023-04-12,2,10,2
2023-04-13,2,10,3
2023-04-14,2,10,1
2023-04-15,2,10,4
2023-04-16,2,10,2
2023-04-17,2,10,3
2023-04-18,2,10,2
2023-04-19,2,10,2
2023-04-20,2,10,2
2023-04-21,2,10,3
2023-04-22,2,10,3
2023-04-23,2,10,2
2023-04-24,2,10,2
2023-04-25,2,10,2
2023-04-26,2,10,3
2023-04-27,2,10,2
2023-04-28,2,10,2
2023-04-29,2,10,1
2023-04-30,2,10,2
2023-05-01,2,10,3
2023-05-02,2,10,2
2023-05-03,2,10,2
2023-05-04,2,10,2
2023-05-05,2,10,3
2023-05-06,2,10,3
2023-05-07,2,10,3
2023-05-08,2,10,2
2023-05-09,2,10,1
2023-05-10,2,10,3
2023-05-11,2,10,3
2023-05-12,2,10,3
2023-05-13,2,10,3
2023-05-14,2,10,2
2023-05-15,2,10,2
2023-05-16,2,10,1
2023-05-17,2,10,3
2023-05-18,2,10,3
2023-05-19,2,10,3
2023-05-20,2,10,5
2023-05-21,2,10,2
2023-05-22,2,10,2
2023-05-23,2,10,4
2023-05-24,2,10,2
2023-05-25,2,10,1
2023-05-26,2,10,2
2023-05-27,2,10,3
2023-05-28,2,10,3
2023-05-29,2,10,2
2023-05-30,2,10,2
2023-05-31,2,10,3
2023-06-01,2,10,2
2023-06-02,2,10,3
2023-06-03,2,10,4
2023-06-04,2,10,3
2023-06-05,2,10,2
2023-06-06,2,10,2
2023-06-07,2,10,2
2023-06-08,2,10,3
2023-06-09,2,10,4
2023-06-10,2,10,3
2023-06-11,2,10,3
2023-06-12,2,10,3
2023-06-13,2,10,1
2023-06-14,2,10,4
2023-06-15,2,10,2
2023-06-16,2,10,1
2023-06-17,2,10,3
2023-06-18,2,10,3
2023-06-19,2,10,2
2023-06-20,2,10,2
2023-06-21,2,10,2
2023-06-22,2,10,3
2023-06-23,2,10,3
2023-06-24,2,10,3
2023-06-25,2,10,3
2023-06-26,2,10,3
2023-06-27,2,10,3
2023-06-28,2,10,3
2023-06-29,2,10,2
2023-06-30,2,10,2
2023-07-01,2,10,2
2023-07-02,2,10,3
2023-07-03,2,10,2
2023-07-04,2,10,2
2023-07-05,2,10,2
2023-07-06,2,10,1
2023-07-07,2,10,2
2023-07-08,2,10,3
2023-07-09,2,10,3
2023-07-10,2,10,3
2023-07-11,2,10,2
2023-07-12,2,10,3
2023-07-13,2,10,3
2023-07-14,2,10,3
2023-07-15,2,10,2
2023-07-16,2,10,4
2023-07-17,2,10,4
2023-07-18,2,10,3
2023-07-19,2,10,2
2023-07-20,2,10,4
2023-07-21,2,10,2
2023-07-22,2,10,4
2023-07-23,2,10,2
2023-07-24,2,10,4
2023-07-25,2,10,3
2023-07-26,2,10,3
2023-07-27,2,10,2
2023-07-28,2,10,1
2023-07-29,2,10,3
2023-07-30,2,10,1
2023-07-31,2,10,3
2023-08-01,2,10,2
2023-08-02,2,10,3
2023-08-03,2,10,2
2023-08-04,2,10,4
2023-08-05,2,10,3
2023-08-06,2,10,3
2023-08-07,2,10,3
2023-08-08,2,10,2
2023-08-09,2,10,3
2023-08-10,2,10,4
2023-08-11,2,10,3
2023-08-12,2,10,5
2023-08-13,2,10,3
2023-08-14,2,10,1
2023-08-15,2,10,4
2023-08-16,2,10,2
2023-08-17,2,10,2
2023-08-18,2,10,4
2023-08-19,2,10,5
2023-08-20,2,10,2
2023-08-21,2,10,2
2023-08-22,2,10,4
2023-08-23,2,10,4
2023-08-24,2,10,3
2023-08-25,2,10,4
2023-08-26,2,10,2
2023-08-27,2,10,3
2023-08-28,2,10,4
2023-08-29,2,10,4
2023-08-30,2,10,3
2023-08-31,2,10,3
2023-09-01,2,10,5
2023-09-02,2,10,3
2023-09-03,2,10,3
2023-09-04,2,10,1
2023-09-05,2,10,3
2023-09-06,2,10,3
2023-09-07,2,10,3
2023-09-08,2,10,4
2023-09-09,2,10,1
2023-09-10,2,10,2
2023-09-11,2,10,2
2023-09-12,2,10,2
2023-09-13,2,10,3
2023-09-14,2,10,2
2023-09-15,2,10,2
2023-09-16,2,10,4
2023-09-17,2,10,3
2023-09-18,2,10,2
2023-09-19,2,10,2
2023-09-20,2,10,2
2023-09-21,2,10,3
2023-09-22,2,10,4
2023-09-23,2,10,3
2023-09-24,2,10,2
2023-09-25,2,10,3
2023-09-26,2,10,3
2023-09-27,2,10,3
2023-09-28,2,10,3
2023-09-29,2,10,3
2023-09-30,2,10,3
2023-10-01,2,10,3
2023-10-02,2,10,3
2023-10-03,2,10,3
2023-10-04,2,10,2
2023-10-05,2,10,2
2023-10-06,2,10,3
2023-10-07,2,10,2
2023-10-08,2,10,3
2023-10-09,2,10,2
2023-10-10,2,10,1
2023-10-11,2,10,3
2023-10-12,2,10,3
2023-10-13,2,10,3
2023-10-14,2,10,5
2023-10-15,2,10,5
2023-10-16,2,10,1
2023-10-17,2,10,4
2023-10-18,2,10,3
2023-10-19,2,10,2
2023-10-20,2,10,4
2023-10-21,2,10,4
2023-10-22,2,10,4
2023-10-23,2,10,3
2023-10-24,2,10,2
2023-10-25,2,10,2
2023-10-26,2,10,2
2023-10-27,2,10,2
2023-10-28,2,10,4
2023-10-29,2,10,2
2023-10-30,2,10,2
2023-10-31,2,10,2
2023-11-01,2,10,2
2023-11-02,2,10,4
2023-11-03,2,10,3
2023-11-04,2,10,5
2023-11-05,2,10,3
2023-11-06,2,10,2
2023-11-07,2,10,4
2023-11-08,2,10,3
2023-11-09,2,10,3
2023-11-10,2,10,3
2023-11-11,2,10,2
2023-11-12,2,10,4
2023-11-13,2,10,3
2023-11-14,2,10,2
2023-11-15,2,10,2
2023-11-16,2,10,4
2023-11-17,2,10,2
2023-11-18,2,10,4
2023-11-19,2,10,3
2023-11-20,2,10,3
2023-11-21,2,10,2
2023-11-22,2,10,2
2023-11-23,2,10,2
2023-11-24,2,10,3
2023-11-25,2,10,4
2023-11-26,2,10,6
2023-11-27,2,10,3
2023-11-28,2,10,3
2023-11-29,2,10,3
2023-11-30,2,10,3
2023-12-01,2,10,3
2023-12-02,2,10,6
2023-12-03,2,10,3
2023-12-04,2,10,3
2023-12-05,2,10,1
2023-12-06,2,10,2
2023-12-07,2,10,2
2023-12-08,2,10,4
2023-12-09,2,10,3
2023-12-10,2,10,7
2023-12-11,2,10,2
2023-12-12,2,10,2
2023-12-13,2,10,2
2023-12-14,2,10,4
2023-12-15,2,10,3
2023-12-16,2,10,5
2023-12-17,2,10,2
2023-12-18,2,10,3
2023-12-19,2,10,4
2023-12-20,2,10,3
2023-12-21,2,10,4
2023-12-22,2,10,4
2023-12-23,2,10,4
2023-12-24,2,10,2
2023-12-25,2,10,3
2023-12-26,2,10,3
2023-12-27,2,10,2
2023-12-28,2,10,3
2023-12-29,2,10,2
2023-12-30,2,10,4
2023-12-31,2,10,4
2023-01-01,2,11,3
2023-01-02,2,11,3
2023-01-03,2,11,4
2023-01-04,2,11,3
2023-01-05,2,11,2
2023-01-06,2,11,3
2023-01-07,2,11,3
2023-01-08,2,11,5
2023-01-09,2,11,4
2023-01-10,2,11,3
2023-01-11,2,11,3
2023-01-12,2,11,2
2023-01-13,2,11,3
2023-01-14,2,11,4
2023-01-15,2,11,2
2023-01-16,2,11,2
2023-01-17,2,11,1
2023-01-18,2,11,3
2023-01-19,2,11,2
2023-01-20,2,11,2
2023-01-21,2,11,4
2023-01-22,2,11,4
2023-01-23,2,11,3
2023-01-24,2,11,3
2023-01-25,2,11,1
2023-01-26,2,11,3
2023-01-27,2,11,3
2023-01-28,2,11,4
2023-01-29,2,11,4
2023-01-30,2,11,2
2023-01-31,2,11,2
2023-02-01,2,11,3
2023-02-02,2,11,3
2023-02-03,2,11,3
2023-02-04,2,11,5
2023-02-05,2,11,4
2023-02-06,2,11,3
2023-02-07,2,11,2
2023-02-08,2,11,2
2023-02-09,2,11,2
2023-02-10,2,11,2
2023-02-11,2,11,4
2023-02-12,2,11,3
2023-02-13,2,11,3
2023-02-14,2,11,3
2023-02-15,2,11,2
2023-02-16,2,11,1
2023-02-17,2,11,5
2023-02-18,2,11,4
2023-02-19,2,11,3
2023-02-20,2,11,2
2023-02-21,2,11,3
2023-02-22,2,11,4
2023-02-23,2,11,1
2023-02-24,2,11,3
2023-02-25,2,11,3
2023-02-26,2,11,3
2023-02-27,2,11,2
2023-02-28,2,11,3
2023-03-01,2,11,3
2023-03-02,2,11,3
2023-03-03,2,11,3
2023-03-04,2,11,3
2023-03-05,2,11,4
2023-03-06,2,11,4
2023-03-07,2,11,4
2023-03-08,2,11,1
2023-03-09,2,11,4
2023-03-10,2,11,2
2023-03-11,2,11,2
2023-03-12,2,11,1
2023-03-13,2,11,2
2023-03-14,2,11,3
2023-03-15,2,11,3
2023-03-16,2,11,3
2023-03-17,2,11,2
2023-03-18,2,11,6
2023-03-19,2,11,4
2023-03-20,2,11,5
2023-03-21,2,11,4
2023-03-22,2,11,3
2023-03-23,2,11,4
2023-03-24,2,11,3
2023-03-25,2,11,6
2023-03-26,2,11,3
2023-03-27,2,11,3
2023-03-28,2,11,3
2023-03-29,2,11,3
2023-03-30,2,11,3
2023-03-31,2,11,2
2023-04-01,2,11,3
2023-04-02,2,11,4
2023-04-03,2,11,2
2023-04-04,2,11,5
2023-04-05,2,11,2
2023-04-06,2,11,3
2023-04-07,2,11,5
2023-04-08,2,11,1
2023-04-09,2,11,3
2023-04-10,2,11,4
2023-04-11,2,11,2
2023-04-12,2,11,2
2023-04-13,2,11,4
2023-04-14,2,11,2
2023-04-15,2,11,4
2023-04-16,2,11,4
2023-04-17,2,11,2
2023-04-18,2,11,3
2023-04-19,2,11,3
2023-04-20,2,11,4
2023-04-21,2,11,5
2023-04-22,2,11,4
2023-04-23,2,11,3
2023-04-24,2,11,3
2023-04-25,2,11,4
2023-04-26,2,11,2
2023-04-27,2,11,5
2023-04-28,2,11,4
2023-04-29,2,11,4
2023-04-30,2,11,5
2023-05-01,2,11,3
2023-05-02,2,11,3
2023-05-03,2,11,3
2023-05-04,2,11,5
2023-05-05,2,11,5
2023-05-06,2,11,4
2023-05-07,2,11,4
2023-05-08,2,11,2
2023-05-09,2,11,5
2023-05-10,2,11,3
2023-05-11,2,11,3
2023-05-12,2,11,2
2023-05-13,2,11,3
2023-05-14,2,11,4
2023-05-15,2,11,2
2023-05-16,2,11,2
2023-05-17,2,11,3
2023-05-18,2,11,3
2023-05-19,2,11,2
2023-05-20,2,11,4
2023-05-21,2,11,4
2023-05-22,2,11,3
2023-05-23,2,11,2
2023-05-24,2,11,5
2023-05-25,2,11,6
2023-05-26,2,11,4
2023-05-27,2,11,3
2023-05-28,2,11,5
2023-05-29,2,11,6
2023-05-30,2,11,2
2023-05-31,2,11,4
2023-06-01,2,11,3
2023-06-02,2,11,3
2023-06-03,2,11,5
2023-06-04,2,11,5
2023-06-05,2,11,4
2023-06-06,2,11,3
2023-06-07,2,11,4
2023-06-08,2,11,1
2023-06-09,2,11,3
2023-06-10,2,11,2
2023-06-11,2,11,4
2023-06-12,2,11,2
2023-06-13,2,11,3
2023-06-14,2,11,3
2023-06-15,2,11,5
2023-06-16,2,11,4
2023-06-17,2,11,5
2023-06-18,2,11,4
2023-06-19,2,11,4
2023-06-20,2,11,2
2023-06-21,2,11,4
2023-06-22,2,11,4
2023-06-23,2,11,3
2023-06-24,2,11,5
2023-06-25,2,11,4
2023-06-26,2,11,4
2023-06-27,2,11,4
2023-06-28,2,11,4
2023-06-29,2,11,4
2023-06-30,2,11,5
2023-07-01,2,11,8
2023-07-02,2,11,7
2023-07-03,2,11,4
2023-07-04,2,11,3
2023-07-05,2,11,5
2023-07-06,2,11,3
2023-07-07,2,11,7
2023-07-08,2,11,6
2023-07-09,2,11,5
2023-07-10,2,11,4
2023-07-11,2,11,2
2023-07-12,2,11,4
2023-07-13,2,11,5
2023-07-14,2,11,5
2023-07-15,2,11,6
2023-07-16,2,11,4
2023-07-17,2,11,3
2023-07-18,2,11,3
2023-07-19,2,11,4
2023-07-20,2,11,1
2023-07-21,2,11,4
2023-07-22,2,11,4
2023-07-23,2,11,5
2023-07-24,2,11,3
2023-07-25,2,11,5
2023-07-26,2,11,5
2023-07-27,2,11,6
2023-07-28,2,11,2
2023-07-29,2,11,4
2023-07-30,2,11,5
2023-07-31,2,11,6
2023-08-01,2,11,3
2023-08-02,2,11,5
2023-08-03,2,11,3
2023-08-04,2,11,4
2023-08-05,2,11,5
2023-08-06,2,11,5
2023-08-07,2,11,4
2023-08-08,2,11,4
2023-08-09,2,11,4
2023-08-10,2,11,3
2023-08-11,2,11,4
2023-08-12,2,11,4
2023-08-13,2,11,3
2023-08-14,2,11,4
2023-08-15,2,11,4
2023-08-16,2,11,3
2023-08-17,2,11,4
2023-08-18,2,11,5
2023-08-19,2,11,3
2023-08-20,2,11,5
2023-08-21,2,11,6
2023-08-22,2,11,4
2023-08-23,2,11,3
2023-08-24,2,11,4
2023-08-25,2,11,5
2023-08-26,2,11,4
2023-08-27,2,11,4
2023-08-28,2,11,2
2023-08-29,2,11,3
2023-08-30,2,11,4
2023-08-31,2,11,5
2023-09-01,2,11,4
2023-09-02,2,11,5
2023-09-03,2,11,4
2023-09-04,2,11,1
2023-09-05,2,11,4
2023-09-06,2,11,5
2023-09-07,2,11,3
2023-09-08,2,11,4
2023-09-09,2,11,4
2023-09-10,2,11,4
2023-09-11,2,11,4
2023-09-12,2,11,2
2023-09-13,2,11,5
2023-09-14,2,11,4
2023-09-15,2,11,3
2023-09-16,2,11,4
2023-09-17,2,11,5
2023-09-18,2,11,4
2023-09-19,2,11,3
2023-09-20,2,11,3
2023-09-21,2,11,4
2023-09-22,2,11,4
2023-09-23,2,11,4
2023-09-24,2,11,3
2023-09-25,2,11,4
2023-09-26,2,11,4
2023-09-27,2,11,5
2023-09-28,2,11,5
2023-09-29,2,11,3
2023-09-30,2,11,7
2023-10-01,2,11,3
2023-10-02,2,11,4
2023-10-03,2,11,1
2023-10-04,2,11,6
2023-10-05,2,11,4
2023-10-06,2,11,4
2023-10-07,2,11,6
2023-10-08,2,11,5
2023-10-09,2,11,3
2023-10-10,2,11,3
2023-10-11,2,11,3
2023-10-12,2,11,3
2023-10-13,2,11,4
2023-10-14,2,11,3
2023-10-15,2,11,5
2023-10-16,2,11,4
2023-10-17,2,11,3
2023-10-18,2,11,4
2023-10-19,2,11,3
2023-10-20,2,11,6
2023-10-21,2,11,4
2023-10-22,2,11,4
2023-10-23,2,11,4
2023-10-24,2,11,4
2023-10-25,2,11,4
2023-10-26,2,11,3
2023-10-27,2,11,3
2023-10-28,2,11,4
2023-10-29,2,11,3
2023-10-30,2,11,2
2023-10-31,2,11,3
2023-11-01,2,11,2
2023-11-02,2,11,6
2023-11-03,2,11,5
2023-11-04,2,11,3
2023-11-05,2,11,7
2023-11-06,2,11,3
2023-11-07,2,11,5
2023-11-08,2,11,5
2023-11-09,2,11,6
2023-11-10,2,11,7
2023-11-11,2,11,2
2023-11-12,2,11,4
2023-11-13,2,11,5
2023-11-14,2,11,3
2023-11-15,2,11,5
2023-11-16,2,11,3
2023-11-17,2,11,4
2023-11-18,2,11,4
2023-11-19,2,11,6
2023-11-20,2,11,4
2023-11-21,2,11,4
2023-11-22,2,11,4
2023-11-23,2,11,4
2023-11-24,2,11,6
2023-11-25,2,11,5
2023-11-26,2,11,4
2023-11-27,2,11,5
2023-11-28,2,11,2
2023-11-29,2,11,3
2023-11-30,2,11,3
2023-12-01,2,11,5
2023-12-02,2,11,6
2023-12-03,2,11,6
2023-12-04,2,11,5
2023-12-05,2,11,4
2023-12-06,2,11,6
2023-12-07,2,11,5
2023-12-08,2,11,6
2023-12-09,2,11,6
2023-12-10,2,11,4
2023-12-11,2,11,5
2023-12-12,2,11,4
2023-12-13,2,11,4
2023-12-14,2,11,6
2023-12-15,2,11,7
2023-12-16,2,11,6
2023-12-17,2,11,7
2023-12-18,2,11,3
2023-12-19,2,11,5
2023-12-20,2,11,4
2023-12-21,2,11,4
2023-12-22,2,11,5
2023-12-23,2,11,6
2023-12-24,2,11,7
2023-12-25,2,11,6
2023-12-26,2,11,4
2023-12-27,2,11,4
2023-12-28,2,11,3
2023-12-29,2,11,3
2023-12-30,2,11,3
2023-12-31,2,11,4
2023-01-01,2,12,3
2023-01-02,2,12,3
2023-01-03,2,12,3
2023-01-04,2,12,3
2023-01-05,2,12,3
2023-01-06,2,12,4
2023-01-07,2,12,4
2023-01-08,2,12,5
2023-01-09,2,12,3
2023-01-10,2,12,2
2023-01-11,2,12,4
2023-01-12,2,12,2
2023-01-13,2,12,2
2023-01-14,2,12,4
2023-01-15,2,12,3
2023-01-16,2,12,1
2023-01-17,2,12,3
2023-01-18,2,12,4
2023-01-19,2,12,3
2023-01-20,2,12,4
2023-01-21,2,12,4
2023-01-22,2,12,4
2023-01-23,2,12,2
2023-01-24,2,12,2
2023-01-25,2,12,3
2023-01-26,2,12,3
2023-01-27,2,12,2
2023-01-28,2,12,5
2023-01-29,2,12,3
2023-01-30,2,12,2
2023-01-31,2,12,2
2023-02-01,2,12,3
2023-02-02,2,12,3
2023-02-03,2,12,2
2023-02-04,2,12,3
2023-02-05,2,12,3
2023-02-06,2,12,4
2023-02-07,2,12,3
2023-02-08,2,12,4
2023-02-09,2,12,2
2023-02-10,2,12,2
2023-02-11,2,12,3
2023-02-12,2,12,5
2023-02-13,2,12,2
2023-02-14,2,12,1
2023-02-15,2,12,4
2023-02-16,2,12,2
2023-02-17,2,12,2
2023-02-18,2,12,6
2023-02-19,2,12,2
2023-02-20,2,12,2
2023-02-21,2,12,2
2023-02-22,2,12,3
2023-02-23,2,12,2
2023-02-24,2,12,4
2023-02-25,2,12,2
2023-02-26,2,12,3
2023-02-27,2,12,3
2023-02-28,2,12,3
2023-03-01,2,12,2
2023-03-02,2,12,3
2023-03-03,2,12,4
2023-03-04,2,12,4
2023-03-05,2,12,3
2023-03-06,2,12,3
2023-03-07,2,12,4
2023-03-08,2,12,2
2023-03-09,2,12,3
2023-03-10,2,12,4
2023-03-11,2,12,3
2023-03-12,2,12,4
2023-03-13,2,12,2
2023-03-14,2,12,3
2023-03-15,2,12,1
2023-03-16,2,12,2
2023-03-17,2,12,5
2023-03-18,2,12,3
2023-03-19,2,12,5
2023-03-20,2,12,4
2023-03-21,2,12,4
2023-03-22,2,12,2
2023-03-23,2,12,3
2023-03-24,2,12,3
2023-03-25,2,12,3
2023-03-26,2,12,3
2023-03-27,2,12,4
2023-03-28,2,12,3
2023-03-29,2,12,3
2023-03-30,2,12,3
2023-03-31,2,12,3
2023-04-01,2,12,4
2023-04-02,2,12,4
2023-04-03,2,12,3
2023-04-04,2,12,3
2023-04-05,2,12,3
2023-04-06,2,12,3
2023-04-07,2,12,4
2023-04-08,2,12,4
2023-04-09,2,12,3
2023-04-10,2,12,4
2023-04-11,2,12,3
2023-04-12,2,12,4
2023-04-13,2,12,1
2023-04-14,2,12,3
2023-04-15,2,12,5
2023-04-16,2,12,3
2023-04-17,2,12,2
2023-04-18,2,12,3
2023-04-19,2,12,3
2023-04-20,2,12,3
2023-04-21,2,12,4
2023-04-22,2,12,4
2023-04-23,2,12,4
2023-04-24,2,12,2
2023-04-25,2,12,3
2023-04-26,2,12,2
2023-04-27,2,12,3
2023-04-28,2,12,5
2023-04-29,2,12,5
2023-04-30,2,12,3
2023-05-01,2,12,3
2023-05-02,2,12,3
2023-05-03,2,12,2
2023-05-04,2,12,3
2023-05-05,2,12,5
2023-05-06,2,12,5
2023-05-07,2,12,4
2023-05-08,2,12,1
2023-05-09,2,12,4
2023-05-10,2,12,3
2023-05-11,2,12,2
2023-05-12,2,12,4
2023-05-13,2,12,3
2023-05-14,2,12,5
2023-05-15,2,12,2
2023-05-16,2,12,2
2023-05-17,2,12,3
2023-05-18,2,12,2
2023-05-19,2,12,5
2023-05-20,2,12,4
2023-05-21,2,12,5
2023-05-22,2,12,4
2023-05-23,2,12,2
2023-05-24,2,12,3
2023-05-25,2,12,4
2023-05-26,2,12,4
2023-05-27,2,12,5
2023-05-28,2,12,4
2023-05-29,2,12,4
2023-05-30,2,12,3
2023-05-31,2,12,3
2023-06-01,2,12,4
2023-06-02,2,12,5
2023-06-03,2,12,5
2023-06-04,2,12,5
2023-06-05,2,12,6
2023-06-06,2,12,2
2023-06-07,2,12,3
2023-06-08,2,12,5
2023-06-09,2,12,3
2023-06-10,2,12,4
2023-06-11,2,12,5
2023-06-12,2,12,2
2023-06-13,2,12,4
2023-06-14,2,12,4
2023-06-15,2,12,3
2023-06-16,2,12,3
2023-06-17,2,12,6
2023-06-18,2,12,5
2023-06-19,2,12,3
2023-06-20,2,12,3
2023-06-21,2,12,4
2023-06-22,2,12,2
2023-06-23,2,12,3
2023-06-24,2,12,3
2023-06-25,2,12,5
2023-06-26,2,12,4
2023-06-27,2,12,4
2023-06-28,2,12,3
2023-06-29,2,12,3
2023-06-30,2,12,2
2023-07-01,2,12,5
2023-07-02,2,12,3
2023-07-03,2,12,4
2023-07-04,2,12,3
2023-07-05,2,12,6
2023-07-06,2,12,2
2023-07-07,2,12,3
2023-07-08,2,12,4
2023-07-09,2,12,5
2023-07-10,2,12,4
2023-07-11,2,12,3
2023-07-12,2,12,4
2023-07-13,2,12,2
2023-07-14,2,12,4
2023-07-15,2,12,5
2023-07-16,2,12,5
2023-07-17,2,12,3
2023-07-18,2,12,4
2023-07-19,2,12,4
2023-07-20,2,12,4
2023-07-21,2,12,6
2023-07-22,2,12,6
2023-07-23,2,12,5
2023-07-24,2,12,3
2023-07-25,2,12,3
2023-07-26,2,12,5
2023-07-27,2,12,4
2023-07-28,2,12,5
2023-07-29,2,12,5
2023-07-30,2,12,6
2023-07-31,2,12,3
2023-08-01,2,12,3
2023-08-02,2,12,2
2023-08-03,2,12,4
2023-08-04,2,12,4
2023-08-05,2,12,6
2023-08-06,2,12,6
2023-08-07,2,12,4
2023-08-08,2,12,2
2023-08-09,2,12,2
2023-08-10,2,12,5
2023-08-11,2,12,3
2023-08-12,2,12,5
2023-08-13,2,12,4
2023-08-14,2,12,4
2023-08-15,2,12,5
2023-08-16,2,12,4
2023-08-17,2,12,5
2023-08-18,2,12,4
2023-08-19,2,12,5
2023-08-20,2,12,4
2023-08-21,2,12,4
2023-08-22,2,12,2
2023-08-23,2,12,3
2023-08-24,2,12,4
2023-08-25,2,12,4
2023-08-26,2,12,6
2023-08-27,2,12,5
2023-08-28,2,12,2
2023-08-29,2,12,4
2023-08-30,2,12,2
2023-08-31,2,12,4
2023-09-01,2,12,4
2023-09-02,2,12,5
2023-09-03,2,12,6
2023-09-04,2,12,6
2023-09-05,2,12,4
2023-09-06,2,12,2
2023-09-07,2,12,3
2023-09-08,2,12,6
2023-09-09,2,12,6
2023-09-10,2,12,4
2023-09-11,2,12,4
2023-09-12,2,12,3
2023-09-13,2,12,4
2023-09-14,2,12,4
2023-09-15,2,12,3
2023-09-16,2,12,3
2023-09-17,2,12,4
2023-09-18,2,12,4
2023-09-19,2,12,3
2023-09-20,2,12,3
2023-09-21,2,12,5
2023-09-22,2,12,2
2023-09-23,2,12,5
2023-09-24,2,12,5
2023-09-25,2,12,3
2023-09-26,2,12,3
2023-09-27,2,12,3
2023-09-28,2,12,3
2023-09-29,2,12,5
2023-09-30,2,12,6
2023-10-01,2,12,4
2023-10-02,2,12,4
2023-10-03,2,12,3
2023-10-04,2,12,3
2023-10-05,2,12,4
2023-10-06,2,12,3
2023-10-07,2,12,4
2023-10-08,2,12,5
2023-10-09,2,12,4
2023-10-10,2,12,4
2023-10-11,2,12,3
2023-10-12,2,12,4
2023-10-13,2,12,4
2023-10-14,2,12,4
2023-10-15,2,12,5
2023-10-16,2,12,4
2023-10-17,2,12,2
2023-10-18,2,12,3
2023-10-19,2,12,3
2023-10-20,2,12,4
2023-10-21,2,12,2
2023-10-22,2,12,4
2023-10-23,2,12,4
2023-10-24,2,12,4
2023-10-25,2,12,4
2023-10-26,2,12,3
2023-10-27,2,12,5
2023-10-28,2,12,4
2023-10-29,2,12,6
2023-10-30,2,12,2
2023-10-31,2,12,3
2023-11-01,2,12,4
2023-11-02,2,12,4
2023-11-03,2,12,6
2023-11-04,2,12,4
2023-11-05,2,12,4
2023-11-06,2,12,5
2023-11-07,2,12,2
2023-11-08,2,12,5
2023-11-09,2,12,5
2023-11-10,2,12,6
2023-11-11,2,12,7
2023-11-12,2,12,3
2023-11-13,2,12,6
2023-11-14,2,12,3
2023-11-15,2,12,5
2023-11-16,2,12,4
2023-11-17,2,12,4
2023-11-18,2,12,4
2023-11-19,2,12,4
2023-11-20,2,12,3
2023-11-21,2,12,5
2023-11-22,2,12,4
2023-11-23,2,12,3
2023-11-24,2,12,4
2023-11-25,2,12,6
2023-11-26,2,12,5
2023-11-27,2,12,4
2023-11-28,2,12,4
2023-11-29,2,12,5
2023-11-30,2,12,4
2023-12-01,2,12,6
2023-12-02,2,12,5
2023-12-03,2,12,6
2023-12-04,2,12,5
2023-12-05,2,12,6
2023-12-06,2,12,4
2023-12-07,2,12,4
2023-12-08,2,12,4
2023-12-09,2,12,6
2023-12-10,2,12,7
2023-12-11,2,12,6
2023-12-12,2,12,4
2023-12-13,2,12,5
2023-12-14,2,12,3
2023-12-15,2,12,5
2023-12-16,2,12,8
2023-12-17,2,12,6
2023-12-18,2,12,5
2023-12-19,2,12,4
2023-12-20,2,12,4
2023-12-21,2,12,4
2023-12-22,2,12,8
2023-12-23,2,12,7
2023-12-24,2,12,4
2023-12-25,2,12,5
2023-12-26,2,12,6
2023-12-27,2,12,6
2023-12-28,2,12,6
2023-12-29,2,12,4
2023-12-30,2,12,4
2023-12-31,2,12,8
2023-01-01,2,13,2
2023-01-02,2,13,2
2023-01-03,2,13,1
2023-01-04,2,13,3
2023-01-05,2,13,1
2023-01-06,2,13,3
2023-01-07,2,13,3
2023-01-08,2,13,2
2023-01-09,2,13,2
2023-01-10,2,13,2
2023-01-11,2,13,2
2023-01-12,2,13,3
2023-01-13,2,13,2
2023-01-14,2,13,3
2023-01-15,2,13,3
2023-01-16,2,13,2
2023-01-17,2,13,2
2023-01-18,2,13,3
2023-01-19,2,13,3
2023-01-20,2,13,4
2023-01-21,2,13,2
2023-01-22,2,13,3
2023-01-23,2,13,2
2023-01-24,2,13,2
2023-01-25,2,13,2
2023-01-26,2,13,2
2023-01-27,2,13,3
2023-01-28,2,13,3
2023-01-29,2,13,3
2023-01-30,2,13,2
2023-01-31,2,13,2
2023-02-01,2,13,2
2023-02-02,2,13,2
2023-02-03,2,13,2
2023-02-04,2,13,2
2023-02-05,2,13,5
2023-02-06,2,13,3
2023-02-07,2,13,3
2023-02-08,2,13,1
2023-02-09,2,13,1
2023-02-10,2,13,4
2023-02-11,2,13,3
2023-02-12,2,13,3
2023-02-13,2,13,1
2023-02-14,2,13,2
2023-02-15,2,13,0
2023-02-16,2,13,2
2023-02-17,2,13,3
2023-02-18,2,13,3
2023-02-19,2,13,4
2023-02-20,2,13,1
2023-02-21,2,13,3
2023-02-22,2,13,1
2023-02-23,2,13,3
2023-02-24,2,13,2
2023-02-25,2,13,3
2023-02-26,2,13,3
2023-02-27,2,13,1
2023-02-28,2,13,2
2023-03-01,2,13,2
2023-03-02,2,13,3
2023-03-03,2,13,4
2023-03-04,2,13,4
2023-03-05,2,13,2
2023-03-06,2,13,3
2023-03-07,2,13,4
2023-03-08,2,13,3
2023-03-09,2,13,2
2023-03-10,2,13,3
2023-03-11,2,13,3
2023-03-12,2,13,3
2023-03-13,2,13,3
2023-03-14,2,13,2
2023-03-15,2,13,2
2023-03-16,2,13,4
2023-03-17,2,13,4
2023-03-18,2,13,4
2023-03-19,2,13,3
2023-03-20,2,13,3
2023-03-21,2,13,3
2023-03-22,2,13,1
2023-03-23,2,13,2
2023-03-24,2,13,3
2023-03-25,2,13,4
2023-03-26,2,13,2
2023-03-27,2,13,2
2023-03-28,2,13,3
2023-03-29,2,13,4
2023-03-30,2,13,2
2023-03-31,2,13,4
2023-04-01,2,13,4
2023-04-02,2,13,4
2023-04-03,2,13,3
2023-04-04,2,13,2
2023-04-05,2,13,3
2023-04-06,2,13,3
2023-04-07,2,13,2
2023-04-08,2,13,3
2023-04-09,2,13,3
2023-04-10,2,13,2
2023-04-11,2,13,1
2023-04-12,2,13,3
2023-04-13,2,13,2
2023-04-14,2,13,3
2023-04-15,2,13,3
2023-04-16,2,13,4
2023-04-17,2,13,2
2023-04-18,2,13,3
2023-04-19,2,13,3
2023-04-20,2,13,2
2023-04-21,2,13,4
2023-04-22,2,13,2
2023-04-23,2,13,3
2023-04-24,2,13,3
2023-04-25,2,13,3
2023-04-26,2,13,2
2023-04-27,2,13,4
2023-04-28,2,13,3
2023-04-29,2,13,3
2023-04-30,2,13,4
2023-05-01,2,13,3
2023-05-02,2,13,1
2023-05-03,2,13,3
2023-05-04,2,13,4
2023-05-05,2,13,4
2023-05-06,2,13,2
2023-05-07,2,13,3
2023-05-08,2,13,2
2023-05-09,2,13,2
2023-05-10,2,13,3
2023-05-11,2,13,4
2023-05-12,2,13,5
2023-05-13,2,13,3
2023-05-14,2,13,3
2023-05-15,2,13,4
2023-05-16,2,13,2
2023-05-17,2,13,4
2023-05-18,2,13,1
2023-05-19,2,13,5
2023-05-20,2,13,3
2023-05-21,2,13,5
2023-05-22,2,13,3
2023-05-23,2,13,1
2023-05-24,2,13,3
2023-05-25,2,13,4
2023-05-26,2,13,3
2023-05-27,2,13,3
2023-05-28,2,13,3
2023-05-29,2,13,2
2023-05-30,2,13,4
2023-05-31,2,13,4
2023-06-01,2,13,3
2023-06-02,2,13,1
2023-06-03,2,13,3
2023-06-04,2,13,3
2023-06-05,2,13,3
2023-06-06,2,13,3
2023-06-07,2,13,2
2023-06-08,2,13,3
2023-06-09,2,13,2
2023-06-10,2,13,5
2023-06-11,2,13,3
2023-06-12,2,13,4
2023-06-13,2,13,3
2023-06-14,2,13,2
2023-06-15,2,13,2
2023-06-16,2,13,6
2023-06-17,2,13,4
2023-06-18,2,13,5
2023-06-19,2,13,3
2023-06-20,2,13,2
2023-06-21,2,13,4
2023-06-22,2,13,4
2023-06-23,2,13,4
2023-06-24,2,13,5
2023-06-25,2,13,3
2023-06-26,2,13,2
2023-06-27,2,13,2
2023-06-28,2,13,2
2023-06-29,2,13,4
2023-06-30,2,13,3
2023-07-01,2,13,3
2023-07-02,2,13,4
2023-07-03,2,13,3
2023-07-04,2,13,3
2023-07-05,2,13,3
2023-07-06,2,13,2
2023-07-07,2,13,5
2023-07-08,2,13,4
2023-07-09,2,13,4
2023-07-10,2,13,5
2023-07-11,2,13,3
2023-07-12,2,13,3
2023-07-13,2,13,3
2023-07-14,2,13,3
2023-07-15,2,13,4
2023-07-16,2,13,4
2023-07-17,2,13,1
2023-07-18,2,13,3
2023-07-19,2,13,5
2023-07-20,2,13,5
2023-07-21,2,13,4
2023-07-22,2,13,4
2023-07-23,2,13,5
2023-07-24,2,13,3
2023-07-25,2,13,4
2023-07-26,2,13,3
2023-07-27,2,13,4
2023-07-28,2,13,3
2023-07-29,2,13,6
2023-07-30,2,13,6
2023-07-31,2,13,3
2023-08-01,2,13,2
2023-08-02,2,13,4
2023-08-03,2,13,3
2023-08-04,2,13,3
2023-08-05,2,13,4
2023-08-06,2,13,2
2023-08-07,2,13,2
2023-08-08,2,13,4
2023-08-09,2,13,4
2023-08-10,2,13,3
2023-08-11,2,13,4
2023-08-12,2,13,5
2023-08-13,2,13,3
2023-08-14,2,13,4
2023-08-15,2,13,2
2023-08-16,2,13,2
2023-08-17,2,13,2
2023-08-18,2,13,4
2023-08-19,2,13,4
2023-08-20,2,13,4
2023-08-21,2,13,4
2023-08-22,2,13,2
2023-08-23,2,13,5
2023-08-24,2,13,4
2023-08-25,2,13,3
2023-08-26,2,13,5
2023-08-27,2,13,4
2023-08-28,2,13,4
2023-08-29,2,13,4
2023-08-30,2,13,3
2023-08-31,2,13,5
2023-09-01,2,13,6
2023-09-02,2,13,4
2023-09-03,2,13,4
2023-09-04,2,13,3
2023-09-05,2,13,2
2023-09-06,2,13,3
2023-09-07,2,13,5
2023-09-08,2,13,2
2023-09-09,2,13,5
2023-09-10,2,13,4
2023-09-11,2,13,3
2023-09-12,2,13,4
2023-09-13,2,13,5
2023-09-14,2,13,5
2023-09-15,2,13,3
2023-09-16,2,13,4
2023-09-17,2,13,4
2023-09-18,2,13,4
2023-09-19,2,13,4
2023-09-20,2,13,2
2023-09-21,2,13,2
2023-09-22,2,13,3
2023-09-23,2,13,4
2023-09-24,2,13,3
2023-09-25,2,13,4
2023-09-26,2,13,3
2023-09-27,2,13,4
2023-09-28,2,13,2
2023-09-29,2,13,4
2023-09-30,2,13,4
2023-10-01,2,13,2
2023-10-02,2,13,1
2023-10-03,2,13,3
2023-10-04,2,13,2
2023-10-05,2,13,3
2023-10-06,2,13,5
2023-10-07,2,13,3
2023-10-08,2,13,3
2023-10-09,2,13,2
2023-10-10,2,13,4
2023-10-11,2,13,4
2023-10-12,2,13,3
2023-10-13,2,13,4
2023-10-14,2,13,3
2023-10-15,2,13,5
2023-10-16,2,13,3
2023-10-17,2,13,1
2023-10-18,2,13,1
2023-10-19,2,13,3
2023-10-20,2,13,3
2023-10-21,2,13,2
2023-10-22,2,13,4
2023-10-23,2,13,3
2023-10-24,2,13,3
2023-10-25,2,13,4
2023-10-26,2,13,3
2023-10-27,2,13,3
2023-10-28,2,13,3
2023-10-29,2,13,2
2023-10-30,2,13,2
2023-10-31,2,13,4
2023-11-01,2,13,3
2023-11-02,2,13,2
2023-11-03,2,13,4
2023-11-04,2,13,4
2023-11-05,2,13,5
2023-11-06,2,13,4
2023-11-07,2,13,2
2023-11-08,2,13,2
2023-11-09,2,13,6
2023-11-10,2,13,3
2023-11-11,2,13,4
2023-11-12,2,13,4
2023-11-13,2,13,3
2023-11-14,2,13,3
2023-11-15,2,13,3
2023-11-16,2,13,4
2023-11-17,2,13,3
2023-11-18,2,13,5
2023-11-19,2,13,4
2023-11-20,2,13,5
2023-11-21,2,13,2
2023-11-22,2,13,2
2023-11-23,2,13,4
2023-11-24,2,13,4
2023-11-25,2,13,7
2023-11-26,2,13,5
2023-11-27,2,13,4
2023-11-28,2,13,3
2023-11-29,2,13,2
2023-11-30,2,13,5
2023-12-01,2,13,5
2023-12-02,2,13,5
2023-12-03,2,13,5
2023-12-04,2,13,3
2023-12-05,2,13,4
2023-12-06,2,13,5
2023-12-07,2,13,5
2023-12-08,2,13,5
2023-12-09,2,13,6
2023-12-10,2,13,5
2023-12-11,2,13,6
2023-12-12,2,13,4
2023-12-13,2,13,5
2023-12-14,2,13,4
2023-12-15,2,13,3
2023-12-16,2,13,4
2023-12-17,2,13,5
2023-12-18,2,13,4
2023-12-19,2,13,3
2023-12-20,2,13,4
2023-12-21,2,13,3
2023-12-22,2,13,4
2023-12-23,2,13,7
2023-12-24,2,13,4
2023-12-25,2,13,2
2023-12-26,2,13,3
2023-12-27,2,13,5
2023-12-28,2,13,3
2023-12-29,2,13,5
2023-12-30,2,13,4
2023-12-31,2,13,4
2023-01-01,2,14,0
2023-01-02,2,14,0
2023-01-03,2,14,1
2023-01-04,2,14,0
2023-01-05,2,14,0
2023-01-06,2,14,1
2023-01-07,2,14,0
2023-01-08,2,14,0
2023-01-09,2,14,0
2023-01-10,2,14,0
2023-01-11,2,14,0
2023-01-12,2,14,0
2023-01-13,2,14,0
2023-01-14,2,14,0
2023-01-15,2,14,0
2023-01-16,2,14,0
2023-01-17,2,14,0
2023-01-18,2,14,0
2023-01-19,2,14,1
2023-01-20,2,14,0
2023-01-21,2,14,1
2023-01-22,2,14,0
2023-01-23,2,14,0
2023-01-24,2,14,0
2023-01-25,2,14,0
2023-01-26,2,14,0
2023-01-27,2,14,0
2023-01-28,2,14,1
2023-01-29,2,14,0
2023-01-30,2,14,0
2023-01-31,2,14,0
2023-02-01,2,14,0
2023-02-02,2,14,0
2023-02-03,2,14,0
2023-02-04,2,14,0
2023-02-05,2,14,1
2023-02-06,2,14,1
2023-02-07,2,14,0
2023-02-08,2,14,0
2023-02-09,2,14,0
2023-02-10,2,14,0
2023-02-11,2,14,1
2023-02-12,2,14,0
2023-02-13,2,14,0
2023-02-14,2,14,0
2023-02-15,2,14,0
2023-02-16,2,14,0
2023-02-17,2,14,0
2023-02-18,2,14,0
2023-02-19,2,14,1
2023-02-20,2,14,0
2023-02-21,2,14,0
2023-02-22,2,14,0
2023-02-23,2,14,0
2023-02-24,2,14,0
2023-02-25,2,14,1
2023-02-26,2,14,0
2023-02-27,2,14,0
2023-02-28,2,14,0
2023-03-01,2,14,0
2023-03-02,2,14,0
2023-03-03,2,14,0
2023-03-04,2,14,0
2023-03-05,2,14,1
2023-03-06,2,14,1
2023-03-07,2,14,1
2023-03-08,2,14,0
2023-03-09,2,14,1
2023-03-10,2,14,0
2023-03-11,2,14,1
2023-03-12,2,14,1
2023-03-13,2,14,0
2023-03-14,2,14,1
2023-03-15,2,14,0
2023-03-16,2,14,0
2023-03-17,2,14,0
2023-03-18,2,14,1
2023-03-19,2,14,0
2023-03-20,2,14,1
2023-03-21,2,14,0
2023-03-22,2,14,0
2023-03-23,2,14,1
2023-03-24,2,14,1
2023-03-25,2,14,1
2023-03-26,2,14,0
2023-03-27,2,14,0
2023-03-28,2,14,0
2023-03-29,2,14,1
2023-03-30,2,14,1
2023-03-31,2,14,0
2023-04-01,2,14,1
2023-04-02,2,14,0
2023-04-03,2,14,1
2023-04-04,2,14,0
2023-04-05,2,14,0
2023-04-06,2,14,0
2023-04-07,2,14,0
2023-04-08,2,14,1
2023-04-09,2,14,1
2023-04-10,2,14,0
2023-04-11,2,14,0
2023-04-12,2,14,0
2023-04-13,2,14,0
2023-04-14,2,14,1
2023-04-15,2,14,0
2023-04-16,2,14,1
2023-04-17,2,14,0
2023-04-18,2,14,1
2023-04-19,2,14,0
2023-04-20,2,14,0
2023-04-21,2,14,1
2023-04-22,2,14,0
2023-04-23,2,14,0
2023-04-24,2,14,1
2023-04-25,2,14,1
2023-04-26,2,14,0
2023-04-27,2,14,1
2023-04-28,2,14,0
2023-04-29,2,14,0
2023-04-30,2,14,1
2023-05-01,2,14,1
2023-05-02,2,14,0
2023-05-03,2,14,0
2023-05-04,2,14,1
2023-05-05,2,14,0
2023-05-06,2,14,1
2023-05-07,2,14,0
2023-05-08,2,14,0
2023-05-09,2,14,0
2023-05-10,2,14,1
2023-05-11,2,14,0
2023-05-12,2,14,0
2023-05-13,2,14,1
2023-05-14,2,14,1
2023-05-15,2,14,0
2023-05-16,2,14,0
2023-05-17,2,14,0
2023-05-18,2,14,0
2023-05-19,2,14,0
2023-05-20,2,14,1
2023-05-21,2,14,1
2023-05-22,2,14,1
2023-05-23,2,14,1
2023-05-24,2,14,0
2023-05-25,2,14,0
2023-05-26,2,14,1
2023-05-27,2,14,1
2023-05-28,2,14,1
2023-05-29,2,14,1
2023-05-30,2,14,0
2023-05-31,2,14,0
2023-06-01,2,14,1
2023-06-02,2,14,1
2023-06-03,2,14,1
2023-06-04,2,14,1
2023-06-05,2,14,1
2023-06-06,2,14,0
2023-06-07,2,14,0
2023-06-08,2,14,0
2023-06-09,2,14,1
2023-06-10,2,14,1
2023-06-11,2,14,0
2023-06-12,2,14,0
2023-06-13,2,14,0
2023-06-14,2,14,1
2023-06-15,2,14,1
2023-06-16,2,14,0
2023-06-17,2,14,1
2023-06-18,2,14,0
2023-06-19,2,14,0
2023-06-20,2,14,0
2023-06-21,2,14,0
2023-06-22,2,14,0
2023-06-23,2,14,1
2023-06-24,2,14,0
2023-06-25,2,14,1
2023-06-26,2,14,0
2023-06-27,2,14,1
2023-06-28,2,14,1
2023-06-29,2,14,0
2023-06-30,2,14,0
2023-07-01,2,14,0
2023-07-02,2,14,1
2023-07-03,2,14,1
2023-07-04,2,14,1
2023-07-05,2,14,1
2023-07-06,2,14,1
2023-07-07,2,14,1
2023-07-08,2,14,1
2023-07-09,2,14,0
2023-07-10,2,14,0
2023-07-11,2,14,0
2023-07-12,2,14,1
2023-07-13,2,14,1
2023-07-14,2,14,0
2023-07-15,2,14,0
2023-07-16,2,14,1
2023-07-17,2,14,0
2023-07-18,2,14,0
2023-07-19,2,14,1
2023-07-20,2,14,1
2023-07-21,2,14,1
2023-07-22,2,14,0
2023-07-23,2,14,1
2023-07-24,2,14,1
2023-07-25,2,14,1
2023-07-26,2,14,1
2023-07-27,2,14,1
2023-07-28,2,14,1
2023-07-29,2,14,1
2023-07-30,2,14,1
2023-07-31,2,14,1
2023-08-01,2,14,1
2023-08-02,2,14,0
2023-08-03,2,14,0
2023-08-04,2,14,1
2023-08-05,2,14,1
2023-08-06,2,14,1
2023-08-07,2,14,1
2023-08-08,2,14,0
2023-08-09,2,14,1
2023-08-10,2,14,0
2023-08-11,2,14,0
2023-08-12,2,14,1
2023-08-13,2,14,1
2023-08-14,2,14,1
2023-08-15,2,14,0
2023-08-16,2,14,1
2023-08-17,2,14,0
2023-08-18,2,14,0
2023-08-19,2,14,1
2023-08-20,2,14,1
2023-08-21,2,14,1
2023-08-22,2,14,1
2023-08-23,2,14,0
2023-08-24,2,14,1
2023-08-25,2,14,1
2023-08-26,2,14,1
2023-08-27,2,14,0
2023-08-28,2,14,0
2023-08-29,2,14,1
2023-08-30,2,14,1
2023-08-31,2,14,1
2023-09-01,2,14,1
2023-09-02,2,14,0
2023-09-03,2,14,1
2023-09-04,2,14,1
2023-09-05,2,14,1
2023-09-06,2,14,0
2023-09-07,2,14,1
2023-09-08,2,14,1
2023-09-09,2,14,1
2023-09-10,2,14,1
2023-09-11,2,14,0
2023-09-12,2,14,0
2023-09-13,2,14,0
2023-09-14,2,14,0
2023-09-15,2,14,1
2023-09-16,2,14,1
2023-09-17,2,14,0
2023-09-18,2,14,0
2023-09-19,2,14,1
2023-09-20,2,14,1
2023-09-21,2,14,0
2023-09-22,2,14,0
2023-09-23,2,14,0
2023-09-24,2,14,0
2023-09-25,2,14,0
2023-09-26,2,14,0
2023-09-27,2,14,0
2023-09-28,2,14,0
2023-09-29,2,14,1
2023-09-30,2,14,1
2023-10-01,2,14,1
2023-10-02,2,14,0
2023-10-03,2,14,0
2023-10-04,2,14,1
2023-10-05,2,14,1
2023-10-06,2,14,1
2023-10-07,2,14,1
2023-10-08,2,14,1
2023-10-09,2,14,0
2023-10-10,2,14,0
2023-10-11,2,14,0
2023-10-12,2,14,0
2023-10-13,2,14,1
2023-10-14,2,14,1
2023-10-15,2,14,1
2023-10-16,2,14,1
2023-10-17,2,14,0
2023-10-18,2,14,0
2023-10-19,2,14,1
2023-10-20,2,14,1
2023-10-21,2,14,1
2023-10-22,2,14,1
2023-10-23,2,14,0
2023-10-24,2,14,0
2023-10-25,2,14,0
2023-10-26,2,14,0
2023-10-27,2,14,1
2023-10-28,2,14,1
2023-10-29,2,14,0
2023-10-30,2,14,0
2023-10-31,2,14,0
2023-11-01,2,14,1
2023-11-02,2,14,1
2023-11-03,2,14,1
2023-11-04,2,14,0
2023-11-05,2,14,1
2023-11-06,2,14,1
2023-11-07,2,14,1
2023-11-08,2,14,0
2023-11-09,2,14,0
2023-11-10,2,14,0
2023-11-11,2,14,1
2023-11-12,2,14,1
2023-11-13,2,14,1
2023-11-14,2,14,1
2023-11-15,2,14,1
2023-11-16,2,14,1
2023-11-17,2,14,1
2023-11-18,2,14,0
2023-11-19,2,14,1
2023-11-20,2,14,0
2023-11-21,2,14,1
2023-11-22,2,14,0
2023-11-23,2,14,0
2023-11-24,2,14,1
2023-11-25,2,14,0
2023-11-26,2,14,1
2023-11-27,2,14,0
2023-11-28,2,14,1
2023-11-29,2,14,1
2023-11-30,2,14,0
2023-12-01,2,14,1
2023-12-02,2,14,2
2023-12-03,2,14,1
2023-12-04,2,14,1
2023-12-05,2,14,1
2023-12-06,2,14,0
2023-12-07,2,14,1
2023-12-08,2,14,1
2023-12-09,2,14,1
2023-12-10,2,14,1
2023-12-11,2,14,0
2023-12-12,2,14,1
2023-12-13,2,14,0
2023-12-14,2,14,0
2023-12-15,2,14,1
2023-12-16,2,14,1
2023-12-17,2,14,1
2023-12-18,2,14,1
2023-12-19,2,14,0
2023-12-20,2,14,0
2023-12-21,2,14,1
2023-12-22,2,14,1
2023-12-23,2,14,1
2023-12-24,2,14,1
2023-12-25,2,14,1
2023-12-26,2,14,1
2023-12-27,2,14,0
2023-12-28,2,14,1
2023-12-29,2,14,1
2023-12-30,2,14,0
2023-12-31,2,14,1
2023-01-01,2,15,3
2023-01-02,2,15,3
2023-01-03,2,15,4
2023-01-04,2,15,3
2023-01-05,2,15,3
2023-01-06,2,15,3
2023-01-07,2,15,5
2023-01-08,2,15,4
2023-01-09,2,15,3
2023-01-10,2,15,2
2023-01-11,2,15,3
2023-01-12,2,15,3
2023-01-13,2,15,4
2023-01-14,2,15,4
2023-01-15,2,15,5
2023-01-16,2,15,4
2023-01-17,2,15,2
2023-01-18,2,15,3
2023-01-19,2,15,4
2023-01-20,2,15,4
2023-01-21,2,15,5
2023-01-22,2,15,6
2023-01-23,2,15,2
2023-01-24,2,15,3
2023-01-25,2,15,1
2023-01-26,2,15,4
2023-01-27,2,15,4
2023-01-28,2,15,4
2023-01-29,2,15,4
2023-01-30,2,15,3
2023-01-31,2,15,4
2023-02-01,2,15,5
2023-02-02,2,15,0
2023-02-03,2,15,4
2023-02-04,2,15,3
2023-02-05,2,15,5
2023-02-06,2,15,4
2023-02-07,2,15,3
2023-02-08,2,15,4
2023-02-09,2,15,4
2023-02-10,2,15,2
2023-02-11,2,15,4
2023-02-12,2,15,3
2023-02-13,2,15,2
2023-02-14,2,15,5
2023-02-15,2,15,4
2023-02-16,2,15,3
2023-02-17,2,15,4
2023-02-18,2,15,5
2023-02-19,2,15,4
2023-02-20,2,15,4
2023-02-21,2,15,5
2023-02-22,2,15,3
2023-02-23,2,15,3
2023-02-24,2,15,3
2023-02-25,2,15,7
2023-02-26,2,15,3
2023-02-27,2,15,5
2023-02-28,2,15,2
2023-03-01,2,15,5
2023-03-02,2,15,4
2023-03-03,2,15,5
2023-03-04,2,15,7
2023-03-05,2,15,6
2023-03-06,2,15,3
2023-03-07,2,15,3
2023-03-08,2,15,1
2023-03-09,2,15,3
2023-03-10,2,15,5
2023-03-11,2,15,5
2023-03-12,2,15,4
2023-03-13,2,15,6
2023-03-14,2,15,5
2023-03-15,2,15,3
2023-03-16,2,15,5
2023-03-17,2,15,3
2023-03-18,2,15,5
2023-03-19,2,15,6
2023-03-20,2,15,4
2023-03-21,2,15,4
2023-03-22,2,15,3
2023-03-23,2,15,4
2023-03-24,2,15,6
2023-03-25,2,15,6
2023-03-26,2,15,6
2023-03-27,2,15,4
2023-03-28,2,15,3
2023-03-29,2,15,2
2023-03-30,2,15,5
2023-03-31,2,15,3
2023-04-01,2,15,6
2023-04-02,2,15,4
2023-04-03,2,15,3
2023-04-04,2,15,3
2023-04-05,2,15,5
2023-04-06,2,15,5
2023-04-07,2,15,4
2023-04-08,2,15,6
2023-04-09,2,15,5
2023-04-10,2,15,4
2023-04-11,2,15,3
2023-04-12,2,15,4
2023-04-13,2,15,4
2023-04-14,2,15,4
2023-04-15,2,15,5
2023-04-16,2,15,7
2023-04-17,2,15,5
2023-04-18,2,15,6
2023-04-19,2,15,2
2023-04-20,2,15,5
2023-04-21,2,15,4
2023-04-22,2,15,6
2023-04-23,2,15,5
2023-04-24,2,15,3
2023-04-25,2,15,4
2023-04-26,2,15,4
2023-04-27,2,15,4
2023-04-28,2,15,4
2023-04-29,2,15,6
2023-04-30,2,15,7
2023-05-01,2,15,3
2023-05-02,2,15,4
2023-05-03,2,15,5
2023-05-04,2,15,4
2023-05-05,2,15,4
2023-05-06,2,15,5
2023-05-07,2,15,3
2023-05-08,2,15,5
2023-05-09,2,15,5
2023-05-10,2,15,3
2023-05-11,2,15,5
2023-05-12,2,15,5
2023-05-13,2,15,3
2023-05-14,2,15,5
2023-05-15,2,15,4
2023-05-16,2,15,6
2023-05-17,2,15,2
2023-05-18,2,15,4
2023-05-19,2,15,5
2023-05-20,2,15,5
2023-05-21,2,15,5
2023-05-22,2,15,4
2023-05-23,2,15,5
2023-05-24,2,15,3
2023-05-25,2,15,3
2023-05-26,2,15,5
2023-05-27,2,15,7
2023-05-28,2,15,7
2023-05-29,2,15,5
2023-05-30,2,15,4
2023-05-31,2,15,3
2023-06-01,2,15,6
2023-06-02,2,15,3
2023-06-03,2,15,2
2023-06-04,2,15,5
2023-06-05,2,15,5
2023-06-06,2,15,6
2023-06-07,2,15,3
2023-06-08,2,15,2
2023-06-09,2,15,6
2023-06-10,2,15,6
2023-06-11,2,15,9
2023-06-12,2,15,6
2023-06-13,2,15,4
2023-06-14,2,15,6
2023-06-15,2,15,6
2023-06-16,2,15,3
2023-06-17,2,15,6
2023-06-18,2,15,6
2023-06-19,2,15,6
2023-06-20,2,15,5
2023-06-21,2,15,6
2023-06-22,2,15,5
2023-06-23,2,15,5
2023-06-24,2,15,4
2023-06-25,2,15,4
2023-06-26,2,15,6
2023-06-27,2,15,4
2023-06-28,2,15,5
2023-06-29,2,15,5
2023-06-30,2,15,6
2023-07-01,2,15,6
2023-07-02,2,15,9
2023-07-03,2,15,5
2023-07-04,2,15,6
2023-07-05,2,15,3
2023-07-06,2,15,6
2023-07-07,2,15,5
2023-07-08,2,15,8
2023-07-09,2,15,5
2023-07-10,2,15,3
2023-07-11,2,15,5
2023-07-12,2,15,2
2023-07-13,2,15,4
2023-07-14,2,15,5
2023-07-15,2,15,7
2023-07-16,2,15,4
2023-07-17,2,15,6
2023-07-18,2,15,5
2023-07-19,2,15,7
2023-07-20,2,15,4
2023-07-21,2,15,7
2023-07-22,2,15,6
2023-07-23,2,15,6
2023-07-24,2,15,7
2023-07-25,2,15,5
2023-07-26,2,15,6
2023-07-27,2,15,5
2023-07-28,2,15,4
2023-07-29,2,15,8
2023-07-30,2,15,3
2023-07-31,2,15,5
2023-08-01,2,15,2
2023-08-02,2,15,5
2023-08-03,2,15,5
2023-08-04,2,15,5
2023-08-05,2,15,8
2023-08-06,2,15,8
2023-08-07,2,15,3
2023-08-08,2,15,3
2023-08-09,2,15,6
2023-08-10,2,15,4
2023-08-11,2,15,4
2023-08-12,2,15,5
2023-08-13,2,15,6
2023-08-14,2,15,7
2023-08-15,2,15,3
2023-08-16,2,15,2
2023-08-17,2,15,8
2023-08-18,2,15,5
2023-08-19,2,15,6
2023-08-20,2,15,7
2023-08-21,2,15,4
2023-08-22,2,15,4
2023-08-23,2,15,3
2023-08-24,2,15,5
2023-08-25,2,15,6
2023-08-26,2,15,5
2023-08-27,2,15,5
2023-08-28,2,15,5
2023-08-29,2,15,5
2023-08-30,2,15,4
2023-08-31,2,15,2
2023-09-01,2,15,3
2023-09-02,2,15,6
2023-09-03,2,15,7
2023-09-04,2,15,3
2023-09-05,2,15,3
2023-09-06,2,15,4
2023-09-07,2,15,5
2023-09-08,2,15,5
2023-09-09,2,15,4
2023-09-10,2,15,5
2023-09-11,2,15,2
2023-09-12,2,15,3
2023-09-13,2,15,3
2023-09-14,2,15,5
2023-09-15,2,15,8
2023-09-16,2,15,8
2023-09-17,2,15,4
2023-09-18,2,15,4
2023-09-19,2,15,4
2023-09-20,2,15,5
2023-09-21,2,15,7
2023-09-22,2,15,6
2023-09-23,2,15,6
2023-09-24,2,15,8
2023-09-25,2,15,4
2023-09-26,2,15,3
2023-09-27,2,15,4
2023-09-28,2,15,6
2023-09-29,2,15,5
2023-09-30,2,15,8
2023-10-01,2,15,5
2023-10-02,2,15,1
2023-10-03,2,15,5
2023-10-04,2,15,2
2023-10-05,2,15,3
2023-10-06,2,15,6
2023-10-07,2,15,4
2023-10-08,2,15,5
2023-10-09,2,15,6
2023-10-10,2,15,4
2023-10-11,2,15,6
2023-10-12,2,15,4
2023-10-13,2,15,3
2023-10-14,2,15,5
2023-10-15,2,15,3
2023-10-16,2,15,4
2023-10-17,2,15,2
2023-10-18,2,15,2
2023-10-19,2,15,3
2023-10-20,2,15,7
2023-10-21,2,15,3
2023-10-22,2,15,8
2023-10-23,2,15,6
2023-10-24,2,15,5
2023-10-25,2,15,5
2023-10-26,2,15,3
2023-10-27,2,15,5
2023-10-28,2,15,6
2023-10-29,2,15,5
2023-10-30,2,15,4
2023-10-31,2,15,3
2023-11-01,2,15,8
2023-11-02,2,15,7
2023-11-03,2,15,5
2023-11-04,2,15,8
2023-11-05,2,15,7
2023-11-06,2,15,3
2023-11-07,2,15,6
2023-11-08,2,15,4
2023-11-09,2,15,3
2023-11-10,2,15,4
2023-11-11,2,15,5
2023-11-12,2,15,5
2023-11-13,2,15,6
2023-11-14,2,15,6
2023-11-15,2,15,5
2023-11-16,2,15,3
2023-11-17,2,15,5
2023-11-18,2,15,9
2023-11-19,2,15,6
2023-11-20,2,15,5
2023-11-21,2,15,6
2023-11-22,2,15,2
2023-11-23,2,15,8
2023-11-24,2,15,5
2023-11-25,2,15,7
2023-11-26,2,15,4
2023-11-27,2,15,5
2023-11-28,2,15,6
2023-11-29,2,15,5
2023-11-30,2,15,6
2023-12-01,2,15,7
2023-12-02,2,15,10
2023-12-03,2,15,5
2023-12-04,2,15,6
2023-12-05,2,15,7
2023-12-06,2,15,6
2023-12-07,2,15,6
2023-12-08,2,15,5
2023-12-09,2,15,5
2023-12-10,2,15,9
2023-12-11,2,15,4
2023-12-12,2,15,2
2023-12-13,2,15,3
2023-12-14,2,15,3
2023-12-15,2,15,6
2023-12-16,2,15,3
2023-12-17,2,15,5
2023-12-18,2,15,5
2023-12-19,2,15,4
2023-12-20,2,15,5
2023-12-21,2,15,4
2023-12-22,2,15,6
2023-12-23,2,15,7
2023-12-24,2,15,4
2023-12-25,2,15,5
2023-12-26,2,15,5
2023-12-27,2,15,5
2023-12-28,2,15,5
2023-12-29,2,15,5
2023-12-30,2,15,5
2023-12-31,2,15,7
2023-01-01,2,16,2
2023-01-02,2,16,1
2023-01-03,2,16,2
2023-01-04,2,16,1
2023-01-05,2,16,1
2023-01-06,2,16,2
2023-01-07,2,16,1
2023-01-08,2,16,2
2023-01-09,2,16,1
2023-01-10,2,16,1
2023-01-11,2,16,1
2023-01-12,2,16,1
2023-01-13,2,16,1
2023-01-14,2,16,1
2023-01-15,2,16,1
2023-01-16,2,16,1
2023-01-17,2,16,1
2023-01-18,2,16,1
2023-01-19,2,16,1
2023-01-20,2,16,1
2023-01-21,2,16,2
2023-01-22,2,16,2
2023-01-23,2,16,1
2023-01-24,2,16,0
2023-01-25,2,16,2
2023-01-26,2,16,2
2023-01-27,2,16,1
2023-01-28,2,16,2
2023-01-29,2,16,1
2023-01-30,2,16,1
2023-01-31,2,16,1
2023-02-01,2,16,1
2023-02-02,2,16,1
2023-02-03,2,16,1
2023-02-04,2,16,2
2023-02-05,2,16,2
2023-02-06,2,16,1
2023-02-07,2,16,1
2023-02-08,2,16,1
2023-02-09,2,16,0
2023-02-10,2,16,1
2023-02-11,2,16,1
2023-02-12,2,16,1
2023-02-13,2,16,1
2023-02-14,2,16,1
2023-02-15,2,16,1
2023-02-16,2,16,1
2023-02-17,2,16,2
2023-02-18,2,16,1
2023-02-19,2,16,2
2023-02-20,2,16,2
2023-02-21,2,16,1
2023-02-22,2,16,1
2023-02-23,2,16,2
2023-02-24,2,16,1
2023-02-25,2,16,2
2023-02-26,2,16,2
2023-02-27,2,16,2
2023-02-28,2,16,2
2023-03-01,2,16,1
2023-03-02,2,16,1
2023-03-03,2,16,1
2023-03-04,2,16,1
2023-03-05,2,16,2
2023-03-06,2,16,1
2023-03-07,2,16,1
2023-03-08,2,16,2
2023-03-09,2,16,0
2023-03-10,2,16,2
2023-03-11,2,16,0
2023-03-12,2,16,1
2023-03-13,2,16,1
2023-03-14,2,16,2
2023-03-15,2,16,1
2023-03-16,2,16,1
2023-03-17,2,16,2
2023-03-18,2,16,1
2023-03-19,2,16,2
2023-03-20,2,16,2
2023-03-21,2,16,2
2023-03-22,2,16,2
2023-03-23,2,16,1
2023-03-24,2,16,2
2023-03-25,2,16,1
2023-03-26,2,16,2
2023-03-27,2,16,1
2023-03-28,2,16,1
2023-03-29,2,16,2
2023-03-30,2,16,1
2023-03-31,2,16,1
2023-04-01,2,16,2
2023-04-02,2,16,2
2023-04-03,2,16,1
2023-04-04,2,16,1
2023-04-05,2,16,2
2023-04-06,2,16,2
2023-04-07,2,16,1
2023-04-08,2,16,3
2023-04-09,2,16,1
2023-04-10,2,16,1
2023-04-11,2,16,1
2023-04-12,2,16,1
2023-04-13,2,16,2
2023-04-14,2,16,2
2023-04-15,2,16,2
2023-04-16,2,16,1
2023-04-17,2,16,3
2023-04-18,2,16,2
2023-04-19,2,16,2
2023-04-20,2,16,1
2023-04-21,2,16,1
2023-04-22,2,16,2
2023-04-23,2,16,1
2023-04-24,2,16,0
2023-04-25,2,16,1
2023-04-26,2,16,2
2023-04-27,2,16,1
2023-04-28,2,16,2
2023-04-29,2,16,2
2023-04-30,2,16,1
2023-05-01,2,16,2
2023-05-02,2,16,1
2023-05-03,2,16,2
2023-05-04,2,16,1
2023-05-05,2,16,2
2023-05-06,2,16,3
2023-05-07,2,16,1
2023-05-08,2,16,2
2023-05-09,2,16,1
2023-05-10,2,16,1
2023-05-11,2,16,2
2023-05-12,2,16,3
2023-05-13,2,16,3
2023-05-14,2,16,2
2023-05-15,2,16,1
2023-05-16,2,16,2
2023-05-17,2,16,1
2023-05-18,2,16,1
2023-05-19,2,16,3
2023-05-20,2,16,2
2023-05-21,2,16,2
2023-05-22,2,16,2
2023-05-23,2,16,1
2023-05-24,2,16,2
2023-05-25,2,16,1
2023-05-26,2,16,2
2023-05-27,2,16,2
2023-05-28,2,16,2
2023-05-29,2,16,1
2023-05-30,2,16,2
2023-05-31,2,16,2
2023-06-01,2,16,2
2023-06-02,2,16,2
2023-06-03,2,16,2
2023-06-04,2,16,2
2023-06-05,2,16,2
2023-06-06,2,16,1
2023-06-07,2,16,1
2023-06-08,2,16,2
2023-06-09,2,16,1
2023-06-10,2,16,1
2023-06-11,2,16,2
2023-06-12,2,16,2
2023-06-13,2,16,1
2023-06-14,2,16,3
2023-06-15,2,16,1
2023-06-16,2,16,1
2023-06-17,2,16,3
2023-06-18,2,16,3
2023-06-19,2,16,3
2023-06-20,2,16,1
2023-06-21,2,16,2
2023-06-22,2,16,2
2023-06-23,2,16,1
2023-06-24,2,16,2
2023-06-25,2,16,1
2023-06-26,2,16,2
2023-06-27,2,16,3
2023-06-28,2,16,1
2023-06-29,2,16,2
2023-06-30,2,16,2
2023-07-01,2,16,2
2023-07-02,2,16,3
2023-07-03,2,16,1
2023-07-04,2,16,2
2023-07-05,2,16,1
2023-07-06,2,16,2
2023-07-07,2,16,3
2023-07-08,2,16,3
2023-07-09,2,16,2
2023-07-10,2,16,2
2023-07-11,2,16,2
2023-07-12,2,16,2
2023-07-13,2,16,1
2023-07-14,2,16,2
2023-07-15,2,16,2
2023-07-16,2,16,3
2023-07-17,2,16,1
2023-07-18,2,16,2
2023-07-19,2,16,2
2023-07-20,2,16,1
2023-07-21,2,16,3
2023-07-22,2,16,3
2023-07-23,2,16,2
2023-07-24,2,16,2
2023-07-25,2,16,1
2023-07-26,2,16,0
2023-07-27,2,16,2
2023-07-28,2,16,1
2023-07-29,2,16,2
2023-07-30,2,16,3
2023-07-31,2,16,1
2023-08-01,2,16,1
2023-08-02,2,16,3
2023-08-03,2,16,1
2023-08-04,2,16,3
2023-08-05,2,16,2
2023-08-06,2,16,2
2023-08-07,2,16,2
2023-08-08,2,16,2
2023-08-09,2,16,3
2023-08-10,2,16,2
2023-08-11,2,16,2
2023-08-12,2,16,1
2023-08-13,2,16,1
2023-08-14,2,16,2
2023-08-15,2,16,1
2023-08-16,2,16,2
2023-08-17,2,16,1
2023-08-18,2,16,2
2023-08-19,2,16,3
2023-08-20,2,16,2
2023-08-21,2,16,2
2023-08-22,2,16,3
2023-08-23,2,16,2
2023-08-24,2,16,1
2023-08-25,2,16,2
2023-08-26,2,16,3
2023-08-27,2,16,3
2023-08-28,2,16,2
2023-08-29,2,16,1
2023-08-30,2,16,2
2023-08-31,2,16,2
2023-09-01,2,16,2
2023-09-02,2,16,1
2023-09-03,2,16,2
2023-09-04,2,16,1
2023-09-05,2,16,2
2023-09-06,2,16,2
2023-09-07,2,16,3
2023-09-08,2,16,2
2023-09-09,2,16,1
2023-09-10,2,16,3
2023-09-11,2,16,1
2023-09-12,2,16,1
2023-09-13,2,16,2
2023-09-14,2,16,1
2023-09-15,2,16,1
2023-09-16,2,16,2
2023-09-17,2,16,2
2023-09-18,2,16,1
2023-09-19,2,16,2
2023-09-20,2,16,1
2023-09-21,2,16,2
2023-09-22,2,16,3
2023-09-23,2,16,3
2023-09-24,2,16,2
2023-09-25,2,16,2
2023-09-26,2,16,2
2023-09-27,2,16,1
2023-09-28,2,16,2
2023-09-29,2,16,1
2023-09-30,2,16,2
2023-10-01,2,16,2
2023-10-02,2,16,1
2023-10-03,2,16,2
2023-10-04,2,16,1
2023-10-05,2,16,2
2023-10-06,2,16,2
2023-10-07,2,16,3
2023-10-08,2,16,1
2023-10-09,2,16,2
2023-10-10,2,16,1
2023-10-11,2,16,1
2023-10-12,2,16,1
2023-10-13,2,16,2
2023-10-14,2,16,2
2023-10-15,2,16,2
2023-10-16,2,16,2
2023-10-17,2,16,1
2023-10-18,2,16,1
2023-10-19,2,16,2
2023-10-20,2,16,1
2023-10-21,2,16,2
2023-10-22,2,16,2
2023-10-23,2,16,2
2023-10-24,2,16,1
2023-10-25,2,16,2
2023-10-26,2,16,2
2023-10-27,2,16,2
2023-10-28,2,16,2
2023-10-29,2,16,1
2023-10-30,2,16,2
2023-10-31,2,16,2
2023-11-01,2,16,0
2023-11-02,2,16,3
2023-11-03,2,16,3
2023-11-04,2,16,2
2023-11-05,2,16,2
2023-11-06,2,16,3
2023-11-07,2,16,2
2023-11-08,2,16,2
2023-11-09,2,16,2
2023-11-10,2,16,1
2023-11-11,2,16,4
2023-11-12,2,16,3
2023-11-13,2,16,3
2023-11-14,2,16,2
2023-11-15,2,16,1
2023-11-16,2,16,3
2023-11-17,2,16,2
2023-11-18,2,16,1
2023-11-19,2,16,3
2023-11-20,2,16,2
2023-11-21,2,16,2
2023-11-22,2,16,2
2023-11-23,2,16,3
2023-11-24,2,16,2
2023-11-25,2,16,0
2023-11-26,2,16,3
2023-11-27,2,16,2
2023-11-28,2,16,2
2023-11-29,2,16,2
2023-11-30,2,16,1
2023-12-01,2,16,2
2023-12-02,2,16,2
2023-12-03,2,16,3
2023-12-04,2,16,1
2023-12-05,2,16,1
2023-12-06,2,16,1
2023-12-07,2,16,2
2023-12-08,2,16,3
2023-12-09,2,16,3
2023-12-10,2,16,3
2023-12-11,2,16,2
2023-12-12,2,16,3
2023-12-13,2,16,3
2023-12-14,2,16,2
2023-12-15,2,16,2
2023-12-16,2,16,4
2023-12-17,2,16,3
2023-12-18,2,16,3
2023-12-19,2,16,3
2023-12-20,2,16,2
2023-12-21,2,16,2
2023-12-22,2,16,1
2023-12-23,2,16,2
2023-12-24,2,16,3
2023-12-25,2,16,2
2023-12-26,2,16,2
2023-12-27,2,16,3
2023-12-28,2,16,2
2023-12-29,2,16,2
2023-12-30,2,16,3
2023-12-31,2,16,2
2023-01-01,2,17,6
2023-01-02,2,17,5
2023-01-03,2,17,5
2023-01-04,2,17,4
2023-01-05,2,17,7
2023-01-06,2,17,6
2023-01-07,2,17,6
2023-01-08,2,17,5
2023-01-09,2,17,5
2023-01-10,2,17,5
2023-01-11,2,17,4
2023-01-12,2,17,4
2023-01-13,2,17,6
2023-01-14,2,17,9
2023-01-15,2,17,6
2023-01-16,2,17,2
2023-01-17,2,17,4
2023-01-18,2,17,6
2023-01-19,2,17,4
2023-01-20,2,17,4
2023-01-21,2,17,7
2023-01-22,2,17,7
2023-01-23,2,17,5
2023-01-24,2,17,4
2023-01-25,2,17,4
2023-01-26,2,17,8
2023-01-27,2,17,7
2023-01-28,2,17,9
2023-01-29,2,17,6
2023-01-30,2,17,6
2023-01-31,2,17,3
2023-02-01,2,17,5
2023-02-02,2,17,6
2023-02-03,2,17,6
2023-02-04,2,17,8
2023-02-05,2,17,4
2023-02-06,2,17,5
2023-02-07,2,17,5
2023-02-08,2,17,6
2023-02-09,2,17,4
2023-02-10,2,17,8
2023-02-11,2,17,4
2023-02-12,2,17,6
2023-02-13,2,17,8
2023-02-14,2,17,5
2023-02-15,2,17,4
2023-02-16,2,17,6
2023-02-17,2,17,5
2023-02-18,2,17,5
2023-02-19,2,17,7
2023-02-20,2,17,4
2023-02-21,2,17,6
2023-02-22,2,17,6
2023-02-23,2,17,7
2023-02-24,2,17,5
2023-02-25,2,17,8
2023-02-26,2,17,5
2023-02-27,2,17,5
2023-02-28,2,17,4
2023-03-01,2,17,5
2023-03-02,2,17,4
2023-03-03,2,17,6
2023-03-04,2,17,6
2023-03-05,2,17,7
2023-03-06,2,17,3
2023-03-07,2,17,7
2023-03-08,2,17,6
2023-03-09,2,17,6
2023-03-10,2,17,7
2023-03-11,2,17,5
2023-03-12,2,17,8
2023-03-13,2,17,5
2023-03-14,2,17,4
2023-03-15,2,17,4
2023-03-16,2,17,5
2023-03-17,2,17,7
2023-03-18,2,17,8
2023-03-19,2,17,6
2023-03-20,2,17,6
2023-03-21,2,17,3
2023-03-22,2,17,6
2023-03-23,2,17,4
2023-03-24,2,17,7
2023-03-25,2,17,7
2023-03-26,2,17,6
2023-03-27,2,17,4
2023-03-28,2,17,9
2023-03-29,2,17,4
2023-03-30,2,17,5
2023-03-31,2,17,8
2023-04-01,2,17,7
2023-04-02,2,17,7
2023-04-03,2,17,4
2023-04-04,2,17,7
2023-04-05,2,17,7
2023-04-06,2,17,6
2023-04-07,2,17,10
2023-04-08,2,17,4
2023-04-09,2,17,8
2023-04-10,2,17,6
2023-04-11,2,17,6
2023-04-12,2,17,7
2023-04-13,2,17,6
2023-04-14,2,17,5
2023-04-15,2,17,6
2023-04-16,2,17,5
2023-04-17,2,17,6
2023-04-18,2,17,6
2023-04-19,2,17,8
2023-04-20,2,17,5
2023-04-21,2,17,4
2023-04-22,2,17,5
2023-04-23,2,17,8
2023-04-24,2,17,4
2023-04-25,2,17,4
2023-04-26,2,17,7
2023-04-27,2,17,6
2023-04-28,2,17,6
2023-04-29,2,17,10
2023-04-30,2,17,7
2023-05-01,2,17,6
2023-05-02,2,17,9
2023-05-03,2,17,5
2023-05-04,2,17,7
2023-05-05,2,17,7
2023-05-06,2,17,8
2023-05-07,2,17,8
2023-05-08,2,17,9
2023-05-09,2,17,6
2023-05-10,2,17,6
2023-05-11,2,17,6
2023-05-12,2,17,6
2023-05-13,2,17,6
2023-05-14,2,17,6
2023-05-15,2,17,5
2023-05-16,2,17,4
2023-05-17,2,17,6
2023-05-18,2,17,7
2023-05-19,2,17,4
2023-05-20,2,17,5
2023-05-21,2,17,6
2023-05-22,2,17,7
2023-05-23,2,17,6
2023-05-24,2,17,5
2023-05-25,2,17,7
2023-05-26,2,17,5
2023-05-27,2,17,3
2023-05-28,2,17,10
2023-05-29,2,17,5
2023-05-30,2,17,8
2023-05-31,2,17,6
2023-06-01,2,17,8
2023-06-02,2,17,7
2023-06-03,2,17,7
2023-06-04,2,17,11
2023-06-05,2,17,5
2023-06-06,2,17,9
2023-06-07,2,17,4
2023-06-08,2,17,7
2023-06-09,2,17,3
2023-06-10,2,17,11
2023-06-11,2,17,5
2023-06-12,2,17,5
2023-06-13,2,17,6
2023-06-14,2,17,7
2023-06-15,2,17,7
2023-06-16,2,17,7
2023-06-17,2,17,8
2023-06-18,2,17,7
2023-06-19,2,17,5
2023-06-20,2,17,7
2023-06-21,2,17,7
2023-06-22,2,17,8
2023-06-23,2,17,7
2023-06-24,2,17,8
2023-06-25,2,17,4
2023-06-26,2,17,7
2023-06-27,2,17,7
2023-06-28,2,17,5
2023-06-29,2,17,5
2023-06-30,2,17,6
2023-07-01,2,17,10
2023-07-02,2,17,8
2023-07-03,2,17,4
2023-07-04,2,17,5
2023-07-05,2,17,7
2023-07-06,2,17,10
2023-07-07,2,17,2
2023-07-08,2,17,8
2023-07-09,2,17,11
2023-07-10,2,17,7
2023-07-11,2,17,6
2023-07-12,2,17,6
2023-07-13,2,17,8
2023-07-14,2,17,10
2023-07-15,2,17,5
2023-07-16,2,17,6
2023-07-17,2,17,9
2023-07-18,2,17,6
2023-07-19,2,17,8
2023-07-20,2,17,8
2023-07-21,2,17,5
2023-07-22,2,17,6
2023-07-23,2,17,8
2023-07-24,2,17,8
2023-07-25,2,17,8
2023-07-26,2,17,4
2023-07-27,2,17,7
2023-07-28,2,17,10
2023-07-29,2,17,11
2023-07-30,2,17,6
2023-07-31,2,17,9
2023-08-01,2,17,6
2023-08-02,2,17,7
2023-08-03,2,17,10
2023-08-04,2,17,10
2023-08-05,2,17,4
2023-08-06,2,17,9
2023-08-07,2,17,3
2023-08-08,2,17,6
2023-08-09,2,17,7
2023-08-10,2,17,7
2023-08-11,2,17,5
2023-08-12,2,17,12
2023-08-13,2,17,8
2023-08-14,2,17,7
2023-08-15,2,17,11
2023-08-16,2,17,10
2023-08-17,2,17,8
2023-08-18,2,17,8
2023-08-19,2,17,6
2023-08-20,2,17,7
2023-08-21,2,17,4
2023-08-22,2,17,8
2023-08-23,2,17,9
2023-08-24,2,17,7
2023-08-25,2,17,5
2023-08-26,2,17,10
2023-08-27,2,17,7
2023-08-28,2,17,5
2023-08-29,2,17,10
2023-08-30,2,17,9
2023-08-31,2,17,8
2023-09-01,2,17,8
2023-09-02,2,17,10
2023-09-03,2,17,11
2023-09-04,2,17,8
2023-09-05,2,17,10
2023-09-06,2,17,4
2023-09-07,2,17,6
2023-09-08,2,17,7
2023-09-09,2,17,8
2023-09-10,2,17,6
2023-09-11,2,17,6
2023-09-12,2,17,8
2023-09-13,2,17,7
2023-09-14,2,17,9
2023-09-15,2,17,7
2023-09-16,2,17,6
2023-09-17,2,17,8
2023-09-18,2,17,7
2023-09-19,2,17,9
2023-09-20,2,17,7
2023-09-21,2,17,9
2023-09-22,2,17,11
2023-09-23,2,17,8
2023-09-24,2,17,9
2023-09-25,2,17,4
2023-09-26,2,17,8
2023-09-27,2,17,7
2023-09-28,2,17,11
2023-09-29,2,17,8
2023-09-30,2,17,6
2023-10-01,2,17,9
2023-10-02,2,17,4
2023-10-03,2,17,4
2023-10-04,2,17,4
2023-10-05,2,17,6
2023-10-06,2,17,7
2023-10-07,2,17,11
2023-10-08,2,17,7
2023-10-09,2,17,6
2023-10-10,2,17,4
2023-10-11,2,17,6
2023-10-12,2,17,9
2023-10-13,2,17,5
2023-10-14,2,17,5
2023-10-15,2,17,7
2023-10-16,2,17,4
2023-10-17,2,17,6
2023-10-18,2,17,7
2023-10-19,2,17,6
2023-10-20,2,17,7
2023-10-21,2,17,8
2023-10-22,2,17,5
2023-10-23,2,17,8
2023-10-24,2,17,6
2023-10-25,2,17,8
2023-10-26,2,17,4
2023-10-27,2,17,9
2023-10-28,2,17,8
2023-10-29,2,17,5
2023-10-30,2,17,9
2023-10-31,2,17,4
2023-11-01,2,17,9
2023-11-02,2,17,10
2023-11-03,2,17,5
2023-11-04,2,17,10
2023-11-05,2,17,11
2023-11-06,2,17,4
2023-11-07,2,17,7
2023-11-08,2,17,8
2023-11-09,2,17,8
2023-11-10,2,17,7
2023-11-11,2,17,8
2023-11-12,2,17,7
2023-11-13,2,17,8
2023-11-14,2,17,7
2023-11-15,2,17,10
2023-11-16,2,17,5
2023-11-17,2,17,8
2023-11-18,2,17,11
2023-11-19,2,17,6
2023-11-20,2,17,5
2023-11-21,2,17,5
2023-11-22,2,17,6
2023-11-23,2,17,6
2023-11-24,2,17,5
2023-11-25,2,17,9
2023-11-26,2,17,9
2023-11-27,2,17,8
2023-11-28,2,17,6
2023-11-29,2,17,5
2023-11-30,2,17,9
2023-12-01,2,17,8
2023-12-02,2,17,10
2023-12-03,2,17,9
2023-12-04,2,17,7
2023-12-05,2,17,8
2023-12-06,2,17,7
2023-12-07,2,17,8
2023-12-08,2,17,13
2023-12-09,2,17,11
2023-12-10,2,17,4
2023-12-11,2,17,6
2023-12-12,2,17,7
2023-12-13,2,17,11
2023-12-14,2,17,7
2023-12-15,2,17,13
2023-12-16,2,17,10
2023-12-17,2,17,14
2023-12-18,2,17,11
2023-12-19,2,17,4
2023-12-20,2,17,9
2023-12-21,2,17,8
2023-12-22,2,17,6
2023-12-23,2,17,11
2023-12-24,2,17,9
2023-12-25,2,17,7
2023-12-26,2,17,6
2023-12-27,2,17,8
2023-12-28,2,17,10
2023-12-29,2,17,13
2023-12-30,2,17,8
2023-12-31,2,17,8
2023-01-01,2,18,1
2023-01-02,2,18,1
2023-01-03,2,18,1
2023-01-04,2,18,1
2023-01-05,2,18,1
2023-01-06,2,18,1
2023-01-07,2,18,1
2023-01-08,2,18,1
2023-01-09,2,18,1
2023-01-10,2,18,1
2023-01-11,2,18,1
2023-01-12,2,18,1
2023-01-13,2,18,1
2023-01-14,2,18,1
2023-01-15,2,18,1
2023-01-16,2,18,0
2023-01-17,2,18,0
2023-01-18,2,18,1
2023-01-19,2,18,1
2023-01-20,2,18,1
2023-01-21,2,18,2
2023-01-22,2,18,1
2023-01-23,2,18,1
2023-01-24,2,18,1
2023-01-25,2,18,1
2023-01-26,2,18,1
2023-01-27,2,18,1
2023-01-28,2,18,2
2023-01-29,2,18,1
2023-01-30,2,18,1
2023-01-31,2,18,1
2023-02-01,2,18,1
2023-02-02,2,18,1
2023-02-03,2,18,1
2023-02-04,2,18,1
2023-02-05,2,18,1
2023-02-06,2,18,1
2023-02-07,2,18,1
2023-02-08,2,18,0
2023-02-09,2,18,0
2023-02-10,2,18,1
2023-02-11,2,18,2
2023-02-12,2,18,2
2023-02-13,2,18,1
2023-02-14,2,18,1
2023-02-15,2,18,1
2023-02-16,2,18,1
2023-02-17,2,18,1
2023-02-18,2,18,1
2023-02-19,2,18,1
2023-02-20,2,18,1
2023-02-21,2,18,0
2023-02-22,2,18,1
2023-02-23,2,18,1
2023-02-24,2,18,1
2023-02-25,2,18,1
2023-02-26,2,18,1
2023-02-27,2,18,1
2023-02-28,2,18,1
2023-03-01,2,18,1
2023-03-02,2,18,1
2023-03-03,2,18,2
2023-03-04,2,18,1
2023-03-05,2,18,1
2023-03-06,2,18,1
2023-03-07,2,18,1
2023-03-08,2,18,1
2023-03-09,2,18,0
2023-03-10,2,18,1
2023-03-11,2,18,2
2023-03-12,2,18,1
2023-03-13,2,18,1
2023-03-14,2,18,1
2023-03-15,2,18,1
2023-03-16,2,18,1
2023-03-17,2,18,2
2023-03-18,2,18,1
2023-03-19,2,18,1
2023-03-20,2,18,1
2023-03-21,2,18,2
2023-03-22,2,18,1
2023-03-23,2,18,1
2023-03-24,2,18,1
2023-03-25,2,18,1
2023-03-26,2,18,1
2023-03-27,2,18,1
2023-03-28,2,18,1
2023-03-29,2,18,1
2023-03-30,2,18,1
2023-03-31,2,18,1
2023-04-01,2,18,2
2023-04-02,2,18,2
2023-04-03,2,18,1
2023-04-04,2,18,2
2023-04-05,2,18,1
2023-04-06,2,18,1
2023-04-07,2,18,1
2023-04-08,2,18,1
2023-04-09,2,18,1
2023-04-10,2,18,1
2023-04-11,2,18,2
2023-04-12,2,18,1
2023-04-13,2,18,1
2023-04-14,2,18,1
2023-04-15,2,18,1
2023-04-16,2,18,2
2023-04-17,2,18,1
2023-04-18,2,18,0
2023-04-19,2,18,1
2023-04-20,2,18,1
2023-04-21,2,18,2
2023-04-22,2,18,2
2023-04-23,2,18,2
2023-04-24,2,18,1
2023-04-25,2,18,1
2023-04-26,2,18,1
2023-04-27,2,18,1
2023-04-28,2,18,1
2023-04-29,2,18,1
2023-04-30,2,18,1
2023-05-01,2,18,1
2023-05-02,2,18,2
2023-05-03,2,18,0
2023-05-04,2,18,1
2023-05-05,2,18,2
2023-05-06,2,18,1
2023-05-07,2,18,2
2023-05-08,2,18,1
2023-05-09,2,18,0
2023-05-10,2,18,1
2023-05-11,2,18,1
2023-05-12,2,18,2
2023-05-13,2,18,1
2023-05-14,2,18,2
2023-05-15,2,18,1
2023-05-16,2,18,2
2023-05-17,2,18,1
2023-05-18,2,18,1
2023-05-19,2,18,1
2023-05-20,2,18,1
2023-05-21,2,18,1
2023-05-22,2,18,1
2023-05-23,2,18,1
2023-05-24,2,18,2
2023-05-25,2,18,1
2023-05-26,2,18,2
2023-05-27,2,18,2
2023-05-28,2,18,1
2023-05-29,2,18,1
2023-05-30,2,18,1
2023-05-31,2,18,1
2023-06-01,2,18,1
2023-06-02,2,18,2
2023-06-03,2,18,2
2023-06-04,2,18,2
2023-06-05,2,18,1
2023-06-06,2,18,1
2023-06-07,2,18,1
2023-06-08,2,18,1
2023-06-09,2,18,1
2023-06-10,2,18,1
2023-06-11,2,18,2
2023-06-12,2,18,1
2023-06-13,2,18,1
2023-06-14,2,18,1
2023-06-15,2,18,1
2023-06-16,2,18,1
2023-06-17,2,18,1
2023-06-18,2,18,1
2023-06-19,2,18,1
2023-06-20,2,18,1
2023-06-21,2,18,1
2023-06-22,2,18,0
2023-06-23,2,18,1
2023-06-24,2,18,0
2023-06-25,2,18,2
2023-06-26,2,18,2
2023-06-27,2,18,1
2023-06-28,2,18,2
2023-06-29,2,18,1
2023-06-30,2,18,2
2023-07-01,2,18,2
2023-07-02,2,18,2
2023-07-03,2,18,1
2023-07-04,2,18,1
2023-07-05,2,18,1
2023-07-06,2,18,2
2023-07-07,2,18,2
2023-07-08,2,18,2
2023-07-09,2,18,2
2023-07-10,2,18,2
2023-07-11,2,18,1
2023-07-12,2,18,0
2023-07-13,2,18,1
2023-07-14,2,18,1
2023-07-15,2,18,1
2023-07-16,2,18,2
2023-07-17,2,18,2
2023-07-18,2,18,1
2023-07-19,2,18,1
2023-07-20,2,18,1
2023-07-21,2,18,1
2023-07-22,2,18,2
2023-07-23,2,18,2
2023-07-24,2,18,1
2023-07-25,2,18,1
2023-07-26,2,18,1
2023-07-27,2,18,1
2023-07-28,2,18,2
2023-07-29,2,18,3
2023-07-30,2,18,2
2023-07-31,2,18,1
2023-08-01,2,18,1
2023-08-02,2,18,2
2023-08-03,2,18,2
2023-08-04,2,18,0
2023-08-05,2,18,2
2023-08-06,2,18,3
2023-08-07,2,18,1
2023-08-08,2,18,2
2023-08-09,2,18,1
2023-08-10,2,18,2
2023-08-11,2,18,2
2023-08-12,2,18,2
2023-08-13,2,18,3
2023-08-14,2,18,1
2023-08-15,2,18,2
2023-08-16,2,18,1
2023-08-17,2,18,1
2023-08-18,2,18,1
2023-08-19,2,18,2
2023-08-20,2,18,2
2023-08-21,2,18,2
2023-08-22,2,18,2
2023-08-23,2,18,1
2023-08-24,2,18,2
2023-08-25,2,18,1
2023-08-26,2,18,1
2023-08-27,2,18,1
2023-08-28,2,18,2
2023-08-29,2,18,2
2023-08-30,2,18,1
2023-08-31,2,18,2
2023-09-01,2,18,2
2023-09-02,2,18,1
2023-09-03,2,18,1
2023-09-04,2,18,1
2023-09-05,2,18,1
2023-09-06,2,18,0
2023-09-07,2,18,1
2023-09-08,2,18,1
2023-09-09,2,18,2
2023-09-10,2,18,2
2023-09-11,2,18,1
2023-09-12,2,18,2
2023-09-13,2,18,1
2023-09-14,2,18,2
2023-09-15,2,18,2
2023-09-16,2,18,3
2023-09-17,2,18,2
2023-09-18,2,18,1
2023-09-19,2,18,1
2023-09-20,2,18,3
2023-09-21,2,18,2
2023-09-22,2,18,1
2023-09-23,2,18,1
2023-09-24,2,18,2
2023-09-25,2,18,1
2023-09-26,2,18,2
2023-09-27,2,18,1
2023-09-28,2,18,1
2023-09-29,2,18,1
2023-09-30,2,18,3
2023-10-01,2,18,1
2023-10-02,2,18,1
2023-10-03,2,18,2
2023-10-04,2,18,1
2023-10-05,2,18,1
2023-10-06,2,18,2
2023-10-07,2,18,2
2023-10-08,2,18,2
2023-10-09,2,18,1
2023-10-10,2,18,1
2023-10-11,2,18,0
2023-10-12,2,18,2
2023-10-13,2,18,1
2023-10-14,2,18,1
2023-10-15,2,18,1
2023-10-16,2,18,2
2023-10-17,2,18,1
2023-10-18,2,18,1
2023-10-19,2,18,2
2023-10-20,2,18,2
2023-10-21,2,18,2
2023-10-22,2,18,2
2023-10-23,2,18,1
2023-10-24,2,18,1
2023-10-25,2,18,0
2023-10-26,2,18,1
2023-10-27,2,18,1
2023-10-28,2,18,2
2023-10-29,2,18,2
2023-10-30,2,18,1
2023-10-31,2,18,1
2023-11-01,2,18,2
2023-11-02,2,18,2
2023-11-03,2,18,2
2023-11-04,2,18,2
2023-11-05,2,18,2
2023-11-06,2,18,2
2023-11-07,2,18,2
2023-11-08,2,18,2
2023-11-09,2,18,2
2023-11-10,2,18,2
2023-11-11,2,18,2
2023-11-12,2,18,2
2023-11-13,2,18,2
2023-11-14,2,18,2
2023-11-15,2,18,2
2023-11-16,2,18,2
2023-11-17,2,18,1
2023-11-18,2,18,1
2023-11-19,2,18,2
2023-11-20,2,18,1
2023-11-21,2,18,1
2023-11-22,2,18,1
2023-11-23,2,18,1
2023-11-24,2,18,2
2023-11-25,2,18,2
2023-11-26,2,18,2
2023-11-27,2,18,1
2023-11-28,2,18,1
2023-11-29,2,18,1
2023-11-30,2,18,1
2023-12-01,2,18,2
2023-12-02,2,18,1
2023-12-03,2,18,2
2023-12-04,2,18,2
2023-12-05,2,18,1
2023-12-06,2,18,1
2023-12-07,2,18,2
2023-12-08,2,18,2
2023-12-09,2,18,1
2023-12-10,2,18,2
2023-12-11,2,18,2
2023-12-12,2,18,2
2023-12-13,2,18,1
2023-12-14,2,18,1
2023-12-15,2,18,1
2023-12-16,2,18,3
2023-12-17,2,18,2
2023-12-18,2,18,2
2023-12-19,2,18,1
2023-12-20,2,18,2
2023-12-21,2,18,2
2023-12-22,2,18,2
2023-12-23,2,18,2
2023-12-24,2,18,2
2023-12-25,2,18,1
2023-12-26,2,18,1
2023-12-27,2,18,1
2023-12-28,2,18,2
2023-12-29,2,18,2
2023-12-30,2,18,1
2023-12-31,2,18,2
2023-01-01,2,19,3
2023-01-02,2,19,2
2023-01-03,2,19,4
2023-01-04,2,19,3
2023-01-05,2,19,4
2023-01-06,2,19,4
2023-01-07,2,19,4
2023-01-08,2,19,3
2023-01-09,2,19,3
2023-01-10,2,19,2
2023-01-11,2,19,2
2023-01-12,2,19,4
2023-01-13,2,19,4
2023-01-14,2,19,4
2023-01-15,2,19,4
2023-01-16,2,19,4
2023-01-17,2,19,2
2023-01-18,2,19,5
2023-01-19,2,19,1
2023-01-20,2,19,4
2023-01-21,2,19,4
2023-01-22,2,19,4
2023-01-23,2,19,1
2023-01-24,2,19,1
2023-01-25,2,19,2
2023-01-26,2,19,2
2023-01-27,2,19,4
2023-01-28,2,19,5
2023-01-29,2,19,3
2023-01-30,2,19,3
2023-01-31,2,19,3
2023-02-01,2,19,2
2023-02-02,2,19,3
2023-02-03,2,19,2
2023-02-04,2,19,5
2023-02-05,2,19,2
2023-02-06,2,19,4
2023-02-07,2,19,3
2023-02-08,2,19,3
2023-02-09,2,19,4
2023-02-10,2,19,5
2023-02-11,2,19,4
2023-02-12,2,19,5
2023-02-13,2,19,4
2023-02-14,2,19,3
2023-02-15,2,19,0
2023-02-16,2,19,4
2023-02-17,2,19,4
2023-02-18,2,19,3
2023-02-19,2,19,4
2023-02-20,2,19,4
2023-02-21,2,19,3
2023-02-22,2,19,3
2023-02-23,2,19,2
2023-02-24,2,19,3
2023-02-25,2,19,7
2023-02-26,2,19,3
2023-02-27,2,19,3
2023-02-28,2,19,2
2023-03-01,2,19,5
2023-03-02,2,19,4
2023-03-03,2,19,3
2023-03-04,2,19,3
2023-03-05,2,19,5
2023-03-06,2,19,4
2023-03-07,2,19,3
2023-03-08,2,19,4
2023-03-09,2,19,4
2023-03-10,2,19,4
2023-03-11,2,19,4
2023-03-12,2,19,3
2023-03-13,2,19,3
2023-03-14,2,19,3
2023-03-15,2,19,3
2023-03-16,2,19,2
2023-03-17,2,19,4
2023-03-18,2,19,5
2023-03-19,2,19,4
2023-03-20,2,19,3
2023-03-21,2,19,4
2023-03-22,2,19,4
2023-03-23,2,19,4
2023-03-24,2,19,4
2023-03-25,2,19,4
2023-03-26,2,19,4
2023-03-27,2,19,4
2023-03-28,2,19,3
2023-03-29,2,19,2
2023-03-30,2,19,3
2023-03-31,2,19,3
2023-04-01,2,19,3
2023-04-02,2,19,4
2023-04-03,2,19,5
2023-04-04,2,19,3
2023-04-05,2,19,5
2023-04-06,2,19,5
2023-04-07,2,19,3
2023-04-08,2,19,5
2023-04-09,2,19,4
2023-04-10,2,19,3
2023-04-11,2,19,3
2023-04-12,2,19,3
2023-04-13,2,19,4
2023-04-14,2,19,4
2023-04-15,2,19,6
2023-04-16,2,19,4
2023-04-17,2,19,4
2023-04-18,2,19,3
2023-04-19,2,19,3
2023-04-20,2,19,3
2023-04-21,2,19,4
2023-04-22,2,19,5
2023-04-23,2,19,4
2023-04-24,2,19,4
2023-04-25,2,19,2
2023-04-26,2,19,2
2023-04-27,2,19,4
2023-04-28,2,19,5
2023-04-29,2,19,4
2023-04-30,2,19,5
2023-05-01,2,19,4
2023-05-02,2,19,3
2023-05-03,2,19,4
2023-05-04,2,19,3
2023-05-05,2,19,5
2023-05-06,2,19,5
2023-05-07,2,19,5
2023-05-08,2,19,4
2023-05-09,2,19,3
2023-05-10,2,19,3
2023-05-11,2,19,5
2023-05-12,2,19,3
2023-05-13,2,19,4
2023-05-14,2,19,5
2023-05-15,2,19,1
2023-05-16,2,19,6
2023-05-17,2,19,5
2023-05-18,2,19,4
2023-05-19,2,19,6
2023-05-20,2,19,3
2023-05-21,2,19,2
2023-05-22,2,19,4
2023-05-23,2,19,1
2023-05-24,2,19,4
2023-05-25,2,19,4
2023-05-26,2,19,2
2023-05-27,2,19,5
2023-05-28,2,19,2
2023-05-29,2,19,4
2023-05-30,2,19,2
2023-05-31,2,19,5
2023-06-01,2,19,3
2023-06-02,2,19,3
2023-06-03,2,19,6
2023-06-04,2,19,7
2023-06-05,2,19,2
2023-06-06,2,19,5
2023-06-07,2,19,3
2023-06-08,2,19,4
2023-06-09,2,19,4
2023-06-10,2,19,2
2023-06-11,2,19,3
2023-06-12,2,19,5
2023-06-13,2,19,2
2023-06-14,2,19,3
2023-06-15,2,19,4
2023-06-16,2,19,7
2023-06-17,2,19,6
2023-06-18,2,19,4
2023-06-19,2,19,4
2023-06-20,2,19,5
2023-06-21,2,19,3
2023-06-22,2,19,0
2023-06-23,2,19,6
2023-06-24,2,19,5
2023-06-25,2,19,3
2023-06-26,2,19,4
2023-06-27,2,19,4
2023-06-28,2,19,4
2023-06-29,2,19,3
2023-06-30,2,19,3
2023-07-01,2,19,4
2023-07-02,2,19,6
2023-07-03,2,19,2
2023-07-04,2,19,1
2023-07-05,2,19,5
2023-07-06,2,19,3
2023-07-07,2,19,5
2023-07-08,2,19,7
2023-07-09,2,19,2
2023-07-10,2,19,3
2023-07-11,2,19,3
2023-07-12,2,19,4
2023-07-13,2,19,3
2023-07-14,2,19,3
2023-07-15,2,19,3
2023-07-16,2,19,3
2023-07-17,2,19,5
2023-07-18,2,19,4
2023-07-19,2,19,5
2023-07-20,2,19,5
2023-07-21,2,19,4
2023-07-22,2,19,6
2023-07-23,2,19,5
2023-07-24,2,19,4
2023-07-25,2,19,2
2023-07-26,2,19,4
2023-07-27,2,19,4
2023-07-28,2,19,4
2023-07-29,2,19,2
2023-07-30,2,19,4
2023-07-31,2,19,4
2023-08-01,2,19,4
2023-08-02,2,19,4
2023-08-03,2,19,6
2023-08-04,2,19,4
2023-08-05,2,19,6
2023-08-06,2,19,2
2023-08-07,2,19,5
2023-08-08,2,19,4
2023-08-09,2,19,5
2023-08-10,2,19,4
2023-08-11,2,19,6
2023-08-12,2,19,4
2023-08-13,2,19,3
2023-08-14,2,19,5
2023-08-15,2,19,3
2023-08-16,2,19,4
2023-08-17,2,19,8
2023-08-18,2,19,4
2023-08-19,2,19,8
2023-08-20,2,19,4
2023-08-21,2,19,3
2023-08-22,2,19,5
2023-08-23,2,19,4
2023-08-24,2,19,6
2023-08-25,2,19,6
2023-08-26,2,19,5
2023-08-27,2,19,5
2023-08-28,2,19,5
2023-08-29,2,19,4
2023-08-30,2,19,3
2023-08-31,2,19,4
2023-09-01,2,19,6
2023-09-02,2,19,5
2023-09-03,2,19,3
2023-09-04,2,19,5
2023-09-05,2,19,3
2023-09-06,2,19,4
2023-09-07,2,19,5
2023-09-08,2,19,5
2023-09-09,2,19,6
2023-09-10,2,19,4
2023-09-11,2,19,5
2023-09-12,2,19,3
2023-09-13,2,19,2
2023-09-14,2,19,4
2023-09-15,2,19,5
2023-09-16,2,19,3
2023-09-17,2,19,3
2023-09-18,2,19,5
2023-09-19,2,19,4
2023-09-20,2,19,3
2023-09-21,2,19,5
2023-09-22,2,19,5
2023-09-23,2,19,7
2023-09-24,2,19,5
2023-09-25,2,19,6
2023-09-26,2,19,3
2023-09-27,2,19,4
2023-09-28,2,19,3
2023-09-29,2,19,5
2023-09-30,2,19,5
2023-10-01,2,19,5
2023-10-02,2,19,3
2023-10-03,2,19,3
2023-10-04,2,19,1
2023-10-05,2,19,3
2023-10-06,2,19,5
2023-10-07,2,19,5
2023-10-08,2,19,4
2023-10-09,2,19,6
2023-10-10,2,19,4
2023-10-11,2,19,3
2023-10-12,2,19,3
2023-10-13,2,19,4
2023-10-14,2,19,4
2023-10-15,2,19,4
2023-10-16,2,19,4
2023-10-17,2,19,3
2023-10-18,2,19,4
2023-10-19,2,19,3
2023-10-20,2,19,4
2023-10-21,2,19,3
2023-10-22,2,19,1
2023-10-23,2,19,4
2023-10-24,2,19,4
2023-10-25,2,19,3
2023-10-26,2,19,3
2023-10-27,2,19,4
2023-10-28,2,19,5
2023-10-29,2,19,4
2023-10-30,2,19,2
2023-10-31,2,19,2
2023-11-01,2,19,3
2023-11-02,2,19,4
2023-11-03,2,19,6
2023-11-04,2,19,5
2023-11-05,2,19,7
2023-11-06,2,19,4
2023-11-07,2,19,4
2023-11-08,2,19,3
2023-11-09,2,19,2
2023-11-10,2,19,3
2023-11-11,2,19,3
2023-11-12,2,19,4
2023-11-13,2,19,3
2023-11-14,2,19,6
2023-11-15,2,19,4
2023-11-16,2,19,6
2023-11-17,2,19,6
2023-11-18,2,19,9
2023-11-19,2,19,4
2023-11-20,2,19,3
2023-11-21,2,19,4
2023-11-22,2,19,4
2023-11-23,2,19,4
2023-11-24,2,19,4
2023-11-25,2,19,8
2023-11-26,2,19,8
2023-11-27,2,19,5
2023-11-28,2,19,4
2023-11-29,2,19,6
2023-11-30,2,19,4
2023-12-01,2,19,5
2023-12-02,2,19,4
2023-12-03,2,19,6
2023-12-04,2,19,4
2023-12-05,2,19,4
2023-12-06,2,19,5
2023-12-07,2,19,2
2023-12-08,2,19,5
2023-12-09,2,19,7
2023-12-10,2,19,5
2023-12-11,2,19,4
2023-12-12,2,19,5
2023-12-13,2,19,4
2023-12-14,2,19,5
2023-12-15,2,19,5
2023-12-16,2,19,6
2023-12-17,2,19,5
2023-12-18,2,19,5
2023-12-19,2,19,5
2023-12-20,2,19,5
2023-12-21,2,19,2
2023-12-22,2,19,8
2023-12-23,2,19,5
2023-12-24,2,19,6
2023-12-25,2,19,3
2023-12-26,2,19,5
2023-12-27,2,19,6
2023-12-28,2,19,3
2023-12-29,2,19,4
2023-12-30,2,19,8
2023-12-31,2,19,5
2023-01-01,2,20,7
2023-01-02,2,20,4
2023-01-03,2,20,4
2023-01-04,2,20,5
2023-01-05,2,20,4
2023-01-06,2,20,7
2023-01-07,2,20,6
2023-01-08,2,20,3
2023-01-09,2,20,4
2023-01-10,2,20,4
2023-01-11,2,20,2
2023-01-12,2,20,4
2023-01-13,2,20,4
2023-01-14,2,20,4
2023-01-15,2,20,4
2023-01-16,2,20,5
2023-01-17,2,20,3
2023-01-18,2,20,4
2023-01-19,2,20,6
2023-01-20,2,20,5
2023-01-21,2,20,8
2023-01-22,2,20,5
2023-01-23,2,20,3
2023-01-24,2,20,5
2023-01-25,2,20,4
2023-01-26,2,20,4
2023-01-27,2,20,6
2023-01-28,2,20,4
2023-01-29,2,20,7
2023-01-30,2,20,4
2023-01-31,2,20,5
2023-02-01,2,20,4
2023-02-02,2,20,4
2023-02-03,2,20,6
2023-02-04,2,20,6
2023-02-05,2,20,4
2023-02-06,2,20,3
2023-02-07,2,20,4
2023-02-08,2,20,2
2023-02-09,2,20,4
2023-02-10,2,20,5
2023-02-11,2,20,7
2023-02-12,2,20,3
2023-02-13,2,20,5
2023-02-14,2,20,2
2023-02-15,2,20,5
2023-02-16,2,20,6
2023-02-17,2,20,3
2023-02-18,2,20,7
2023-02-19,2,20,5
2023-02-20,2,20,4
2023-02-21,2,20,5
2023-02-22,2,20,4
2023-02-23,2,20,5
2023-02-24,2,20,5
2023-02-25,2,20,6
2023-02-26,2,20,7
2023-02-27,2,20,6
2023-02-28,2,20,5
2023-03-01,2,20,5
2023-03-02,2,20,7
2023-03-03,2,20,7
2023-03-04,2,20,4
2023-03-05,2,20,6
2023-03-06,2,20,4
2023-03-07,2,20,4
2023-03-08,2,20,5
2023-03-09,2,20,4
2023-03-10,2,20,6
2023-03-11,2,20,5
2023-03-12,2,20,6
2023-03-13,2,20,4
2023-03-14,2,20,4
2023-03-15,2,20,3
2023-03-16,2,20,4
2023-03-17,2,20,3
2023-03-18,2,20,5
2023-03-19,2,20,6
2023-03-20,2,20,4
2023-03-21,2,20,4
2023-03-22,2,20,2
2023-03-23,2,20,4
2023-03-24,2,20,5
2023-03-25,2,20,6
2023-03-26,2,20,4
2023-03-27,2,20,3
2023-03-28,2,20,6
2023-03-29,2,20,7
2023-03-30,2,20,2
2023-03-31,2,20,6
2023-04-01,2,20,4
2023-04-02,2,20,4
2023-04-03,2,20,6
2023-04-04,2,20,4
2023-04-05,2,20,7
2023-04-06,2,20,7
2023-04-07,2,20,6
2023-04-08,2,20,6
2023-04-09,2,20,2
2023-04-10,2,20,5
2023-04-11,2,20,8
2023-04-12,2,20,2
2023-04-13,2,20,5
2023-04-14,2,20,3
2023-04-15,2,20,8
2023-04-16,2,20,7
2023-04-17,2,20,3
2023-04-18,2,20,4
2023-04-19,2,20,6
2023-04-20,2,20,6
2023-04-21,2,20,6
2023-04-22,2,20,3
2023-04-23,2,20,6
2023-04-24,2,20,5
2023-04-25,2,20,5
2023-04-26,2,20,4
2023-04-27,2,20,4
2023-04-28,2,20,6
2023-04-29,2,20,7
2023-04-30,2,20,4
2023-05-01,2,20,5
2023-05-02,2,20,3
2023-05-03,2,20,2
2023-05-04,2,20,5
2023-05-05,2,20,4
2023-05-06,2,20,6
2023-05-07,2,20,7
2023-05-08,2,20,4
2023-05-09,2,20,4
2023-05-10,2,20,5
2023-05-11,2,20,7
2023-05-12,2,20,9
2023-05-13,2,20,9
2023-05-14,2,20,7
2023-05-15,2,20,5
2023-05-16,2,20,4
2023-05-17,2,20,4
2023-05-18,2,20,3
2023-05-19,2,20,5
2023-05-20,2,20,7
2023-05-21,2,20,6
2023-05-22,2,20,8
2023-05-23,2,20,4
2023-05-24,2,20,5
2023-05-25,2,20,6
2023-05-26,2,20,6
2023-05-27,2,20,5
2023-05-28,2,20,7
2023-05-29,2,20,3
2023-05-30,2,20,5
2023-05-31,2,20,6
2023-06-01,2,20,5
2023-06-02,2,20,6
2023-06-03,2,20,6
2023-06-04,2,20,4
2023-06-05,2,20,5
2023-06-06,2,20,4
2023-06-07,2,20,3
2023-06-08,2,20,1
2023-06-09,2,20,8
2023-06-10,2,20,7
2023-06-11,2,20,5
2023-06-12,2,20,7
2023-06-13,2,20,3
2023-06-14,2,20,5
2023-06-15,2,20,2
2023-06-16,2,20,1
2023-06-17,2,20,6
2023-06-18,2,20,5
2023-06-19,2,20,7
2023-06-20,2,20,6
2023-06-21,2,20,4
2023-06-22,2,20,5
2023-06-23,2,20,7
2023-06-24,2,20,6
2023-06-25,2,20,8
2023-06-26,2,20,7
2023-06-27,2,20,7
2023-06-28,2,20,5
2023-06-29,2,20,5
2023-06-30,2,20,6
2023-07-01,2,20,4
2023-07-02,2,20,12
2023-07-03,2,20,6
2023-07-04,2,20,5
2023-07-05,2,20,6
2023-07-06,2,20,7
2023-07-07,2,20,7
2023-07-08,2,20,8
2023-07-09,2,20,5
2023-07-10,2,20,7
2023-07-11,2,20,3
2023-07-12,2,20,8
2023-07-13,2,20,5
2023-07-14,2,20,6
2023-07-15,2,20,4
2023-07-16,2,20,6
2023-07-17,2,20,6
2023-07-18,2,20,8
2023-07-19,2,20,8
2023-07-20,2,20,4
2023-07-21,2,20,4
2023-07-22,2,20,11
2023-07-23,2,20,2
2023-07-24,2,20,4
2023-07-25,2,20,5
2023-07-26,2,20,5
2023-07-27,2,20,8
2023-07-28,2,20,7
2023-07-29,2,20,8
2023-07-30,2,20,6
2023-07-31,2,20,5
2023-08-01,2,20,7
2023-08-02,2,20,5
2023-08-03,2,20,3
2023-08-04,2,20,6
2023-08-05,2,20,6
2023-08-06,2,20,9
2023-08-07,2,20,4
2023-08-08,2,20,7
2023-08-09,2,20,6
2023-08-10,2,20,3
2023-08-11,2,20,6
2023-08-12,2,20,8
2023-08-13,2,20,7
2023-08-14,2,20,6
2023-08-15,2,20,7
2023-08-16,2,20,3
2023-08-17,2,20,6
2023-08-18,2,20,8
2023-08-19,2,20,9
2023-08-20,2,20,8
2023-08-21,2,20,9
2023-08-22,2,20,7
2023-08-23,2,20,8
2023-08-24,2,20,6
2023-08-25,2,20,8
2023-08-26,2,20,7
2023-08-27,2,20,7
2023-08-28,2,20,7
2023-08-29,2,20,7
2023-08-30,2,20,5
2023-08-31,2,20,7
2023-09-01,2,20,7
2023-09-02,2,20,8
2023-09-03,2,20,11
2023-09-04,2,20,4
2023-09-05,2,20,2
2023-09-06,2,20,4
2023-09-07,2,20,5
2023-09-08,2,20,8
2023-09-09,2,20,9
2023-09-10,2,20,9
2023-09-11,2,20,8
2023-09-12,2,20,3
2023-09-13,2,20,5
2023-09-14,2,20,6
2023-09-15,2,20,4
2023-09-16,2,20,11
2023-09-17,2,20,7
2023-09-18,2,20,6
2023-09-19,2,20,7
2023-09-20,2,20,6
2023-09-21,2,20,5
2023-09-22,2,20,7
2023-09-23,2,20,7
2023-09-24,2,20,7
2023-09-25,2,20,6
2023-09-26,2,20,5
2023-09-27,2,20,4
2023-09-28,2,20,5
2023-09-29,2,20,8
2023-09-30,2,20,8
2023-10-01,2,20,7
2023-10-02,2,20,4
2023-10-03,2,20,5
2023-10-04,2,20,6
2023-10-05,2,20,7
2023-10-06,2,20,6
2023-10-07,2,20,8
2023-10-08,2,20,6
2023-10-09,2,20,6
2023-10-10,2,20,7
2023-10-11,2,20,2
2023-10-12,2,20,8
2023-10-13,2,20,5
2023-10-14,2,20,9
2023-10-15,2,20,8
2023-10-16,2,20,4
2023-10-17,2,20,3
2023-10-18,2,20,7
2023-10-19,2,20,7
2023-10-20,2,20,7
2023-10-21,2,20,9
2023-10-22,2,20,8
2023-10-23,2,20,4
2023-10-24,2,20,6
2023-10-25,2,20,6
2023-10-26,2,20,7
2023-10-27,2,20,7
2023-10-28,2,20,5
2023-10-29,2,20,6
2023-10-30,2,20,7
2023-10-31,2,20,4
2023-11-01,2,20,4
2023-11-02,2,20,5
2023-11-03,2,20,5
2023-11-04,2,20,7
2023-11-05,2,20,8
2023-11-06,2,20,4
2023-11-07,2,20,7
2023-11-08,2,20,6
2023-11-09,2,20,6
2023-11-10,2,20,6
2023-11-11,2,20,9
2023-11-12,2,20,8
2023-11-13,2,20,4
2023-11-14,2,20,9
2023-11-15,2,20,7
2023-11-16,2,20,6
2023-11-17,2,20,7
2023-11-18,2,20,10
2023-11-19,2,20,6
2023-11-20,2,20,5
2023-11-21,2,20,5
2023-11-22,2,20,6
2023-11-23,2,20,4
2023-11-24,2,20,3
2023-11-25,2,20,8
2023-11-26,2,20,6
2023-11-27,2,20,6
2023-11-28,2,20,7
2023-11-29,2,20,6
2023-11-30,2,20,5
2023-12-01,2,20,7
2023-12-02,2,20,11
2023-12-03,2,20,6
2023-12-04,2,20,7
2023-12-05,2,20,8
2023-12-06,2,20,6
2023-12-07,2,20,7
2023-12-08,2,20,9
2023-12-09,2,20,11
2023-12-10,2,20,11
2023-12-11,2,20,7
2023-12-12,2,20,5
2023-12-13,2,20,6
2023-12-14,2,20,7
2023-12-15,2,20,12
2023-12-16,2,20,6
2023-12-17,2,20,9
2023-12-18,2,20,5
2023-12-19,2,20,6
2023-12-20,2,20,3
2023-12-21,2,20,9
2023-12-22,2,20,9
2023-12-23,2,20,8
2023-12-24,2,20,11
2023-12-25,2,20,3
2023-12-26,2,20,9
2023-12-27,2,20,8
2023-12-28,2,20,5
2023-12-29,2,20,8
2023-12-30,2,20,10
2023-12-31,2,20,9
